
===========================================================================
report_checks -path_delay min (Hold)
============================================================================
======================= Typical Corner ===================================

Startpoint: _2100_ (rising edge-triggered flip-flop clocked by clk)
Endpoint: _2100_ (rising edge-triggered flip-flop clocked by clk)
Path Group: clk
Path Type: min

Fanout     Cap    Slew   Delay    Time   Description
-----------------------------------------------------------------------------
                  0.15    0.00    0.00   clock clk (rise edge)
                          0.00    0.00   clock network delay (ideal)
                  0.15    0.00    0.00 ^ _2100_/CLK (sky130_fd_sc_hd__dfxtp_1)
                  0.05    0.33    0.33 v _2100_/Q (sky130_fd_sc_hd__dfxtp_1)
     4    0.01                           rst_cnt[0] (net)
                  0.05    0.00    0.33 v _1586_/A (sky130_fd_sc_hd__nand2_1)
                  0.05    0.06    0.40 ^ _1586_/Y (sky130_fd_sc_hd__nand2_1)
     2    0.00                           _0180_ (net)
                  0.05    0.00    0.40 ^ _2100_/D (sky130_fd_sc_hd__dfxtp_1)
                                  0.40   data arrival time

                  0.15    0.00    0.00   clock clk (rise edge)
                          0.00    0.00   clock network delay (ideal)
                          0.25    0.25   clock uncertainty
                          0.00    0.25   clock reconvergence pessimism
                                  0.25 ^ _2100_/CLK (sky130_fd_sc_hd__dfxtp_1)
                         -0.02    0.23   library hold time
                                  0.23   data required time
-----------------------------------------------------------------------------
                                  0.23   data required time
                                 -0.40   data arrival time
-----------------------------------------------------------------------------
                                  0.16   slack (MET)


Startpoint: _2134_ (rising edge-triggered flip-flop clocked by clk)
Endpoint: _2134_ (rising edge-triggered flip-flop clocked by clk)
Path Group: clk
Path Type: min

Fanout     Cap    Slew   Delay    Time   Description
-----------------------------------------------------------------------------
                  0.15    0.00    0.00   clock clk (rise edge)
                          0.00    0.00   clock network delay (ideal)
                  0.15    0.00    0.00 ^ _2134_/CLK (sky130_fd_sc_hd__dfxtp_1)
                  0.03    0.32    0.32 v _2134_/Q (sky130_fd_sc_hd__dfxtp_1)
     2    0.00                           uart_rx_jetson_inst.prescale_reg[6] (net)
                  0.03    0.00    0.32 v _1709_/A (sky130_fd_sc_hd__nand2_1)
                  0.04    0.04    0.36 ^ _1709_/Y (sky130_fd_sc_hd__nand2_1)
     1    0.00                           _0534_ (net)
                  0.04    0.00    0.36 ^ _1712_/A2 (sky130_fd_sc_hd__a21oi_1)
                  0.04    0.05    0.41 v _1712_/Y (sky130_fd_sc_hd__a21oi_1)
     1    0.00                           _0214_ (net)
                  0.04    0.00    0.41 v _2134_/D (sky130_fd_sc_hd__dfxtp_1)
                                  0.41   data arrival time

                  0.15    0.00    0.00   clock clk (rise edge)
                          0.00    0.00   clock network delay (ideal)
                          0.25    0.25   clock uncertainty
                          0.00    0.25   clock reconvergence pessimism
                                  0.25 ^ _2134_/CLK (sky130_fd_sc_hd__dfxtp_1)
                         -0.03    0.22   library hold time
                                  0.22   data required time
-----------------------------------------------------------------------------
                                  0.22   data required time
                                 -0.41   data arrival time
-----------------------------------------------------------------------------
                                  0.19   slack (MET)


Startpoint: _2201_ (rising edge-triggered flip-flop clocked by clk)
Endpoint: _2201_ (rising edge-triggered flip-flop clocked by clk)
Path Group: clk
Path Type: min

Fanout     Cap    Slew   Delay    Time   Description
-----------------------------------------------------------------------------
                  0.15    0.00    0.00   clock clk (rise edge)
                          0.00    0.00   clock network delay (ideal)
                  0.15    0.00    0.00 ^ _2201_/CLK (sky130_fd_sc_hd__dfxtp_1)
                  0.03    0.32    0.32 v _2201_/Q (sky130_fd_sc_hd__dfxtp_1)
     2    0.00                           uart_tx_raspi_inst.prescale_reg[15] (net)
                  0.03    0.00    0.32 v _1865_/A (sky130_fd_sc_hd__nand2_1)
                  0.04    0.05    0.36 ^ _1865_/Y (sky130_fd_sc_hd__nand2_1)
     1    0.00                           _0623_ (net)
                  0.04    0.00    0.36 ^ _1866_/A2 (sky130_fd_sc_hd__a21oi_1)
                  0.03    0.05    0.41 v _1866_/Y (sky130_fd_sc_hd__a21oi_1)
     1    0.00                           _0281_ (net)
                  0.03    0.00    0.41 v _2201_/D (sky130_fd_sc_hd__dfxtp_1)
                                  0.41   data arrival time

                  0.15    0.00    0.00   clock clk (rise edge)
                          0.00    0.00   clock network delay (ideal)
                          0.25    0.25   clock uncertainty
                          0.00    0.25   clock reconvergence pessimism
                                  0.25 ^ _2201_/CLK (sky130_fd_sc_hd__dfxtp_1)
                         -0.03    0.22   library hold time
                                  0.22   data required time
-----------------------------------------------------------------------------
                                  0.22   data required time
                                 -0.41   data arrival time
-----------------------------------------------------------------------------
                                  0.19   slack (MET)


Startpoint: _2059_ (rising edge-triggered flip-flop clocked by clk)
Endpoint: _2059_ (rising edge-triggered flip-flop clocked by clk)
Path Group: clk
Path Type: min

Fanout     Cap    Slew   Delay    Time   Description
-----------------------------------------------------------------------------
                  0.15    0.00    0.00   clock clk (rise edge)
                          0.00    0.00   clock network delay (ideal)
                  0.15    0.00    0.00 ^ _2059_/CLK (sky130_fd_sc_hd__dfxtp_1)
                  0.03    0.32    0.32 v _2059_/Q (sky130_fd_sc_hd__dfxtp_1)
     2    0.00                           uart_rx_raspi_inst.prescale_reg[6] (net)
                  0.03    0.00    0.32 v _1443_/A (sky130_fd_sc_hd__nand2_1)
                  0.04    0.05    0.36 ^ _1443_/Y (sky130_fd_sc_hd__nand2_1)
     1    0.00                           _0343_ (net)
                  0.04    0.00    0.37 ^ _1446_/A2 (sky130_fd_sc_hd__a21oi_1)
                  0.03    0.05    0.41 v _1446_/Y (sky130_fd_sc_hd__a21oi_1)
     1    0.00                           _0139_ (net)
                  0.03    0.00    0.41 v _2059_/D (sky130_fd_sc_hd__dfxtp_1)
                                  0.41   data arrival time

                  0.15    0.00    0.00   clock clk (rise edge)
                          0.00    0.00   clock network delay (ideal)
                          0.25    0.25   clock uncertainty
                          0.00    0.25   clock reconvergence pessimism
                                  0.25 ^ _2059_/CLK (sky130_fd_sc_hd__dfxtp_1)
                         -0.03    0.22   library hold time
                                  0.22   data required time
-----------------------------------------------------------------------------
                                  0.22   data required time
                                 -0.41   data arrival time
-----------------------------------------------------------------------------
                                  0.19   slack (MET)


Startpoint: _2060_ (rising edge-triggered flip-flop clocked by clk)
Endpoint: _2060_ (rising edge-triggered flip-flop clocked by clk)
Path Group: clk
Path Type: min

Fanout     Cap    Slew   Delay    Time   Description
-----------------------------------------------------------------------------
                  0.15    0.00    0.00   clock clk (rise edge)
                          0.00    0.00   clock network delay (ideal)
                  0.15    0.00    0.00 ^ _2060_/CLK (sky130_fd_sc_hd__dfxtp_1)
                  0.04    0.32    0.32 v _2060_/Q (sky130_fd_sc_hd__dfxtp_1)
     3    0.01                           uart_rx_raspi_inst.prescale_reg[7] (net)
                  0.04    0.00    0.32 v _1448_/A (sky130_fd_sc_hd__nand2_1)
                  0.04    0.05    0.37 ^ _1448_/Y (sky130_fd_sc_hd__nand2_1)
     1    0.00                           _0347_ (net)
                  0.04    0.00    0.37 ^ _1449_/A2 (sky130_fd_sc_hd__a21oi_1)
                  0.03    0.05    0.42 v _1449_/Y (sky130_fd_sc_hd__a21oi_1)
     1    0.00                           _0140_ (net)
                  0.03    0.00    0.42 v _2060_/D (sky130_fd_sc_hd__dfxtp_1)
                                  0.42   data arrival time

                  0.15    0.00    0.00   clock clk (rise edge)
                          0.00    0.00   clock network delay (ideal)
                          0.25    0.25   clock uncertainty
                          0.00    0.25   clock reconvergence pessimism
                                  0.25 ^ _2060_/CLK (sky130_fd_sc_hd__dfxtp_1)
                         -0.03    0.22   library hold time
                                  0.22   data required time
-----------------------------------------------------------------------------
                                  0.22   data required time
                                 -0.42   data arrival time
-----------------------------------------------------------------------------
                                  0.19   slack (MET)


Startpoint: _2061_ (rising edge-triggered flip-flop clocked by clk)
Endpoint: _2061_ (rising edge-triggered flip-flop clocked by clk)
Path Group: clk
Path Type: min

Fanout     Cap    Slew   Delay    Time   Description
-----------------------------------------------------------------------------
                  0.15    0.00    0.00   clock clk (rise edge)
                          0.00    0.00   clock network delay (ideal)
                  0.15    0.00    0.00 ^ _2061_/CLK (sky130_fd_sc_hd__dfxtp_1)
                  0.04    0.32    0.32 v _2061_/Q (sky130_fd_sc_hd__dfxtp_1)
     3    0.01                           uart_rx_raspi_inst.prescale_reg[8] (net)
                  0.04    0.00    0.32 v _1452_/A (sky130_fd_sc_hd__nand2_1)
                  0.04    0.05    0.37 ^ _1452_/Y (sky130_fd_sc_hd__nand2_1)
     1    0.00                           _0350_ (net)
                  0.04    0.00    0.37 ^ _1453_/A2 (sky130_fd_sc_hd__a21oi_1)
                  0.03    0.05    0.42 v _1453_/Y (sky130_fd_sc_hd__a21oi_1)
     1    0.00                           _0141_ (net)
                  0.03    0.00    0.42 v _2061_/D (sky130_fd_sc_hd__dfxtp_1)
                                  0.42   data arrival time

                  0.15    0.00    0.00   clock clk (rise edge)
                          0.00    0.00   clock network delay (ideal)
                          0.25    0.25   clock uncertainty
                          0.00    0.25   clock reconvergence pessimism
                                  0.25 ^ _2061_/CLK (sky130_fd_sc_hd__dfxtp_1)
                         -0.03    0.22   library hold time
                                  0.22   data required time
-----------------------------------------------------------------------------
                                  0.22   data required time
                                 -0.42   data arrival time
-----------------------------------------------------------------------------
                                  0.19   slack (MET)


Startpoint: _2090_ (rising edge-triggered flip-flop clocked by clk)
Endpoint: _2090_ (rising edge-triggered flip-flop clocked by clk)
Path Group: clk
Path Type: min

Fanout     Cap    Slew   Delay    Time   Description
-----------------------------------------------------------------------------
                  0.15    0.00    0.00   clock clk (rise edge)
                          0.00    0.00   clock network delay (ideal)
                  0.15    0.00    0.00 ^ _2090_/CLK (sky130_fd_sc_hd__dfxtp_1)
                  0.04    0.32    0.32 v _2090_/Q (sky130_fd_sc_hd__dfxtp_1)
     3    0.01                           uart_tx_jetson_inst.prescale_reg[13] (net)
                  0.04    0.00    0.32 v _1557_/A (sky130_fd_sc_hd__nand2_1)
                  0.04    0.05    0.37 ^ _1557_/Y (sky130_fd_sc_hd__nand2_1)
     1    0.00                           _0426_ (net)
                  0.04    0.00    0.37 ^ _1559_/A1 (sky130_fd_sc_hd__a21oi_1)
                  0.04    0.04    0.42 v _1559_/Y (sky130_fd_sc_hd__a21oi_1)
     1    0.00                           _0170_ (net)
                  0.04    0.00    0.42 v _2090_/D (sky130_fd_sc_hd__dfxtp_1)
                                  0.42   data arrival time

                  0.15    0.00    0.00   clock clk (rise edge)
                          0.00    0.00   clock network delay (ideal)
                          0.25    0.25   clock uncertainty
                          0.00    0.25   clock reconvergence pessimism
                                  0.25 ^ _2090_/CLK (sky130_fd_sc_hd__dfxtp_1)
                         -0.03    0.22   library hold time
                                  0.22   data required time
-----------------------------------------------------------------------------
                                  0.22   data required time
                                 -0.42   data arrival time
-----------------------------------------------------------------------------
                                  0.19   slack (MET)


Startpoint: _2136_ (rising edge-triggered flip-flop clocked by clk)
Endpoint: _2136_ (rising edge-triggered flip-flop clocked by clk)
Path Group: clk
Path Type: min

Fanout     Cap    Slew   Delay    Time   Description
-----------------------------------------------------------------------------
                  0.15    0.00    0.00   clock clk (rise edge)
                          0.00    0.00   clock network delay (ideal)
                  0.15    0.00    0.00 ^ _2136_/CLK (sky130_fd_sc_hd__dfxtp_1)
                  0.04    0.32    0.32 v _2136_/Q (sky130_fd_sc_hd__dfxtp_1)
     3    0.01                           uart_rx_jetson_inst.prescale_reg[8] (net)
                  0.04    0.00    0.32 v _1718_/A (sky130_fd_sc_hd__nand2_1)
                  0.04    0.05    0.37 ^ _1718_/Y (sky130_fd_sc_hd__nand2_1)
     1    0.00                           _0541_ (net)
                  0.04    0.00    0.37 ^ _1719_/A2 (sky130_fd_sc_hd__a21oi_1)
                  0.04    0.05    0.42 v _1719_/Y (sky130_fd_sc_hd__a21oi_1)
     1    0.00                           _0216_ (net)
                  0.04    0.00    0.42 v _2136_/D (sky130_fd_sc_hd__dfxtp_1)
                                  0.42   data arrival time

                  0.15    0.00    0.00   clock clk (rise edge)
                          0.00    0.00   clock network delay (ideal)
                          0.25    0.25   clock uncertainty
                          0.00    0.25   clock reconvergence pessimism
                                  0.25 ^ _2136_/CLK (sky130_fd_sc_hd__dfxtp_1)
                         -0.03    0.22   library hold time
                                  0.22   data required time
-----------------------------------------------------------------------------
                                  0.22   data required time
                                 -0.42   data arrival time
-----------------------------------------------------------------------------
                                  0.20   slack (MET)


Startpoint: _2135_ (rising edge-triggered flip-flop clocked by clk)
Endpoint: _2135_ (rising edge-triggered flip-flop clocked by clk)
Path Group: clk
Path Type: min

Fanout     Cap    Slew   Delay    Time   Description
-----------------------------------------------------------------------------
                  0.15    0.00    0.00   clock clk (rise edge)
                          0.00    0.00   clock network delay (ideal)
                  0.15    0.00    0.00 ^ _2135_/CLK (sky130_fd_sc_hd__dfxtp_1)
                  0.04    0.33    0.33 v _2135_/Q (sky130_fd_sc_hd__dfxtp_1)
     3    0.01                           uart_rx_jetson_inst.prescale_reg[7] (net)
                  0.04    0.00    0.33 v _1714_/A (sky130_fd_sc_hd__nand2_1)
                  0.04    0.05    0.37 ^ _1714_/Y (sky130_fd_sc_hd__nand2_1)
     1    0.00                           _0538_ (net)
                  0.04    0.00    0.37 ^ _1715_/A2 (sky130_fd_sc_hd__a21oi_1)
                  0.04    0.05    0.42 v _1715_/Y (sky130_fd_sc_hd__a21oi_1)
     1    0.00                           _0215_ (net)
                  0.04    0.00    0.42 v _2135_/D (sky130_fd_sc_hd__dfxtp_1)
                                  0.42   data arrival time

                  0.15    0.00    0.00   clock clk (rise edge)
                          0.00    0.00   clock network delay (ideal)
                          0.25    0.25   clock uncertainty
                          0.00    0.25   clock reconvergence pessimism
                                  0.25 ^ _2135_/CLK (sky130_fd_sc_hd__dfxtp_1)
                         -0.03    0.22   library hold time
                                  0.22   data required time
-----------------------------------------------------------------------------
                                  0.22   data required time
                                 -0.42   data arrival time
-----------------------------------------------------------------------------
                                  0.20   slack (MET)


Startpoint: _2176_ (rising edge-triggered flip-flop clocked by clk)
Endpoint: _2176_ (rising edge-triggered flip-flop clocked by clk)
Path Group: clk
Path Type: min

Fanout     Cap    Slew   Delay    Time   Description
-----------------------------------------------------------------------------
                  0.15    0.00    0.00   clock clk (rise edge)
                          0.00    0.00   clock network delay (ideal)
                  0.15    0.00    0.00 ^ _2176_/CLK (sky130_fd_sc_hd__dfxtp_1)
                  0.05    0.33    0.33 v _2176_/Q (sky130_fd_sc_hd__dfxtp_1)
     2    0.01                           uart_tx_raspi_inst.s_axis_tready_reg (net)
                  0.05    0.00    0.33 v _1777_/A (sky130_fd_sc_hd__inv_2)
                  0.03    0.05    0.38 ^ _1777_/Y (sky130_fd_sc_hd__inv_2)
     2    0.01                           _0562_ (net)
                  0.03    0.00    0.38 ^ _1786_/A1 (sky130_fd_sc_hd__a211oi_1)
                  0.03    0.05    0.42 v _1786_/Y (sky130_fd_sc_hd__a211oi_1)
     1    0.00                           _0256_ (net)
                  0.03    0.00    0.42 v _2176_/D (sky130_fd_sc_hd__dfxtp_1)
                                  0.42   data arrival time

                  0.15    0.00    0.00   clock clk (rise edge)
                          0.00    0.00   clock network delay (ideal)
                          0.25    0.25   clock uncertainty
                          0.00    0.25   clock reconvergence pessimism
                                  0.25 ^ _2176_/CLK (sky130_fd_sc_hd__dfxtp_1)
                         -0.02    0.23   library hold time
                                  0.23   data required time
-----------------------------------------------------------------------------
                                  0.23   data required time
                                 -0.42   data arrival time
-----------------------------------------------------------------------------
                                  0.20   slack (MET)


Startpoint: _2106_ (rising edge-triggered flip-flop clocked by clk)
Endpoint: _2106_ (rising edge-triggered flip-flop clocked by clk)
Path Group: clk
Path Type: min

Fanout     Cap    Slew   Delay    Time   Description
-----------------------------------------------------------------------------
                  0.15    0.00    0.00   clock clk (rise edge)
                          0.00    0.00   clock network delay (ideal)
                  0.15    0.00    0.00 ^ _2106_/CLK (sky130_fd_sc_hd__dfxtp_1)
                  0.05    0.33    0.33 ^ _2106_/Q (sky130_fd_sc_hd__dfxtp_1)
     2    0.00                           rst_cnt[6] (net)
                  0.05    0.00    0.33 ^ _1598_/A1 (sky130_fd_sc_hd__o21a_1)
                  0.03    0.10    0.43 ^ _1598_/X (sky130_fd_sc_hd__o21a_1)
     1    0.00                           _0186_ (net)
                  0.03    0.00    0.43 ^ _2106_/D (sky130_fd_sc_hd__dfxtp_1)
                                  0.43   data arrival time

                  0.15    0.00    0.00   clock clk (rise edge)
                          0.00    0.00   clock network delay (ideal)
                          0.25    0.25   clock uncertainty
                          0.00    0.25   clock reconvergence pessimism
                                  0.25 ^ _2106_/CLK (sky130_fd_sc_hd__dfxtp_1)
                         -0.01    0.24   library hold time
                                  0.24   data required time
-----------------------------------------------------------------------------
                                  0.24   data required time
                                 -0.43   data arrival time
-----------------------------------------------------------------------------
                                  0.20   slack (MET)


Startpoint: _2094_ (rising edge-triggered flip-flop clocked by clk)
Endpoint: _2094_ (rising edge-triggered flip-flop clocked by clk)
Path Group: clk
Path Type: min

Fanout     Cap    Slew   Delay    Time   Description
-----------------------------------------------------------------------------
                  0.15    0.00    0.00   clock clk (rise edge)
                          0.00    0.00   clock network delay (ideal)
                  0.15    0.00    0.00 ^ _2094_/CLK (sky130_fd_sc_hd__dfxtp_1)
                  0.04    0.33    0.33 v _2094_/Q (sky130_fd_sc_hd__dfxtp_1)
     3    0.01                           uart_tx_jetson_inst.prescale_reg[17] (net)
                  0.04    0.00    0.33 v _1569_/A (sky130_fd_sc_hd__nand2_1)
                  0.04    0.05    0.38 ^ _1569_/Y (sky130_fd_sc_hd__nand2_1)
     1    0.00                           _0434_ (net)
                  0.04    0.00    0.38 ^ _1570_/A2 (sky130_fd_sc_hd__a21oi_1)
                  0.03    0.05    0.42 v _1570_/Y (sky130_fd_sc_hd__a21oi_1)
     1    0.00                           _0174_ (net)
                  0.03    0.00    0.42 v _2094_/D (sky130_fd_sc_hd__dfxtp_1)
                                  0.42   data arrival time

                  0.15    0.00    0.00   clock clk (rise edge)
                          0.00    0.00   clock network delay (ideal)
                          0.25    0.25   clock uncertainty
                          0.00    0.25   clock reconvergence pessimism
                                  0.25 ^ _2094_/CLK (sky130_fd_sc_hd__dfxtp_1)
                         -0.03    0.22   library hold time
                                  0.22   data required time
-----------------------------------------------------------------------------
                                  0.22   data required time
                                 -0.42   data arrival time
-----------------------------------------------------------------------------
                                  0.20   slack (MET)


Startpoint: _2206_ (rising edge-triggered flip-flop clocked by clk)
Endpoint: _2206_ (rising edge-triggered flip-flop clocked by clk)
Path Group: clk
Path Type: min

Fanout     Cap    Slew   Delay    Time   Description
-----------------------------------------------------------------------------
                  0.15    0.00    0.00   clock clk (rise edge)
                          0.00    0.00   clock network delay (ideal)
                  0.15    0.00    0.00 ^ _2206_/CLK (sky130_fd_sc_hd__dfxtp_1)
                  0.05    0.33    0.33 v _2206_/Q (sky130_fd_sc_hd__dfxtp_1)
     4    0.01                           uart_tx_raspi_inst.bit_cnt[1] (net)
                  0.05    0.00    0.33 v _1877_/A (sky130_fd_sc_hd__nand2_1)
                  0.04    0.05    0.38 ^ _1877_/Y (sky130_fd_sc_hd__nand2_1)
     1    0.00                           _0630_ (net)
                  0.04    0.00    0.38 ^ _1880_/A1 (sky130_fd_sc_hd__a21oi_1)
                  0.04    0.05    0.43 v _1880_/Y (sky130_fd_sc_hd__a21oi_1)
     1    0.00                           _0286_ (net)
                  0.04    0.00    0.43 v _2206_/D (sky130_fd_sc_hd__dfxtp_1)
                                  0.43   data arrival time

                  0.15    0.00    0.00   clock clk (rise edge)
                          0.00    0.00   clock network delay (ideal)
                          0.25    0.25   clock uncertainty
                          0.00    0.25   clock reconvergence pessimism
                                  0.25 ^ _2206_/CLK (sky130_fd_sc_hd__dfxtp_1)
                         -0.03    0.22   library hold time
                                  0.22   data required time
-----------------------------------------------------------------------------
                                  0.22   data required time
                                 -0.43   data arrival time
-----------------------------------------------------------------------------
                                  0.21   slack (MET)


Startpoint: _2097_ (rising edge-triggered flip-flop clocked by clk)
Endpoint: _2097_ (rising edge-triggered flip-flop clocked by clk)
Path Group: clk
Path Type: min

Fanout     Cap    Slew   Delay    Time   Description
-----------------------------------------------------------------------------
                  0.15    0.00    0.00   clock clk (rise edge)
                          0.00    0.00   clock network delay (ideal)
                  0.15    0.00    0.00 ^ _2097_/CLK (sky130_fd_sc_hd__dfxtp_1)
                  0.05    0.33    0.33 v _2097_/Q (sky130_fd_sc_hd__dfxtp_1)
     4    0.01                           uart_tx_jetson_inst.bit_cnt[1] (net)
                  0.05    0.00    0.33 v _1576_/A (sky130_fd_sc_hd__nand2_1)
                  0.04    0.05    0.38 ^ _1576_/Y (sky130_fd_sc_hd__nand2_1)
     1    0.00                           _0438_ (net)
                  0.04    0.00    0.38 ^ _1579_/A1 (sky130_fd_sc_hd__a21oi_1)
                  0.04    0.05    0.43 v _1579_/Y (sky130_fd_sc_hd__a21oi_1)
     1    0.00                           _0177_ (net)
                  0.04    0.00    0.43 v _2097_/D (sky130_fd_sc_hd__dfxtp_1)
                                  0.43   data arrival time

                  0.15    0.00    0.00   clock clk (rise edge)
                          0.00    0.00   clock network delay (ideal)
                          0.25    0.25   clock uncertainty
                          0.00    0.25   clock reconvergence pessimism
                                  0.25 ^ _2097_/CLK (sky130_fd_sc_hd__dfxtp_1)
                         -0.03    0.22   library hold time
                                  0.22   data required time
-----------------------------------------------------------------------------
                                  0.22   data required time
                                 -0.43   data arrival time
-----------------------------------------------------------------------------
                                  0.21   slack (MET)


Startpoint: _2098_ (rising edge-triggered flip-flop clocked by clk)
Endpoint: _2098_ (rising edge-triggered flip-flop clocked by clk)
Path Group: clk
Path Type: min

Fanout     Cap    Slew   Delay    Time   Description
-----------------------------------------------------------------------------
                  0.15    0.00    0.00   clock clk (rise edge)
                          0.00    0.00   clock network delay (ideal)
                  0.15    0.00    0.00 ^ _2098_/CLK (sky130_fd_sc_hd__dfxtp_1)
                  0.07    0.35    0.35 v _2098_/Q (sky130_fd_sc_hd__dfxtp_1)
     5    0.01                           uart_tx_jetson_inst.bit_cnt[2] (net)
                  0.07    0.00    0.35 v _1580_/A (sky130_fd_sc_hd__inv_2)
                  0.03    0.05    0.39 ^ _1580_/Y (sky130_fd_sc_hd__inv_2)
     1    0.00                           _0441_ (net)
                  0.03    0.00    0.39 ^ _1582_/A1 (sky130_fd_sc_hd__a21oi_1)
                  0.02    0.04    0.44 v _1582_/Y (sky130_fd_sc_hd__a21oi_1)
     1    0.00                           _0178_ (net)
                  0.02    0.00    0.44 v _2098_/D (sky130_fd_sc_hd__dfxtp_1)
                                  0.44   data arrival time

                  0.15    0.00    0.00   clock clk (rise edge)
                          0.00    0.00   clock network delay (ideal)
                          0.25    0.25   clock uncertainty
                          0.00    0.25   clock reconvergence pessimism
                                  0.25 ^ _2098_/CLK (sky130_fd_sc_hd__dfxtp_1)
                         -0.02    0.23   library hold time
                                  0.23   data required time
-----------------------------------------------------------------------------
                                  0.23   data required time
                                 -0.44   data arrival time
-----------------------------------------------------------------------------
                                  0.21   slack (MET)


Startpoint: _2143_ (rising edge-triggered flip-flop clocked by clk)
Endpoint: _2143_ (rising edge-triggered flip-flop clocked by clk)
Path Group: clk
Path Type: min

Fanout     Cap    Slew   Delay    Time   Description
-----------------------------------------------------------------------------
                  0.15    0.00    0.00   clock clk (rise edge)
                          0.00    0.00   clock network delay (ideal)
                  0.15    0.00    0.00 ^ _2143_/CLK (sky130_fd_sc_hd__dfxtp_1)
                  0.03    0.32    0.32 v _2143_/Q (sky130_fd_sc_hd__dfxtp_1)
     2    0.00                           uart_rx_jetson_inst.prescale_reg[15] (net)
                  0.03    0.00    0.32 v _1737_/B1 (sky130_fd_sc_hd__o21ai_1)
                  0.07    0.06    0.37 ^ _1737_/Y (sky130_fd_sc_hd__o21ai_1)
     1    0.00                           _0553_ (net)
                  0.07    0.00    0.37 ^ _1738_/A2 (sky130_fd_sc_hd__a21oi_1)
                  0.04    0.06    0.43 v _1738_/Y (sky130_fd_sc_hd__a21oi_1)
     1    0.00                           _0223_ (net)
                  0.04    0.00    0.43 v _2143_/D (sky130_fd_sc_hd__dfxtp_1)
                                  0.43   data arrival time

                  0.15    0.00    0.00   clock clk (rise edge)
                          0.00    0.00   clock network delay (ideal)
                          0.25    0.25   clock uncertainty
                          0.00    0.25   clock reconvergence pessimism
                                  0.25 ^ _2143_/CLK (sky130_fd_sc_hd__dfxtp_1)
                         -0.03    0.22   library hold time
                                  0.22   data required time
-----------------------------------------------------------------------------
                                  0.22   data required time
                                 -0.43   data arrival time
-----------------------------------------------------------------------------
                                  0.21   slack (MET)


Startpoint: _2144_ (rising edge-triggered flip-flop clocked by clk)
Endpoint: _2144_ (rising edge-triggered flip-flop clocked by clk)
Path Group: clk
Path Type: min

Fanout     Cap    Slew   Delay    Time   Description
-----------------------------------------------------------------------------
                  0.15    0.00    0.00   clock clk (rise edge)
                          0.00    0.00   clock network delay (ideal)
                  0.15    0.00    0.00 ^ _2144_/CLK (sky130_fd_sc_hd__dfxtp_1)
                  0.05    0.33    0.33 v _2144_/Q (sky130_fd_sc_hd__dfxtp_1)
     4    0.01                           uart_rx_jetson_inst.prescale_reg[16] (net)
                  0.05    0.00    0.33 v _1740_/A (sky130_fd_sc_hd__nand2_1)
                  0.04    0.05    0.38 ^ _1740_/Y (sky130_fd_sc_hd__nand2_1)
     1    0.00                           _0555_ (net)
                  0.04    0.00    0.38 ^ _1741_/A2 (sky130_fd_sc_hd__a21oi_1)
                  0.04    0.05    0.43 v _1741_/Y (sky130_fd_sc_hd__a21oi_1)
     1    0.00                           _0224_ (net)
                  0.04    0.00    0.43 v _2144_/D (sky130_fd_sc_hd__dfxtp_1)
                                  0.43   data arrival time

                  0.15    0.00    0.00   clock clk (rise edge)
                          0.00    0.00   clock network delay (ideal)
                          0.25    0.25   clock uncertainty
                          0.00    0.25   clock reconvergence pessimism
                                  0.25 ^ _2144_/CLK (sky130_fd_sc_hd__dfxtp_1)
                         -0.03    0.22   library hold time
                                  0.22   data required time
-----------------------------------------------------------------------------
                                  0.22   data required time
                                 -0.43   data arrival time
-----------------------------------------------------------------------------
                                  0.21   slack (MET)


Startpoint: _2069_ (rising edge-triggered flip-flop clocked by clk)
Endpoint: _2069_ (rising edge-triggered flip-flop clocked by clk)
Path Group: clk
Path Type: min

Fanout     Cap    Slew   Delay    Time   Description
-----------------------------------------------------------------------------
                  0.15    0.00    0.00   clock clk (rise edge)
                          0.00    0.00   clock network delay (ideal)
                  0.15    0.00    0.00 ^ _2069_/CLK (sky130_fd_sc_hd__dfxtp_1)
                  0.05    0.33    0.33 v _2069_/Q (sky130_fd_sc_hd__dfxtp_1)
     4    0.01                           uart_rx_raspi_inst.prescale_reg[16] (net)
                  0.05    0.00    0.33 v _1474_/A (sky130_fd_sc_hd__nand2_1)
                  0.04    0.05    0.39 ^ _1474_/Y (sky130_fd_sc_hd__nand2_1)
     1    0.00                           _0364_ (net)
                  0.04    0.00    0.39 ^ _1475_/A2 (sky130_fd_sc_hd__a21oi_1)
                  0.03    0.05    0.44 v _1475_/Y (sky130_fd_sc_hd__a21oi_1)
     1    0.00                           _0149_ (net)
                  0.03    0.00    0.44 v _2069_/D (sky130_fd_sc_hd__dfxtp_1)
                                  0.44   data arrival time

                  0.15    0.00    0.00   clock clk (rise edge)
                          0.00    0.00   clock network delay (ideal)
                          0.25    0.25   clock uncertainty
                          0.00    0.25   clock reconvergence pessimism
                                  0.25 ^ _2069_/CLK (sky130_fd_sc_hd__dfxtp_1)
                         -0.03    0.22   library hold time
                                  0.22   data required time
-----------------------------------------------------------------------------
                                  0.22   data required time
                                 -0.44   data arrival time
-----------------------------------------------------------------------------
                                  0.21   slack (MET)


Startpoint: _2244_ (rising edge-triggered flip-flop clocked by clk)
Endpoint: _2244_ (rising edge-triggered flip-flop clocked by clk)
Path Group: clk
Path Type: min

Fanout     Cap    Slew   Delay    Time   Description
-----------------------------------------------------------------------------
                  0.15    0.00    0.00   clock clk (rise edge)
                          0.00    0.00   clock network delay (ideal)
                  0.15    0.00    0.00 ^ _2244_/CLK (sky130_fd_sc_hd__dfrtp_1)
                  0.09    0.37    0.37 ^ _2244_/Q (sky130_fd_sc_hd__dfrtp_1)
     3    0.01                           dual_watchdog_inst.watchdog_fc.rising_edge_timeout.internal_count[7] (net)
                  0.09    0.00    0.37 ^ _1242_/A (sky130_fd_sc_hd__xnor2_1)
                  0.03    0.07    0.44 v _1242_/Y (sky130_fd_sc_hd__xnor2_1)
     1    0.00                           _0054_ (net)
                  0.03    0.00    0.44 v _2244_/D (sky130_fd_sc_hd__dfrtp_1)
                                  0.44   data arrival time

                  0.15    0.00    0.00   clock clk (rise edge)
                          0.00    0.00   clock network delay (ideal)
                          0.25    0.25   clock uncertainty
                          0.00    0.25   clock reconvergence pessimism
                                  0.25 ^ _2244_/CLK (sky130_fd_sc_hd__dfrtp_1)
                         -0.02    0.23   library hold time
                                  0.23   data required time
-----------------------------------------------------------------------------
                                  0.23   data required time
                                 -0.44   data arrival time
-----------------------------------------------------------------------------
                                  0.21   slack (MET)


Startpoint: _2145_ (rising edge-triggered flip-flop clocked by clk)
Endpoint: _2145_ (rising edge-triggered flip-flop clocked by clk)
Path Group: clk
Path Type: min

Fanout     Cap    Slew   Delay    Time   Description
-----------------------------------------------------------------------------
                  0.15    0.00    0.00   clock clk (rise edge)
                          0.00    0.00   clock network delay (ideal)
                  0.15    0.00    0.00 ^ _2145_/CLK (sky130_fd_sc_hd__dfxtp_1)
                  0.03    0.32    0.32 v _2145_/Q (sky130_fd_sc_hd__dfxtp_1)
     2    0.00                           uart_rx_jetson_inst.prescale_reg[17] (net)
                  0.03    0.00    0.32 v _1742_/B1 (sky130_fd_sc_hd__o21ai_1)
                  0.07    0.06    0.38 ^ _1742_/Y (sky130_fd_sc_hd__o21ai_1)
     1    0.00                           _0556_ (net)
                  0.07    0.00    0.38 ^ _1743_/A2 (sky130_fd_sc_hd__a21oi_1)
                  0.04    0.06    0.43 v _1743_/Y (sky130_fd_sc_hd__a21oi_1)
     1    0.00                           _0225_ (net)
                  0.04    0.00    0.43 v _2145_/D (sky130_fd_sc_hd__dfxtp_1)
                                  0.43   data arrival time

                  0.15    0.00    0.00   clock clk (rise edge)
                          0.00    0.00   clock network delay (ideal)
                          0.25    0.25   clock uncertainty
                          0.00    0.25   clock reconvergence pessimism
                                  0.25 ^ _2145_/CLK (sky130_fd_sc_hd__dfxtp_1)
                         -0.03    0.22   library hold time
                                  0.22   data required time
-----------------------------------------------------------------------------
                                  0.22   data required time
                                 -0.43   data arrival time
-----------------------------------------------------------------------------
                                  0.21   slack (MET)


Startpoint: _2246_ (rising edge-triggered flip-flop clocked by clk)
Endpoint: _2246_ (rising edge-triggered flip-flop clocked by clk)
Path Group: clk
Path Type: min

Fanout     Cap    Slew   Delay    Time   Description
-----------------------------------------------------------------------------
                  0.15    0.00    0.00   clock clk (rise edge)
                          0.00    0.00   clock network delay (ideal)
                  0.15    0.00    0.00 ^ _2246_/CLK (sky130_fd_sc_hd__dfrtp_1)
                  0.09    0.37    0.37 ^ _2246_/Q (sky130_fd_sc_hd__dfrtp_1)
     3    0.01                           dual_watchdog_inst.watchdog_fc.rising_edge_timeout.internal_count[9] (net)
                  0.09    0.00    0.37 ^ _1248_/A (sky130_fd_sc_hd__xnor2_1)
                  0.03    0.07    0.44 v _1248_/Y (sky130_fd_sc_hd__xnor2_1)
     1    0.00                           _0056_ (net)
                  0.03    0.00    0.44 v _2246_/D (sky130_fd_sc_hd__dfrtp_1)
                                  0.44   data arrival time

                  0.15    0.00    0.00   clock clk (rise edge)
                          0.00    0.00   clock network delay (ideal)
                          0.25    0.25   clock uncertainty
                          0.00    0.25   clock reconvergence pessimism
                                  0.25 ^ _2246_/CLK (sky130_fd_sc_hd__dfrtp_1)
                         -0.02    0.23   library hold time
                                  0.23   data required time
-----------------------------------------------------------------------------
                                  0.23   data required time
                                 -0.44   data arrival time
-----------------------------------------------------------------------------
                                  0.21   slack (MET)


Startpoint: _2068_ (rising edge-triggered flip-flop clocked by clk)
Endpoint: _2068_ (rising edge-triggered flip-flop clocked by clk)
Path Group: clk
Path Type: min

Fanout     Cap    Slew   Delay    Time   Description
-----------------------------------------------------------------------------
                  0.15    0.00    0.00   clock clk (rise edge)
                          0.00    0.00   clock network delay (ideal)
                  0.15    0.00    0.00 ^ _2068_/CLK (sky130_fd_sc_hd__dfxtp_1)
                  0.03    0.32    0.32 v _2068_/Q (sky130_fd_sc_hd__dfxtp_1)
     2    0.00                           uart_rx_raspi_inst.prescale_reg[15] (net)
                  0.03    0.00    0.32 v _1471_/B1 (sky130_fd_sc_hd__o21ai_1)
                  0.07    0.06    0.38 ^ _1471_/Y (sky130_fd_sc_hd__o21ai_1)
     1    0.00                           _0362_ (net)
                  0.07    0.00    0.38 ^ _1472_/A2 (sky130_fd_sc_hd__a21oi_1)
                  0.04    0.06    0.43 v _1472_/Y (sky130_fd_sc_hd__a21oi_1)
     1    0.00                           _0148_ (net)
                  0.04    0.00    0.43 v _2068_/D (sky130_fd_sc_hd__dfxtp_1)
                                  0.43   data arrival time

                  0.15    0.00    0.00   clock clk (rise edge)
                          0.00    0.00   clock network delay (ideal)
                          0.25    0.25   clock uncertainty
                          0.00    0.25   clock reconvergence pessimism
                                  0.25 ^ _2068_/CLK (sky130_fd_sc_hd__dfxtp_1)
                         -0.03    0.22   library hold time
                                  0.22   data required time
-----------------------------------------------------------------------------
                                  0.22   data required time
                                 -0.43   data arrival time
-----------------------------------------------------------------------------
                                  0.21   slack (MET)


Startpoint: _2070_ (rising edge-triggered flip-flop clocked by clk)
Endpoint: _2070_ (rising edge-triggered flip-flop clocked by clk)
Path Group: clk
Path Type: min

Fanout     Cap    Slew   Delay    Time   Description
-----------------------------------------------------------------------------
                  0.15    0.00    0.00   clock clk (rise edge)
                          0.00    0.00   clock network delay (ideal)
                  0.15    0.00    0.00 ^ _2070_/CLK (sky130_fd_sc_hd__dfxtp_1)
                  0.03    0.32    0.32 v _2070_/Q (sky130_fd_sc_hd__dfxtp_1)
     2    0.00                           uart_rx_raspi_inst.prescale_reg[17] (net)
                  0.03    0.00    0.32 v _1476_/B1 (sky130_fd_sc_hd__o21ai_1)
                  0.08    0.06    0.38 ^ _1476_/Y (sky130_fd_sc_hd__o21ai_1)
     1    0.00                           _0365_ (net)
                  0.08    0.00    0.38 ^ _1477_/A2 (sky130_fd_sc_hd__a21oi_1)
                  0.04    0.06    0.44 v _1477_/Y (sky130_fd_sc_hd__a21oi_1)
     1    0.00                           _0150_ (net)
                  0.04    0.00    0.44 v _2070_/D (sky130_fd_sc_hd__dfxtp_1)
                                  0.44   data arrival time

                  0.15    0.00    0.00   clock clk (rise edge)
                          0.00    0.00   clock network delay (ideal)
                          0.25    0.25   clock uncertainty
                          0.00    0.25   clock reconvergence pessimism
                                  0.25 ^ _2070_/CLK (sky130_fd_sc_hd__dfxtp_1)
                         -0.03    0.22   library hold time
                                  0.22   data required time
-----------------------------------------------------------------------------
                                  0.22   data required time
                                 -0.44   data arrival time
-----------------------------------------------------------------------------
                                  0.21   slack (MET)


Startpoint: _2085_ (rising edge-triggered flip-flop clocked by clk)
Endpoint: _2085_ (rising edge-triggered flip-flop clocked by clk)
Path Group: clk
Path Type: min

Fanout     Cap    Slew   Delay    Time   Description
-----------------------------------------------------------------------------
                  0.15    0.00    0.00   clock clk (rise edge)
                          0.00    0.00   clock network delay (ideal)
                  0.15    0.00    0.00 ^ _2085_/CLK (sky130_fd_sc_hd__dfxtp_1)
                  0.05    0.33    0.33 v _2085_/Q (sky130_fd_sc_hd__dfxtp_1)
     4    0.01                           uart_tx_jetson_inst.prescale_reg[8] (net)
                  0.05    0.00    0.33 v _1542_/A (sky130_fd_sc_hd__nand2_1)
                  0.04    0.05    0.38 ^ _1542_/Y (sky130_fd_sc_hd__nand2_1)
     1    0.00                           _0416_ (net)
                  0.04    0.00    0.38 ^ _1543_/A2 (sky130_fd_sc_hd__a21oi_1)
                  0.04    0.05    0.44 v _1543_/Y (sky130_fd_sc_hd__a21oi_1)
     1    0.00                           _0165_ (net)
                  0.04    0.00    0.44 v _2085_/D (sky130_fd_sc_hd__dfxtp_1)
                                  0.44   data arrival time

                  0.15    0.00    0.00   clock clk (rise edge)
                          0.00    0.00   clock network delay (ideal)
                          0.25    0.25   clock uncertainty
                          0.00    0.25   clock reconvergence pessimism
                                  0.25 ^ _2085_/CLK (sky130_fd_sc_hd__dfxtp_1)
                         -0.03    0.22   library hold time
                                  0.22   data required time
-----------------------------------------------------------------------------
                                  0.22   data required time
                                 -0.44   data arrival time
-----------------------------------------------------------------------------
                                  0.21   slack (MET)


Startpoint: _2216_ (rising edge-triggered flip-flop clocked by clk)
Endpoint: _2216_ (rising edge-triggered flip-flop clocked by clk)
Path Group: clk
Path Type: min

Fanout     Cap    Slew   Delay    Time   Description
-----------------------------------------------------------------------------
                  0.15    0.00    0.00   clock clk (rise edge)
                          0.00    0.00   clock network delay (ideal)
                  0.15    0.00    0.00 ^ _2216_/CLK (sky130_fd_sc_hd__dfrtp_1)
                  0.10    0.38    0.38 ^ _2216_/Q (sky130_fd_sc_hd__dfrtp_1)
     3    0.01                           dual_watchdog_inst.watchdog_fc.falling_edge_timeout.internal_count[7] (net)
                  0.10    0.00    0.38 ^ _1166_/A (sky130_fd_sc_hd__xnor2_1)
                  0.03    0.07    0.45 v _1166_/Y (sky130_fd_sc_hd__xnor2_1)
     1    0.00                           _0027_ (net)
                  0.03    0.00    0.45 v _2216_/D (sky130_fd_sc_hd__dfrtp_1)
                                  0.45   data arrival time

                  0.15    0.00    0.00   clock clk (rise edge)
                          0.00    0.00   clock network delay (ideal)
                          0.25    0.25   clock uncertainty
                          0.00    0.25   clock reconvergence pessimism
                                  0.25 ^ _2216_/CLK (sky130_fd_sc_hd__dfrtp_1)
                         -0.02    0.23   library hold time
                                  0.23   data required time
-----------------------------------------------------------------------------
                                  0.23   data required time
                                 -0.45   data arrival time
-----------------------------------------------------------------------------
                                  0.22   slack (MET)


Startpoint: _2202_ (rising edge-triggered flip-flop clocked by clk)
Endpoint: _2202_ (rising edge-triggered flip-flop clocked by clk)
Path Group: clk
Path Type: min

Fanout     Cap    Slew   Delay    Time   Description
-----------------------------------------------------------------------------
                  0.15    0.00    0.00   clock clk (rise edge)
                          0.00    0.00   clock network delay (ideal)
                  0.15    0.00    0.00 ^ _2202_/CLK (sky130_fd_sc_hd__dfxtp_1)
                  0.06    0.34    0.34 v _2202_/Q (sky130_fd_sc_hd__dfxtp_1)
     5    0.01                           uart_tx_raspi_inst.prescale_reg[16] (net)
                  0.06    0.00    0.34 v _1868_/A (sky130_fd_sc_hd__nand2_1)
                  0.04    0.06    0.40 ^ _1868_/Y (sky130_fd_sc_hd__nand2_1)
     1    0.00                           _0625_ (net)
                  0.04    0.00    0.40 ^ _1869_/A2 (sky130_fd_sc_hd__a21oi_1)
                  0.03    0.05    0.45 v _1869_/Y (sky130_fd_sc_hd__a21oi_1)
     1    0.00                           _0282_ (net)
                  0.03    0.00    0.45 v _2202_/D (sky130_fd_sc_hd__dfxtp_1)
                                  0.45   data arrival time

                  0.15    0.00    0.00   clock clk (rise edge)
                          0.00    0.00   clock network delay (ideal)
                          0.25    0.25   clock uncertainty
                          0.00    0.25   clock reconvergence pessimism
                                  0.25 ^ _2202_/CLK (sky130_fd_sc_hd__dfxtp_1)
                         -0.03    0.22   library hold time
                                  0.22   data required time
-----------------------------------------------------------------------------
                                  0.22   data required time
                                 -0.45   data arrival time
-----------------------------------------------------------------------------
                                  0.22   slack (MET)


Startpoint: _2237_ (rising edge-triggered flip-flop clocked by clk)
Endpoint: _2237_ (rising edge-triggered flip-flop clocked by clk)
Path Group: clk
Path Type: min

Fanout     Cap    Slew   Delay    Time   Description
-----------------------------------------------------------------------------
                  0.15    0.00    0.00   clock clk (rise edge)
                          0.00    0.00   clock network delay (ideal)
                  0.15    0.00    0.00 ^ _2237_/CLK (sky130_fd_sc_hd__dfrtp_2)
                  0.10    0.41    0.41 ^ _2237_/Q (sky130_fd_sc_hd__dfrtp_2)
     6    0.02                           dual_watchdog_inst.watchdog_fc.rising_edge_timeout.internal_count[0] (net)
                  0.10    0.00    0.41 ^ _1225_/A (sky130_fd_sc_hd__nor2_1)
                  0.03    0.05    0.46 v _1225_/Y (sky130_fd_sc_hd__nor2_1)
     1    0.00                           _0030_ (net)
                  0.03    0.00    0.46 v _2237_/D (sky130_fd_sc_hd__dfrtp_2)
                                  0.46   data arrival time

                  0.15    0.00    0.00   clock clk (rise edge)
                          0.00    0.00   clock network delay (ideal)
                          0.25    0.25   clock uncertainty
                          0.00    0.25   clock reconvergence pessimism
                                  0.25 ^ _2237_/CLK (sky130_fd_sc_hd__dfrtp_2)
                         -0.01    0.24   library hold time
                                  0.24   data required time
-----------------------------------------------------------------------------
                                  0.24   data required time
                                 -0.46   data arrival time
-----------------------------------------------------------------------------
                                  0.22   slack (MET)


Startpoint: _2198_ (rising edge-triggered flip-flop clocked by clk)
Endpoint: _2198_ (rising edge-triggered flip-flop clocked by clk)
Path Group: clk
Path Type: min

Fanout     Cap    Slew   Delay    Time   Description
-----------------------------------------------------------------------------
                  0.15    0.00    0.00   clock clk (rise edge)
                          0.00    0.00   clock network delay (ideal)
                  0.15    0.00    0.00 ^ _2198_/CLK (sky130_fd_sc_hd__dfxtp_1)
                  0.04    0.32    0.32 v _2198_/Q (sky130_fd_sc_hd__dfxtp_1)
     3    0.01                           uart_tx_raspi_inst.prescale_reg[12] (net)
                  0.04    0.00    0.32 v _1858_/B1 (sky130_fd_sc_hd__o21ai_1)
                  0.08    0.06    0.39 ^ _1858_/Y (sky130_fd_sc_hd__o21ai_1)
     1    0.00                           _0619_ (net)
                  0.08    0.00    0.39 ^ _1859_/A2 (sky130_fd_sc_hd__a21oi_1)
                  0.04    0.06    0.45 v _1859_/Y (sky130_fd_sc_hd__a21oi_1)
     1    0.00                           _0278_ (net)
                  0.04    0.00    0.45 v _2198_/D (sky130_fd_sc_hd__dfxtp_1)
                                  0.45   data arrival time

                  0.15    0.00    0.00   clock clk (rise edge)
                          0.00    0.00   clock network delay (ideal)
                          0.25    0.25   clock uncertainty
                          0.00    0.25   clock reconvergence pessimism
                                  0.25 ^ _2198_/CLK (sky130_fd_sc_hd__dfxtp_1)
                         -0.03    0.22   library hold time
                                  0.22   data required time
-----------------------------------------------------------------------------
                                  0.22   data required time
                                 -0.45   data arrival time
-----------------------------------------------------------------------------
                                  0.22   slack (MET)


Startpoint: _2187_ (rising edge-triggered flip-flop clocked by clk)
Endpoint: _2187_ (rising edge-triggered flip-flop clocked by clk)
Path Group: clk
Path Type: min

Fanout     Cap    Slew   Delay    Time   Description
-----------------------------------------------------------------------------
                  0.15    0.00    0.00   clock clk (rise edge)
                          0.00    0.00   clock network delay (ideal)
                  0.15    0.00    0.00 ^ _2187_/CLK (sky130_fd_sc_hd__dfxtp_1)
                  0.13    0.38    0.38 ^ _2187_/Q (sky130_fd_sc_hd__dfxtp_1)
     5    0.01                           uart_tx_raspi_inst.prescale_reg[1] (net)
                  0.13    0.00    0.38 ^ _1821_/A1 (sky130_fd_sc_hd__a21oi_1)
                  0.03    0.07    0.45 v _1821_/Y (sky130_fd_sc_hd__a21oi_1)
     1    0.00                           _0267_ (net)
                  0.03    0.00    0.45 v _2187_/D (sky130_fd_sc_hd__dfxtp_1)
                                  0.45   data arrival time

                  0.15    0.00    0.00   clock clk (rise edge)
                          0.00    0.00   clock network delay (ideal)
                          0.25    0.25   clock uncertainty
                          0.00    0.25   clock reconvergence pessimism
                                  0.25 ^ _2187_/CLK (sky130_fd_sc_hd__dfxtp_1)
                         -0.02    0.23   library hold time
                                  0.23   data required time
-----------------------------------------------------------------------------
                                  0.23   data required time
                                 -0.45   data arrival time
-----------------------------------------------------------------------------
                                  0.22   slack (MET)


Startpoint: _2209_ (rising edge-triggered flip-flop clocked by clk)
Endpoint: _2209_ (rising edge-triggered flip-flop clocked by clk)
Path Group: clk
Path Type: min

Fanout     Cap    Slew   Delay    Time   Description
-----------------------------------------------------------------------------
                  0.15    0.00    0.00   clock clk (rise edge)
                          0.00    0.00   clock network delay (ideal)
                  0.15    0.00    0.00 ^ _2209_/CLK (sky130_fd_sc_hd__dfrtp_2)
                  0.10    0.41    0.41 ^ _2209_/Q (sky130_fd_sc_hd__dfrtp_2)
     6    0.02                           dual_watchdog_inst.watchdog_fc.falling_edge_timeout.internal_count[0] (net)
                  0.10    0.00    0.41 ^ _1148_/A (sky130_fd_sc_hd__nor2_1)
                  0.03    0.05    0.46 v _1148_/Y (sky130_fd_sc_hd__nor2_1)
     1    0.00                           _0003_ (net)
                  0.03    0.00    0.46 v _2209_/D (sky130_fd_sc_hd__dfrtp_2)
                                  0.46   data arrival time

                  0.15    0.00    0.00   clock clk (rise edge)
                          0.00    0.00   clock network delay (ideal)
                          0.25    0.25   clock uncertainty
                          0.00    0.25   clock reconvergence pessimism
                                  0.25 ^ _2209_/CLK (sky130_fd_sc_hd__dfrtp_2)
                         -0.01    0.24   library hold time
                                  0.24   data required time
-----------------------------------------------------------------------------
                                  0.24   data required time
                                 -0.46   data arrival time
-----------------------------------------------------------------------------
                                  0.22   slack (MET)


Startpoint: _2086_ (rising edge-triggered flip-flop clocked by clk)
Endpoint: _2086_ (rising edge-triggered flip-flop clocked by clk)
Path Group: clk
Path Type: min

Fanout     Cap    Slew   Delay    Time   Description
-----------------------------------------------------------------------------
                  0.15    0.00    0.00   clock clk (rise edge)
                          0.00    0.00   clock network delay (ideal)
                  0.15    0.00    0.00 ^ _2086_/CLK (sky130_fd_sc_hd__dfxtp_1)
                  0.04    0.32    0.32 v _2086_/Q (sky130_fd_sc_hd__dfxtp_1)
     3    0.01                           uart_tx_jetson_inst.prescale_reg[9] (net)
                  0.04    0.00    0.32 v _1545_/B1 (sky130_fd_sc_hd__o21ai_1)
                  0.07    0.06    0.38 ^ _1545_/Y (sky130_fd_sc_hd__o21ai_1)
     1    0.00                           _0418_ (net)
                  0.07    0.00    0.38 ^ _1546_/A2 (sky130_fd_sc_hd__a21oi_1)
                  0.04    0.06    0.45 v _1546_/Y (sky130_fd_sc_hd__a21oi_1)
     1    0.00                           _0166_ (net)
                  0.04    0.00    0.45 v _2086_/D (sky130_fd_sc_hd__dfxtp_1)
                                  0.45   data arrival time

                  0.15    0.00    0.00   clock clk (rise edge)
                          0.00    0.00   clock network delay (ideal)
                          0.25    0.25   clock uncertainty
                          0.00    0.25   clock reconvergence pessimism
                                  0.25 ^ _2086_/CLK (sky130_fd_sc_hd__dfxtp_1)
                         -0.03    0.22   library hold time
                                  0.22   data required time
-----------------------------------------------------------------------------
                                  0.22   data required time
                                 -0.45   data arrival time
-----------------------------------------------------------------------------
                                  0.22   slack (MET)


Startpoint: _2194_ (rising edge-triggered flip-flop clocked by clk)
Endpoint: _2194_ (rising edge-triggered flip-flop clocked by clk)
Path Group: clk
Path Type: min

Fanout     Cap    Slew   Delay    Time   Description
-----------------------------------------------------------------------------
                  0.15    0.00    0.00   clock clk (rise edge)
                          0.00    0.00   clock network delay (ideal)
                  0.15    0.00    0.00 ^ _2194_/CLK (sky130_fd_sc_hd__dfxtp_1)
                  0.04    0.32    0.32 v _2194_/Q (sky130_fd_sc_hd__dfxtp_1)
     3    0.01                           uart_tx_raspi_inst.prescale_reg[8] (net)
                  0.04    0.00    0.32 v _1846_/B1 (sky130_fd_sc_hd__o21ai_1)
                  0.08    0.06    0.38 ^ _1846_/Y (sky130_fd_sc_hd__o21ai_1)
     1    0.00                           _0611_ (net)
                  0.08    0.00    0.38 ^ _1847_/A2 (sky130_fd_sc_hd__a21oi_1)
                  0.04    0.06    0.45 v _1847_/Y (sky130_fd_sc_hd__a21oi_1)
     1    0.00                           _0274_ (net)
                  0.04    0.00    0.45 v _2194_/D (sky130_fd_sc_hd__dfxtp_1)
                                  0.45   data arrival time

                  0.15    0.00    0.00   clock clk (rise edge)
                          0.00    0.00   clock network delay (ideal)
                          0.25    0.25   clock uncertainty
                          0.00    0.25   clock reconvergence pessimism
                                  0.25 ^ _2194_/CLK (sky130_fd_sc_hd__dfxtp_1)
                         -0.03    0.22   library hold time
                                  0.22   data required time
-----------------------------------------------------------------------------
                                  0.22   data required time
                                 -0.45   data arrival time
-----------------------------------------------------------------------------
                                  0.22   slack (MET)


Startpoint: _2078_ (rising edge-triggered flip-flop clocked by clk)
Endpoint: _2078_ (rising edge-triggered flip-flop clocked by clk)
Path Group: clk
Path Type: min

Fanout     Cap    Slew   Delay    Time   Description
-----------------------------------------------------------------------------
                  0.15    0.00    0.00   clock clk (rise edge)
                          0.00    0.00   clock network delay (ideal)
                  0.15    0.00    0.00 ^ _2078_/CLK (sky130_fd_sc_hd__dfxtp_1)
                  0.13    0.38    0.38 ^ _2078_/Q (sky130_fd_sc_hd__dfxtp_1)
     5    0.01                           uart_tx_jetson_inst.prescale_reg[1] (net)
                  0.13    0.00    0.38 ^ _1515_/A1 (sky130_fd_sc_hd__a21boi_1)
                  0.03    0.07    0.45 v _1515_/Y (sky130_fd_sc_hd__a21boi_1)
     1    0.00                           _0158_ (net)
                  0.03    0.00    0.45 v _2078_/D (sky130_fd_sc_hd__dfxtp_1)
                                  0.45   data arrival time

                  0.15    0.00    0.00   clock clk (rise edge)
                          0.00    0.00   clock network delay (ideal)
                          0.25    0.25   clock uncertainty
                          0.00    0.25   clock reconvergence pessimism
                                  0.25 ^ _2078_/CLK (sky130_fd_sc_hd__dfxtp_1)
                         -0.03    0.22   library hold time
                                  0.22   data required time
-----------------------------------------------------------------------------
                                  0.22   data required time
                                 -0.45   data arrival time
-----------------------------------------------------------------------------
                                  0.22   slack (MET)


Startpoint: _2203_ (rising edge-triggered flip-flop clocked by clk)
Endpoint: _2203_ (rising edge-triggered flip-flop clocked by clk)
Path Group: clk
Path Type: min

Fanout     Cap    Slew   Delay    Time   Description
-----------------------------------------------------------------------------
                  0.15    0.00    0.00   clock clk (rise edge)
                          0.00    0.00   clock network delay (ideal)
                  0.15    0.00    0.00 ^ _2203_/CLK (sky130_fd_sc_hd__dfxtp_1)
                  0.04    0.32    0.32 v _2203_/Q (sky130_fd_sc_hd__dfxtp_1)
     3    0.01                           uart_tx_raspi_inst.prescale_reg[17] (net)
                  0.04    0.00    0.32 v _1870_/B1 (sky130_fd_sc_hd__o21ai_1)
                  0.08    0.07    0.39 ^ _1870_/Y (sky130_fd_sc_hd__o21ai_1)
     1    0.00                           _0626_ (net)
                  0.08    0.00    0.39 ^ _1871_/A2 (sky130_fd_sc_hd__a21oi_1)
                  0.04    0.06    0.45 v _1871_/Y (sky130_fd_sc_hd__a21oi_1)
     1    0.00                           _0283_ (net)
                  0.04    0.00    0.45 v _2203_/D (sky130_fd_sc_hd__dfxtp_1)
                                  0.45   data arrival time

                  0.15    0.00    0.00   clock clk (rise edge)
                          0.00    0.00   clock network delay (ideal)
                          0.25    0.25   clock uncertainty
                          0.00    0.25   clock reconvergence pessimism
                                  0.25 ^ _2203_/CLK (sky130_fd_sc_hd__dfxtp_1)
                         -0.03    0.22   library hold time
                                  0.22   data required time
-----------------------------------------------------------------------------
                                  0.22   data required time
                                 -0.45   data arrival time
-----------------------------------------------------------------------------
                                  0.22   slack (MET)


Startpoint: _2093_ (rising edge-triggered flip-flop clocked by clk)
Endpoint: _2093_ (rising edge-triggered flip-flop clocked by clk)
Path Group: clk
Path Type: min

Fanout     Cap    Slew   Delay    Time   Description
-----------------------------------------------------------------------------
                  0.15    0.00    0.00   clock clk (rise edge)
                          0.00    0.00   clock network delay (ideal)
                  0.15    0.00    0.00 ^ _2093_/CLK (sky130_fd_sc_hd__dfxtp_1)
                  0.04    0.33    0.33 v _2093_/Q (sky130_fd_sc_hd__dfxtp_1)
     3    0.01                           uart_tx_jetson_inst.prescale_reg[16] (net)
                  0.04    0.00    0.33 v _1566_/B1 (sky130_fd_sc_hd__o21ai_1)
                  0.07    0.06    0.39 ^ _1566_/Y (sky130_fd_sc_hd__o21ai_1)
     1    0.00                           _0432_ (net)
                  0.07    0.00    0.39 ^ _1567_/A2 (sky130_fd_sc_hd__a21oi_1)
                  0.04    0.06    0.45 v _1567_/Y (sky130_fd_sc_hd__a21oi_1)
     1    0.00                           _0173_ (net)
                  0.04    0.00    0.45 v _2093_/D (sky130_fd_sc_hd__dfxtp_1)
                                  0.45   data arrival time

                  0.15    0.00    0.00   clock clk (rise edge)
                          0.00    0.00   clock network delay (ideal)
                          0.25    0.25   clock uncertainty
                          0.00    0.25   clock reconvergence pessimism
                                  0.25 ^ _2093_/CLK (sky130_fd_sc_hd__dfxtp_1)
                         -0.03    0.22   library hold time
                                  0.22   data required time
-----------------------------------------------------------------------------
                                  0.22   data required time
                                 -0.45   data arrival time
-----------------------------------------------------------------------------
                                  0.22   slack (MET)


Startpoint: _2200_ (rising edge-triggered flip-flop clocked by clk)
Endpoint: _2200_ (rising edge-triggered flip-flop clocked by clk)
Path Group: clk
Path Type: min

Fanout     Cap    Slew   Delay    Time   Description
-----------------------------------------------------------------------------
                  0.15    0.00    0.00   clock clk (rise edge)
                          0.00    0.00   clock network delay (ideal)
                  0.15    0.00    0.00 ^ _2200_/CLK (sky130_fd_sc_hd__dfxtp_1)
                  0.04    0.32    0.32 v _2200_/Q (sky130_fd_sc_hd__dfxtp_1)
     3    0.01                           uart_tx_raspi_inst.prescale_reg[14] (net)
                  0.04    0.00    0.32 v _1863_/B1 (sky130_fd_sc_hd__o21ai_1)
                  0.08    0.07    0.39 ^ _1863_/Y (sky130_fd_sc_hd__o21ai_1)
     1    0.00                           _0622_ (net)
                  0.08    0.00    0.39 ^ _1864_/A2 (sky130_fd_sc_hd__a21oi_1)
                  0.04    0.06    0.45 v _1864_/Y (sky130_fd_sc_hd__a21oi_1)
     1    0.00                           _0280_ (net)
                  0.04    0.00    0.45 v _2200_/D (sky130_fd_sc_hd__dfxtp_1)
                                  0.45   data arrival time

                  0.15    0.00    0.00   clock clk (rise edge)
                          0.00    0.00   clock network delay (ideal)
                          0.25    0.25   clock uncertainty
                          0.00    0.25   clock reconvergence pessimism
                                  0.25 ^ _2200_/CLK (sky130_fd_sc_hd__dfxtp_1)
                         -0.03    0.22   library hold time
                                  0.22   data required time
-----------------------------------------------------------------------------
                                  0.22   data required time
                                 -0.45   data arrival time
-----------------------------------------------------------------------------
                                  0.23   slack (MET)


Startpoint: _2051_ (rising edge-triggered flip-flop clocked by clk)
Endpoint: _2051_ (rising edge-triggered flip-flop clocked by clk)
Path Group: clk
Path Type: min

Fanout     Cap    Slew   Delay    Time   Description
-----------------------------------------------------------------------------
                  0.15    0.00    0.00   clock clk (rise edge)
                          0.00    0.00   clock network delay (ideal)
                  0.15    0.00    0.00 ^ _2051_/CLK (sky130_fd_sc_hd__dfxtp_1)
                  0.06    0.34    0.34 v _2051_/Q (sky130_fd_sc_hd__dfxtp_1)
     5    0.01                           uart_rx_raspi_inst.bit_cnt[2] (net)
                  0.06    0.00    0.34 v _1415_/A (sky130_fd_sc_hd__nand2_1)
                  0.04    0.06    0.40 ^ _1415_/Y (sky130_fd_sc_hd__nand2_1)
     1    0.00                           _1014_ (net)
                  0.04    0.00    0.40 ^ _1416_/A2 (sky130_fd_sc_hd__a21oi_1)
                  0.04    0.05    0.45 v _1416_/Y (sky130_fd_sc_hd__a21oi_1)
     1    0.00                           _0131_ (net)
                  0.04    0.00    0.45 v _2051_/D (sky130_fd_sc_hd__dfxtp_1)
                                  0.45   data arrival time

                  0.15    0.00    0.00   clock clk (rise edge)
                          0.00    0.00   clock network delay (ideal)
                          0.25    0.25   clock uncertainty
                          0.00    0.25   clock reconvergence pessimism
                                  0.25 ^ _2051_/CLK (sky130_fd_sc_hd__dfxtp_1)
                         -0.03    0.22   library hold time
                                  0.22   data required time
-----------------------------------------------------------------------------
                                  0.22   data required time
                                 -0.45   data arrival time
-----------------------------------------------------------------------------
                                  0.23   slack (MET)


Startpoint: _2050_ (rising edge-triggered flip-flop clocked by clk)
Endpoint: _2050_ (rising edge-triggered flip-flop clocked by clk)
Path Group: clk
Path Type: min

Fanout     Cap    Slew   Delay    Time   Description
-----------------------------------------------------------------------------
                  0.15    0.00    0.00   clock clk (rise edge)
                          0.00    0.00   clock network delay (ideal)
                  0.15    0.00    0.00 ^ _2050_/CLK (sky130_fd_sc_hd__dfxtp_1)
                  0.06    0.35    0.35 v _2050_/Q (sky130_fd_sc_hd__dfxtp_1)
     5    0.01                           uart_rx_raspi_inst.bit_cnt[1] (net)
                  0.06    0.00    0.35 v _1407_/A (sky130_fd_sc_hd__nand2_1)
                  0.04    0.06    0.40 ^ _1407_/Y (sky130_fd_sc_hd__nand2_1)
     1    0.00                           _1007_ (net)
                  0.04    0.00    0.40 ^ _1410_/A2 (sky130_fd_sc_hd__a21oi_1)
                  0.03    0.05    0.45 v _1410_/Y (sky130_fd_sc_hd__a21oi_1)
     1    0.00                           _0130_ (net)
                  0.03    0.00    0.45 v _2050_/D (sky130_fd_sc_hd__dfxtp_1)
                                  0.45   data arrival time

                  0.15    0.00    0.00   clock clk (rise edge)
                          0.00    0.00   clock network delay (ideal)
                          0.25    0.25   clock uncertainty
                          0.00    0.25   clock reconvergence pessimism
                                  0.25 ^ _2050_/CLK (sky130_fd_sc_hd__dfxtp_1)
                         -0.03    0.22   library hold time
                                  0.22   data required time
-----------------------------------------------------------------------------
                                  0.22   data required time
                                 -0.45   data arrival time
-----------------------------------------------------------------------------
                                  0.23   slack (MET)


Startpoint: _2105_ (rising edge-triggered flip-flop clocked by clk)
Endpoint: _2105_ (rising edge-triggered flip-flop clocked by clk)
Path Group: clk
Path Type: min

Fanout     Cap    Slew   Delay    Time   Description
-----------------------------------------------------------------------------
                  0.15    0.00    0.00   clock clk (rise edge)
                          0.00    0.00   clock network delay (ideal)
                  0.15    0.00    0.00 ^ _2105_/CLK (sky130_fd_sc_hd__dfxtp_1)
                  0.05    0.33    0.33 ^ _2105_/Q (sky130_fd_sc_hd__dfxtp_1)
     2    0.00                           rst_cnt[5] (net)
                  0.05    0.00    0.33 ^ _1595_/B1 (sky130_fd_sc_hd__a21oi_1)
                  0.03    0.04    0.37 v _1595_/Y (sky130_fd_sc_hd__a21oi_1)
     1    0.00                           _0449_ (net)
                  0.03    0.00    0.37 v _1596_/A2 (sky130_fd_sc_hd__o21ai_1)
                  0.07    0.09    0.46 ^ _1596_/Y (sky130_fd_sc_hd__o21ai_1)
     1    0.00                           _0185_ (net)
                  0.07    0.00    0.46 ^ _2105_/D (sky130_fd_sc_hd__dfxtp_1)
                                  0.46   data arrival time

                  0.15    0.00    0.00   clock clk (rise edge)
                          0.00    0.00   clock network delay (ideal)
                          0.25    0.25   clock uncertainty
                          0.00    0.25   clock reconvergence pessimism
                                  0.25 ^ _2105_/CLK (sky130_fd_sc_hd__dfxtp_1)
                         -0.02    0.23   library hold time
                                  0.23   data required time
-----------------------------------------------------------------------------
                                  0.23   data required time
                                 -0.46   data arrival time
-----------------------------------------------------------------------------
                                  0.23   slack (MET)


Startpoint: _2213_ (rising edge-triggered flip-flop clocked by clk)
Endpoint: _2213_ (rising edge-triggered flip-flop clocked by clk)
Path Group: clk
Path Type: min

Fanout     Cap    Slew   Delay    Time   Description
-----------------------------------------------------------------------------
                  0.15    0.00    0.00   clock clk (rise edge)
                          0.00    0.00   clock network delay (ideal)
                  0.15    0.00    0.00 ^ _2213_/CLK (sky130_fd_sc_hd__dfrtp_1)
                  0.12    0.39    0.39 ^ _2213_/Q (sky130_fd_sc_hd__dfrtp_1)
     4    0.01                           dual_watchdog_inst.watchdog_fc.falling_edge_timeout.internal_count[4] (net)
                  0.12    0.00    0.39 ^ _1157_/A (sky130_fd_sc_hd__xor2_1)
                  0.03    0.07    0.46 v _1157_/X (sky130_fd_sc_hd__xor2_1)
     1    0.00                           _0024_ (net)
                  0.03    0.00    0.46 v _2213_/D (sky130_fd_sc_hd__dfrtp_1)
                                  0.46   data arrival time

                  0.15    0.00    0.00   clock clk (rise edge)
                          0.00    0.00   clock network delay (ideal)
                          0.25    0.25   clock uncertainty
                          0.00    0.25   clock reconvergence pessimism
                                  0.25 ^ _2213_/CLK (sky130_fd_sc_hd__dfrtp_1)
                         -0.02    0.23   library hold time
                                  0.23   data required time
-----------------------------------------------------------------------------
                                  0.23   data required time
                                 -0.46   data arrival time
-----------------------------------------------------------------------------
                                  0.23   slack (MET)


Startpoint: _2250_ (rising edge-triggered flip-flop clocked by clk)
Endpoint: _2250_ (rising edge-triggered flip-flop clocked by clk)
Path Group: clk
Path Type: min

Fanout     Cap    Slew   Delay    Time   Description
-----------------------------------------------------------------------------
                  0.15    0.00    0.00   clock clk (rise edge)
                          0.00    0.00   clock network delay (ideal)
                  0.15    0.00    0.00 ^ _2250_/CLK (sky130_fd_sc_hd__dfrtp_1)
                  0.11    0.39    0.39 ^ _2250_/Q (sky130_fd_sc_hd__dfrtp_1)
     4    0.01                           dual_watchdog_inst.watchdog_fc.rising_edge_timeout.internal_count[13] (net)
                  0.11    0.00    0.39 ^ _1260_/A (sky130_fd_sc_hd__xnor2_1)
                  0.03    0.07    0.46 v _1260_/Y (sky130_fd_sc_hd__xnor2_1)
     1    0.00                           _0034_ (net)
                  0.03    0.00    0.46 v _2250_/D (sky130_fd_sc_hd__dfrtp_1)
                                  0.46   data arrival time

                  0.15    0.00    0.00   clock clk (rise edge)
                          0.00    0.00   clock network delay (ideal)
                          0.25    0.25   clock uncertainty
                          0.00    0.25   clock reconvergence pessimism
                                  0.25 ^ _2250_/CLK (sky130_fd_sc_hd__dfrtp_1)
                         -0.02    0.23   library hold time
                                  0.23   data required time
-----------------------------------------------------------------------------
                                  0.23   data required time
                                 -0.46   data arrival time
-----------------------------------------------------------------------------
                                  0.23   slack (MET)


Startpoint: _2103_ (rising edge-triggered flip-flop clocked by clk)
Endpoint: _2103_ (rising edge-triggered flip-flop clocked by clk)
Path Group: clk
Path Type: min

Fanout     Cap    Slew   Delay    Time   Description
-----------------------------------------------------------------------------
                  0.15    0.00    0.00   clock clk (rise edge)
                          0.00    0.00   clock network delay (ideal)
                  0.15    0.00    0.00 ^ _2103_/CLK (sky130_fd_sc_hd__dfxtp_1)
                  0.03    0.32    0.32 v _2103_/Q (sky130_fd_sc_hd__dfxtp_1)
     2    0.00                           rst_cnt[3] (net)
                  0.03    0.00    0.32 v _1591_/A (sky130_fd_sc_hd__nor2_1)
                  0.08    0.09    0.40 ^ _1591_/Y (sky130_fd_sc_hd__nor2_1)
     1    0.00                           _0447_ (net)
                  0.08    0.00    0.40 ^ _1592_/A2 (sky130_fd_sc_hd__o21ai_1)
                  0.03    0.05    0.46 v _1592_/Y (sky130_fd_sc_hd__o21ai_1)
     1    0.00                           _0183_ (net)
                  0.03    0.00    0.46 v _2103_/D (sky130_fd_sc_hd__dfxtp_1)
                                  0.46   data arrival time

                  0.15    0.00    0.00   clock clk (rise edge)
                          0.00    0.00   clock network delay (ideal)
                          0.25    0.25   clock uncertainty
                          0.00    0.25   clock reconvergence pessimism
                                  0.25 ^ _2103_/CLK (sky130_fd_sc_hd__dfxtp_1)
                         -0.02    0.23   library hold time
                                  0.23   data required time
-----------------------------------------------------------------------------
                                  0.23   data required time
                                 -0.46   data arrival time
-----------------------------------------------------------------------------
                                  0.23   slack (MET)


Startpoint: _2102_ (rising edge-triggered flip-flop clocked by clk)
Endpoint: _2102_ (rising edge-triggered flip-flop clocked by clk)
Path Group: clk
Path Type: min

Fanout     Cap    Slew   Delay    Time   Description
-----------------------------------------------------------------------------
                  0.15    0.00    0.00   clock clk (rise edge)
                          0.00    0.00   clock network delay (ideal)
                  0.15    0.00    0.00 ^ _2102_/CLK (sky130_fd_sc_hd__dfxtp_1)
                  0.03    0.32    0.32 v _2102_/Q (sky130_fd_sc_hd__dfxtp_1)
     2    0.00                           rst_cnt[2] (net)
                  0.03    0.00    0.32 v _1589_/B1 (sky130_fd_sc_hd__a21oi_1)
                  0.09    0.10    0.42 ^ _1589_/Y (sky130_fd_sc_hd__a21oi_1)
     1    0.00                           _0446_ (net)
                  0.09    0.00    0.42 ^ _1590_/B1 (sky130_fd_sc_hd__a21oi_1)
                  0.03    0.04    0.46 v _1590_/Y (sky130_fd_sc_hd__a21oi_1)
     1    0.00                           _0182_ (net)
                  0.03    0.00    0.46 v _2102_/D (sky130_fd_sc_hd__dfxtp_1)
                                  0.46   data arrival time

                  0.15    0.00    0.00   clock clk (rise edge)
                          0.00    0.00   clock network delay (ideal)
                          0.25    0.25   clock uncertainty
                          0.00    0.25   clock reconvergence pessimism
                                  0.25 ^ _2102_/CLK (sky130_fd_sc_hd__dfxtp_1)
                         -0.03    0.22   library hold time
                                  0.22   data required time
-----------------------------------------------------------------------------
                                  0.22   data required time
                                 -0.46   data arrival time
-----------------------------------------------------------------------------
                                  0.23   slack (MET)


Startpoint: _2107_ (rising edge-triggered flip-flop clocked by clk)
Endpoint: _2031_ (rising edge-triggered flip-flop clocked by clk)
Path Group: clk
Path Type: min

Fanout     Cap    Slew   Delay    Time   Description
-----------------------------------------------------------------------------
                  0.15    0.00    0.00   clock clk (rise edge)
                          0.00    0.00   clock network delay (ideal)
                  0.15    0.00    0.00 ^ _2107_/CLK (sky130_fd_sc_hd__dfxtp_1)
                  0.04    0.32    0.32 v _2107_/Q (sky130_fd_sc_hd__dfxtp_1)
     3    0.01                           rst_cnt[7] (net)
                  0.04    0.00    0.32 v _1309_/A (sky130_fd_sc_hd__nand2_1)
                  0.14    0.12    0.45 ^ _1309_/Y (sky130_fd_sc_hd__nand2_1)
     6    0.02                           _0000_ (net)
                  0.14    0.00    0.45 ^ _2031_/D (sky130_fd_sc_hd__dfxtp_2)
                                  0.45   data arrival time

                  0.15    0.00    0.00   clock clk (rise edge)
                          0.00    0.00   clock network delay (ideal)
                          0.25    0.25   clock uncertainty
                          0.00    0.25   clock reconvergence pessimism
                                  0.25 ^ _2031_/CLK (sky130_fd_sc_hd__dfxtp_2)
                         -0.04    0.21   library hold time
                                  0.21   data required time
-----------------------------------------------------------------------------
                                  0.21   data required time
                                 -0.45   data arrival time
-----------------------------------------------------------------------------
                                  0.23   slack (MET)


Startpoint: _2241_ (rising edge-triggered flip-flop clocked by clk)
Endpoint: _2241_ (rising edge-triggered flip-flop clocked by clk)
Path Group: clk
Path Type: min

Fanout     Cap    Slew   Delay    Time   Description
-----------------------------------------------------------------------------
                  0.15    0.00    0.00   clock clk (rise edge)
                          0.00    0.00   clock network delay (ideal)
                  0.15    0.00    0.00 ^ _2241_/CLK (sky130_fd_sc_hd__dfrtp_1)
                  0.12    0.40    0.40 ^ _2241_/Q (sky130_fd_sc_hd__dfrtp_1)
     4    0.01                           dual_watchdog_inst.watchdog_fc.rising_edge_timeout.internal_count[4] (net)
                  0.12    0.00    0.40 ^ _1234_/A (sky130_fd_sc_hd__xor2_1)
                  0.03    0.07    0.47 v _1234_/X (sky130_fd_sc_hd__xor2_1)
     1    0.00                           _0051_ (net)
                  0.03    0.00    0.47 v _2241_/D (sky130_fd_sc_hd__dfrtp_1)
                                  0.47   data arrival time

                  0.15    0.00    0.00   clock clk (rise edge)
                          0.00    0.00   clock network delay (ideal)
                          0.25    0.25   clock uncertainty
                          0.00    0.25   clock reconvergence pessimism
                                  0.25 ^ _2241_/CLK (sky130_fd_sc_hd__dfrtp_1)
                         -0.02    0.23   library hold time
                                  0.23   data required time
-----------------------------------------------------------------------------
                                  0.23   data required time
                                 -0.47   data arrival time
-----------------------------------------------------------------------------
                                  0.24   slack (MET)


Startpoint: _2207_ (rising edge-triggered flip-flop clocked by clk)
Endpoint: _2207_ (rising edge-triggered flip-flop clocked by clk)
Path Group: clk
Path Type: min

Fanout     Cap    Slew   Delay    Time   Description
-----------------------------------------------------------------------------
                  0.15    0.00    0.00   clock clk (rise edge)
                          0.00    0.00   clock network delay (ideal)
                  0.15    0.00    0.00 ^ _2207_/CLK (sky130_fd_sc_hd__dfxtp_1)
                  0.07    0.35    0.35 v _2207_/Q (sky130_fd_sc_hd__dfxtp_1)
     6    0.01                           uart_tx_raspi_inst.bit_cnt[2] (net)
                  0.07    0.00    0.35 v _1881_/A (sky130_fd_sc_hd__nand2_1)
                  0.04    0.06    0.41 ^ _1881_/Y (sky130_fd_sc_hd__nand2_1)
     1    0.00                           _0633_ (net)
                  0.04    0.00    0.41 ^ _1883_/A1 (sky130_fd_sc_hd__a21oi_1)
                  0.04    0.05    0.46 v _1883_/Y (sky130_fd_sc_hd__a21oi_1)
     1    0.00                           _0287_ (net)
                  0.04    0.00    0.46 v _2207_/D (sky130_fd_sc_hd__dfxtp_1)
                                  0.46   data arrival time

                  0.15    0.00    0.00   clock clk (rise edge)
                          0.00    0.00   clock network delay (ideal)
                          0.25    0.25   clock uncertainty
                          0.00    0.25   clock reconvergence pessimism
                                  0.25 ^ _2207_/CLK (sky130_fd_sc_hd__dfxtp_1)
                         -0.03    0.22   library hold time
                                  0.22   data required time
-----------------------------------------------------------------------------
                                  0.22   data required time
                                 -0.46   data arrival time
-----------------------------------------------------------------------------
                                  0.24   slack (MET)


Startpoint: _2208_ (rising edge-triggered flip-flop clocked by clk)
Endpoint: _2208_ (rising edge-triggered flip-flop clocked by clk)
Path Group: clk
Path Type: min

Fanout     Cap    Slew   Delay    Time   Description
-----------------------------------------------------------------------------
                  0.15    0.00    0.00   clock clk (rise edge)
                          0.00    0.00   clock network delay (ideal)
                  0.15    0.00    0.00 ^ _2208_/CLK (sky130_fd_sc_hd__dfxtp_1)
                  0.05    0.34    0.34 v _2208_/Q (sky130_fd_sc_hd__dfxtp_1)
     4    0.01                           uart_tx_raspi_inst.bit_cnt[3] (net)
                  0.05    0.00    0.34 v _1886_/B1 (sky130_fd_sc_hd__o21ai_1)
                  0.07    0.07    0.40 ^ _1886_/Y (sky130_fd_sc_hd__o21ai_1)
     1    0.00                           _0637_ (net)
                  0.07    0.00    0.40 ^ _1887_/A2 (sky130_fd_sc_hd__a21oi_1)
                  0.03    0.06    0.46 v _1887_/Y (sky130_fd_sc_hd__a21oi_1)
     1    0.00                           _0288_ (net)
                  0.03    0.00    0.46 v _2208_/D (sky130_fd_sc_hd__dfxtp_1)
                                  0.46   data arrival time

                  0.15    0.00    0.00   clock clk (rise edge)
                          0.00    0.00   clock network delay (ideal)
                          0.25    0.25   clock uncertainty
                          0.00    0.25   clock reconvergence pessimism
                                  0.25 ^ _2208_/CLK (sky130_fd_sc_hd__dfxtp_1)
                         -0.03    0.22   library hold time
                                  0.22   data required time
-----------------------------------------------------------------------------
                                  0.22   data required time
                                 -0.46   data arrival time
-----------------------------------------------------------------------------
                                  0.24   slack (MET)


Startpoint: _2271_ (rising edge-triggered flip-flop clocked by clk)
Endpoint: _2271_ (rising edge-triggered flip-flop clocked by clk)
Path Group: clk
Path Type: min

Fanout     Cap    Slew   Delay    Time   Description
-----------------------------------------------------------------------------
                  0.15    0.00    0.00   clock clk (rise edge)
                          0.00    0.00   clock network delay (ideal)
                  0.15    0.00    0.00 ^ _2271_/CLK (sky130_fd_sc_hd__dfrtp_1)
                  0.07    0.36    0.36 ^ _2271_/Q (sky130_fd_sc_hd__dfrtp_1)
     3    0.01                           dual_watchdog_inst.watchdog_fc.falling_edge_timeout.assert_time[7] (net)
                  0.07    0.00    0.36 ^ _1941_/A1 (sky130_fd_sc_hd__o21a_1)
                  0.04    0.11    0.47 ^ _1941_/X (sky130_fd_sc_hd__o21a_1)
     1    0.00                           _0296_ (net)
                  0.04    0.00    0.47 ^ _2271_/D (sky130_fd_sc_hd__dfrtp_1)
                                  0.47   data arrival time

                  0.15    0.00    0.00   clock clk (rise edge)
                          0.00    0.00   clock network delay (ideal)
                          0.25    0.25   clock uncertainty
                          0.00    0.25   clock reconvergence pessimism
                                  0.25 ^ _2271_/CLK (sky130_fd_sc_hd__dfrtp_1)
                         -0.02    0.23   library hold time
                                  0.23   data required time
-----------------------------------------------------------------------------
                                  0.23   data required time
                                 -0.47   data arrival time
-----------------------------------------------------------------------------
                                  0.24   slack (MET)


Startpoint: _2237_ (rising edge-triggered flip-flop clocked by clk)
Endpoint: _2238_ (rising edge-triggered flip-flop clocked by clk)
Path Group: clk
Path Type: min

Fanout     Cap    Slew   Delay    Time   Description
-----------------------------------------------------------------------------
                  0.15    0.00    0.00   clock clk (rise edge)
                          0.00    0.00   clock network delay (ideal)
                  0.15    0.00    0.00 ^ _2237_/CLK (sky130_fd_sc_hd__dfrtp_2)
                  0.10    0.41    0.41 ^ _2237_/Q (sky130_fd_sc_hd__dfrtp_2)
     6    0.02                           dual_watchdog_inst.watchdog_fc.rising_edge_timeout.internal_count[0] (net)
                  0.10    0.00    0.41 ^ _1226_/B (sky130_fd_sc_hd__xor2_1)
                  0.03    0.06    0.47 v _1226_/X (sky130_fd_sc_hd__xor2_1)
     1    0.00                           _0041_ (net)
                  0.03    0.00    0.47 v _2238_/D (sky130_fd_sc_hd__dfrtp_1)
                                  0.47   data arrival time

                  0.15    0.00    0.00   clock clk (rise edge)
                          0.00    0.00   clock network delay (ideal)
                          0.25    0.25   clock uncertainty
                          0.00    0.25   clock reconvergence pessimism
                                  0.25 ^ _2238_/CLK (sky130_fd_sc_hd__dfrtp_1)
                         -0.02    0.23   library hold time
                                  0.23   data required time
-----------------------------------------------------------------------------
                                  0.23   data required time
                                 -0.47   data arrival time
-----------------------------------------------------------------------------
                                  0.24   slack (MET)


Startpoint: _2125_ (rising edge-triggered flip-flop clocked by clk)
Endpoint: _2125_ (rising edge-triggered flip-flop clocked by clk)
Path Group: clk
Path Type: min

Fanout     Cap    Slew   Delay    Time   Description
-----------------------------------------------------------------------------
                  0.15    0.00    0.00   clock clk (rise edge)
                          0.00    0.00   clock network delay (ideal)
                  0.15    0.00    0.00 ^ _2125_/CLK (sky130_fd_sc_hd__dfxtp_1)
                  0.07    0.35    0.35 v _2125_/Q (sky130_fd_sc_hd__dfxtp_1)
     5    0.01                           uart_rx_jetson_inst.bit_cnt[1] (net)
                  0.07    0.00    0.35 v _1675_/A (sky130_fd_sc_hd__nand2_1)
                  0.04    0.06    0.41 ^ _1675_/Y (sky130_fd_sc_hd__nand2_1)
     1    0.00                           _0509_ (net)
                  0.04    0.00    0.41 ^ _1676_/A2 (sky130_fd_sc_hd__a21oi_1)
                  0.04    0.05    0.47 v _1676_/Y (sky130_fd_sc_hd__a21oi_1)
     1    0.00                           _0205_ (net)
                  0.04    0.00    0.47 v _2125_/D (sky130_fd_sc_hd__dfxtp_1)
                                  0.47   data arrival time

                  0.15    0.00    0.00   clock clk (rise edge)
                          0.00    0.00   clock network delay (ideal)
                          0.25    0.25   clock uncertainty
                          0.00    0.25   clock reconvergence pessimism
                                  0.25 ^ _2125_/CLK (sky130_fd_sc_hd__dfxtp_1)
                         -0.03    0.22   library hold time
                                  0.22   data required time
-----------------------------------------------------------------------------
                                  0.22   data required time
                                 -0.47   data arrival time
-----------------------------------------------------------------------------
                                  0.24   slack (MET)


Startpoint: _2209_ (rising edge-triggered flip-flop clocked by clk)
Endpoint: _2210_ (rising edge-triggered flip-flop clocked by clk)
Path Group: clk
Path Type: min

Fanout     Cap    Slew   Delay    Time   Description
-----------------------------------------------------------------------------
                  0.15    0.00    0.00   clock clk (rise edge)
                          0.00    0.00   clock network delay (ideal)
                  0.15    0.00    0.00 ^ _2209_/CLK (sky130_fd_sc_hd__dfrtp_2)
                  0.10    0.41    0.41 ^ _2209_/Q (sky130_fd_sc_hd__dfrtp_2)
     6    0.02                           dual_watchdog_inst.watchdog_fc.falling_edge_timeout.internal_count[0] (net)
                  0.10    0.00    0.41 ^ _1149_/B (sky130_fd_sc_hd__xor2_1)
                  0.03    0.06    0.47 v _1149_/X (sky130_fd_sc_hd__xor2_1)
     1    0.00                           _0014_ (net)
                  0.03    0.00    0.47 v _2210_/D (sky130_fd_sc_hd__dfrtp_1)
                                  0.47   data arrival time

                  0.15    0.00    0.00   clock clk (rise edge)
                          0.00    0.00   clock network delay (ideal)
                          0.25    0.25   clock uncertainty
                          0.00    0.25   clock reconvergence pessimism
                                  0.25 ^ _2210_/CLK (sky130_fd_sc_hd__dfrtp_1)
                         -0.02    0.23   library hold time
                                  0.23   data required time
-----------------------------------------------------------------------------
                                  0.23   data required time
                                 -0.47   data arrival time
-----------------------------------------------------------------------------
                                  0.24   slack (MET)


Startpoint: _2160_ (rising edge-triggered flip-flop clocked by clk)
Endpoint: _2160_ (rising edge-triggered flip-flop clocked by clk)
Path Group: clk
Path Type: min

Fanout     Cap    Slew   Delay    Time   Description
-----------------------------------------------------------------------------
                  0.15    0.00    0.00   clock clk (rise edge)
                          0.00    0.00   clock network delay (ideal)
                  0.15    0.00    0.00 ^ _2160_/CLK (sky130_fd_sc_hd__dfrtp_1)
                  0.08    0.36    0.36 ^ _2160_/Q (sky130_fd_sc_hd__dfrtp_1)
     3    0.01                           dual_watchdog_inst.watchdog_fc.rising_edge_timeout.assert_time[13] (net)
                  0.08    0.00    0.36 ^ _1088_/A1 (sky130_fd_sc_hd__o21a_1)
                  0.04    0.11    0.47 ^ _1088_/X (sky130_fd_sc_hd__o21a_1)
     1    0.00                           _0240_ (net)
                  0.04    0.00    0.47 ^ _2160_/D (sky130_fd_sc_hd__dfrtp_1)
                                  0.47   data arrival time

                  0.15    0.00    0.00   clock clk (rise edge)
                          0.00    0.00   clock network delay (ideal)
                          0.25    0.25   clock uncertainty
                          0.00    0.25   clock reconvergence pessimism
                                  0.25 ^ _2160_/CLK (sky130_fd_sc_hd__dfrtp_1)
                         -0.02    0.23   library hold time
                                  0.23   data required time
-----------------------------------------------------------------------------
                                  0.23   data required time
                                 -0.47   data arrival time
-----------------------------------------------------------------------------
                                  0.24   slack (MET)


Startpoint: _2240_ (rising edge-triggered flip-flop clocked by clk)
Endpoint: _2240_ (rising edge-triggered flip-flop clocked by clk)
Path Group: clk
Path Type: min

Fanout     Cap    Slew   Delay    Time   Description
-----------------------------------------------------------------------------
                  0.15    0.00    0.00   clock clk (rise edge)
                          0.00    0.00   clock network delay (ideal)
                  0.15    0.00    0.00 ^ _2240_/CLK (sky130_fd_sc_hd__dfrtp_1)
                  0.07    0.36    0.36 ^ _2240_/Q (sky130_fd_sc_hd__dfrtp_1)
     3    0.01                           dual_watchdog_inst.watchdog_fc.rising_edge_timeout.internal_count[3] (net)
                  0.07    0.00    0.36 ^ _1232_/A (sky130_fd_sc_hd__nor2_1)
                  0.03    0.05    0.40 v _1232_/Y (sky130_fd_sc_hd__nor2_1)
     1    0.00                           _0876_ (net)
                  0.03    0.00    0.40 v _1233_/B (sky130_fd_sc_hd__nor2_1)
                  0.07    0.07    0.47 ^ _1233_/Y (sky130_fd_sc_hd__nor2_1)
     1    0.00                           _0050_ (net)
                  0.07    0.00    0.47 ^ _2240_/D (sky130_fd_sc_hd__dfrtp_1)
                                  0.47   data arrival time

                  0.15    0.00    0.00   clock clk (rise edge)
                          0.00    0.00   clock network delay (ideal)
                          0.25    0.25   clock uncertainty
                          0.00    0.25   clock reconvergence pessimism
                                  0.25 ^ _2240_/CLK (sky130_fd_sc_hd__dfrtp_1)
                         -0.03    0.22   library hold time
                                  0.22   data required time
-----------------------------------------------------------------------------
                                  0.22   data required time
                                 -0.47   data arrival time
-----------------------------------------------------------------------------
                                  0.24   slack (MET)


Startpoint: _2205_ (rising edge-triggered flip-flop clocked by clk)
Endpoint: _2205_ (rising edge-triggered flip-flop clocked by clk)
Path Group: clk
Path Type: min

Fanout     Cap    Slew   Delay    Time   Description
-----------------------------------------------------------------------------
                  0.15    0.00    0.00   clock clk (rise edge)
                          0.00    0.00   clock network delay (ideal)
                  0.15    0.00    0.00 ^ _2205_/CLK (sky130_fd_sc_hd__dfxtp_1)
                  0.08    0.36    0.36 v _2205_/Q (sky130_fd_sc_hd__dfxtp_1)
     6    0.01                           uart_tx_raspi_inst.bit_cnt[0] (net)
                  0.08    0.00    0.36 v _1875_/A (sky130_fd_sc_hd__nand2_1)
                  0.04    0.06    0.42 ^ _1875_/Y (sky130_fd_sc_hd__nand2_1)
     1    0.00                           _0629_ (net)
                  0.04    0.00    0.42 ^ _1876_/A2 (sky130_fd_sc_hd__a21oi_1)
                  0.04    0.05    0.47 v _1876_/Y (sky130_fd_sc_hd__a21oi_1)
     1    0.00                           _0285_ (net)
                  0.04    0.00    0.47 v _2205_/D (sky130_fd_sc_hd__dfxtp_1)
                                  0.47   data arrival time

                  0.15    0.00    0.00   clock clk (rise edge)
                          0.00    0.00   clock network delay (ideal)
                          0.25    0.25   clock uncertainty
                          0.00    0.25   clock reconvergence pessimism
                                  0.25 ^ _2205_/CLK (sky130_fd_sc_hd__dfxtp_1)
                         -0.03    0.22   library hold time
                                  0.22   data required time
-----------------------------------------------------------------------------
                                  0.22   data required time
                                 -0.47   data arrival time
-----------------------------------------------------------------------------
                                  0.24   slack (MET)


Startpoint: _2196_ (rising edge-triggered flip-flop clocked by clk)
Endpoint: _2196_ (rising edge-triggered flip-flop clocked by clk)
Path Group: clk
Path Type: min

Fanout     Cap    Slew   Delay    Time   Description
-----------------------------------------------------------------------------
                  0.15    0.00    0.00   clock clk (rise edge)
                          0.00    0.00   clock network delay (ideal)
                  0.15    0.00    0.00 ^ _2196_/CLK (sky130_fd_sc_hd__dfxtp_1)
                  0.09    0.35    0.35 ^ _2196_/Q (sky130_fd_sc_hd__dfxtp_1)
     3    0.01                           uart_tx_raspi_inst.prescale_reg[10] (net)
                  0.09    0.00    0.35 ^ _1851_/B1 (sky130_fd_sc_hd__a21oi_1)
                  0.03    0.04    0.40 v _1851_/Y (sky130_fd_sc_hd__a21oi_1)
     1    0.00                           _0614_ (net)
                  0.03    0.00    0.40 v _1853_/A (sky130_fd_sc_hd__nor2_1)
                  0.06    0.08    0.47 ^ _1853_/Y (sky130_fd_sc_hd__nor2_1)
     1    0.00                           _0276_ (net)
                  0.06    0.00    0.47 ^ _2196_/D (sky130_fd_sc_hd__dfxtp_1)
                                  0.47   data arrival time

                  0.15    0.00    0.00   clock clk (rise edge)
                          0.00    0.00   clock network delay (ideal)
                          0.25    0.25   clock uncertainty
                          0.00    0.25   clock reconvergence pessimism
                                  0.25 ^ _2196_/CLK (sky130_fd_sc_hd__dfxtp_1)
                         -0.02    0.23   library hold time
                                  0.23   data required time
-----------------------------------------------------------------------------
                                  0.23   data required time
                                 -0.47   data arrival time
-----------------------------------------------------------------------------
                                  0.25   slack (MET)


Startpoint: _2147_ (rising edge-triggered flip-flop clocked by clk)
Endpoint: _2291_ (rising edge-triggered flip-flop clocked by clk)
Path Group: clk
Path Type: min

Fanout     Cap    Slew   Delay    Time   Description
-----------------------------------------------------------------------------
                  0.15    0.00    0.00   clock clk (rise edge)
                          0.00    0.00   clock network delay (ideal)
                  0.15    0.00    0.00 ^ _2147_/CLK (sky130_fd_sc_hd__dfstp_1)
                  0.06    0.40    0.40 v _2147_/Q (sky130_fd_sc_hd__dfstp_1)
     5    0.01                           dual_watchdog_inst.watchdog_fc.rising_edge_timeout.assert_time[0] (net)
                  0.06    0.00    0.40 v _1036_/A (sky130_fd_sc_hd__nand3_1)
                  0.06    0.07    0.47 ^ _1036_/Y (sky130_fd_sc_hd__nand3_1)
     1    0.00                           _0001_ (net)
                  0.06    0.00    0.47 ^ _2291_/D (sky130_fd_sc_hd__dfrtp_1)
                                  0.47   data arrival time

                  0.15    0.00    0.00   clock clk (rise edge)
                          0.00    0.00   clock network delay (ideal)
                          0.25    0.25   clock uncertainty
                          0.00    0.25   clock reconvergence pessimism
                                  0.25 ^ _2291_/CLK (sky130_fd_sc_hd__dfrtp_1)
                         -0.02    0.23   library hold time
                                  0.23   data required time
-----------------------------------------------------------------------------
                                  0.23   data required time
                                 -0.47   data arrival time
-----------------------------------------------------------------------------
                                  0.25   slack (MET)


Startpoint: _2104_ (rising edge-triggered flip-flop clocked by clk)
Endpoint: _2104_ (rising edge-triggered flip-flop clocked by clk)
Path Group: clk
Path Type: min

Fanout     Cap    Slew   Delay    Time   Description
-----------------------------------------------------------------------------
                  0.15    0.00    0.00   clock clk (rise edge)
                          0.00    0.00   clock network delay (ideal)
                  0.15    0.00    0.00 ^ _2104_/CLK (sky130_fd_sc_hd__dfxtp_1)
                  0.09    0.36    0.36 ^ _2104_/Q (sky130_fd_sc_hd__dfxtp_1)
     4    0.01                           rst_cnt[4] (net)
                  0.09    0.00    0.36 ^ _1594_/A1 (sky130_fd_sc_hd__o21ba_1)
                  0.04    0.12    0.48 ^ _1594_/X (sky130_fd_sc_hd__o21ba_1)
     1    0.00                           _0184_ (net)
                  0.04    0.00    0.48 ^ _2104_/D (sky130_fd_sc_hd__dfxtp_1)
                                  0.48   data arrival time

                  0.15    0.00    0.00   clock clk (rise edge)
                          0.00    0.00   clock network delay (ideal)
                          0.25    0.25   clock uncertainty
                          0.00    0.25   clock reconvergence pessimism
                                  0.25 ^ _2104_/CLK (sky130_fd_sc_hd__dfxtp_1)
                         -0.02    0.23   library hold time
                                  0.23   data required time
-----------------------------------------------------------------------------
                                  0.23   data required time
                                 -0.48   data arrival time
-----------------------------------------------------------------------------
                                  0.25   slack (MET)


Startpoint: _2212_ (rising edge-triggered flip-flop clocked by clk)
Endpoint: _2212_ (rising edge-triggered flip-flop clocked by clk)
Path Group: clk
Path Type: min

Fanout     Cap    Slew   Delay    Time   Description
-----------------------------------------------------------------------------
                  0.15    0.00    0.00   clock clk (rise edge)
                          0.00    0.00   clock network delay (ideal)
                  0.15    0.00    0.00 ^ _2212_/CLK (sky130_fd_sc_hd__dfrtp_1)
                  0.08    0.36    0.36 ^ _2212_/Q (sky130_fd_sc_hd__dfrtp_1)
     3    0.01                           dual_watchdog_inst.watchdog_fc.falling_edge_timeout.internal_count[3] (net)
                  0.08    0.00    0.36 ^ _1155_/A (sky130_fd_sc_hd__nor2_1)
                  0.03    0.05    0.40 v _1155_/Y (sky130_fd_sc_hd__nor2_1)
     1    0.00                           _0826_ (net)
                  0.03    0.00    0.40 v _1156_/B (sky130_fd_sc_hd__nor2_1)
                  0.07    0.07    0.47 ^ _1156_/Y (sky130_fd_sc_hd__nor2_1)
     1    0.00                           _0023_ (net)
                  0.07    0.00    0.47 ^ _2212_/D (sky130_fd_sc_hd__dfrtp_1)
                                  0.47   data arrival time

                  0.15    0.00    0.00   clock clk (rise edge)
                          0.00    0.00   clock network delay (ideal)
                          0.25    0.25   clock uncertainty
                          0.00    0.25   clock reconvergence pessimism
                                  0.25 ^ _2212_/CLK (sky130_fd_sc_hd__dfrtp_1)
                         -0.03    0.22   library hold time
                                  0.22   data required time
-----------------------------------------------------------------------------
                                  0.22   data required time
                                 -0.47   data arrival time
-----------------------------------------------------------------------------
                                  0.25   slack (MET)


Startpoint: _2165_ (rising edge-triggered flip-flop clocked by clk)
Endpoint: _2165_ (rising edge-triggered flip-flop clocked by clk)
Path Group: clk
Path Type: min

Fanout     Cap    Slew   Delay    Time   Description
-----------------------------------------------------------------------------
                  0.15    0.00    0.00   clock clk (rise edge)
                          0.00    0.00   clock network delay (ideal)
                  0.15    0.00    0.00 ^ _2165_/CLK (sky130_fd_sc_hd__dfrtp_1)
                  0.12    0.39    0.39 ^ _2165_/Q (sky130_fd_sc_hd__dfrtp_1)
     5    0.01                           dual_watchdog_inst.watchdog_fc.rising_edge_timeout.assert_time[18] (net)
                  0.12    0.00    0.39 ^ _1076_/A1 (sky130_fd_sc_hd__a311oi_1)
                  0.04    0.09    0.48 v _1076_/Y (sky130_fd_sc_hd__a311oi_1)
     1    0.00                           _0245_ (net)
                  0.04    0.00    0.48 v _2165_/D (sky130_fd_sc_hd__dfrtp_1)
                                  0.48   data arrival time

                  0.15    0.00    0.00   clock clk (rise edge)
                          0.00    0.00   clock network delay (ideal)
                          0.25    0.25   clock uncertainty
                          0.00    0.25   clock reconvergence pessimism
                                  0.25 ^ _2165_/CLK (sky130_fd_sc_hd__dfrtp_1)
                         -0.02    0.23   library hold time
                                  0.23   data required time
-----------------------------------------------------------------------------
                                  0.23   data required time
                                 -0.48   data arrival time
-----------------------------------------------------------------------------
                                  0.25   slack (MET)


Startpoint: _2227_ (rising edge-triggered flip-flop clocked by clk)
Endpoint: _2227_ (rising edge-triggered flip-flop clocked by clk)
Path Group: clk
Path Type: min

Fanout     Cap    Slew   Delay    Time   Description
-----------------------------------------------------------------------------
                  0.15    0.00    0.00   clock clk (rise edge)
                          0.00    0.00   clock network delay (ideal)
                  0.15    0.00    0.00 ^ _2227_/CLK (sky130_fd_sc_hd__dfrtp_2)
                  0.11    0.42    0.42 ^ _2227_/Q (sky130_fd_sc_hd__dfrtp_2)
     7    0.02                           dual_watchdog_inst.watchdog_fc.falling_edge_timeout.internal_count[18] (net)
                  0.11    0.00    0.42 ^ _1198_/A (sky130_fd_sc_hd__xor2_1)
                  0.04    0.07    0.49 v _1198_/X (sky130_fd_sc_hd__xor2_1)
     1    0.00                           _0012_ (net)
                  0.04    0.00    0.49 v _2227_/D (sky130_fd_sc_hd__dfrtp_2)
                                  0.49   data arrival time

                  0.15    0.00    0.00   clock clk (rise edge)
                          0.00    0.00   clock network delay (ideal)
                          0.25    0.25   clock uncertainty
                          0.00    0.25   clock reconvergence pessimism
                                  0.25 ^ _2227_/CLK (sky130_fd_sc_hd__dfrtp_2)
                         -0.01    0.24   library hold time
                                  0.24   data required time
-----------------------------------------------------------------------------
                                  0.24   data required time
                                 -0.49   data arrival time
-----------------------------------------------------------------------------
                                  0.25   slack (MET)


Startpoint: _2092_ (rising edge-triggered flip-flop clocked by clk)
Endpoint: _2092_ (rising edge-triggered flip-flop clocked by clk)
Path Group: clk
Path Type: min

Fanout     Cap    Slew   Delay    Time   Description
-----------------------------------------------------------------------------
                  0.15    0.00    0.00   clock clk (rise edge)
                          0.00    0.00   clock network delay (ideal)
                  0.15    0.00    0.00 ^ _2092_/CLK (sky130_fd_sc_hd__dfxtp_1)
                  0.08    0.34    0.34 ^ _2092_/Q (sky130_fd_sc_hd__dfxtp_1)
     2    0.01                           uart_tx_jetson_inst.prescale_reg[15] (net)
                  0.08    0.00    0.34 ^ _1563_/A (sky130_fd_sc_hd__xnor2_1)
                  0.04    0.07    0.41 v _1563_/Y (sky130_fd_sc_hd__xnor2_1)
     1    0.00                           _0430_ (net)
                  0.04    0.00    0.41 v _1564_/B (sky130_fd_sc_hd__nor2_1)
                  0.07    0.07    0.48 ^ _1564_/Y (sky130_fd_sc_hd__nor2_1)
     1    0.00                           _0172_ (net)
                  0.07    0.00    0.48 ^ _2092_/D (sky130_fd_sc_hd__dfxtp_1)
                                  0.48   data arrival time

                  0.15    0.00    0.00   clock clk (rise edge)
                          0.00    0.00   clock network delay (ideal)
                          0.25    0.25   clock uncertainty
                          0.00    0.25   clock reconvergence pessimism
                                  0.25 ^ _2092_/CLK (sky130_fd_sc_hd__dfxtp_1)
                         -0.02    0.23   library hold time
                                  0.23   data required time
-----------------------------------------------------------------------------
                                  0.23   data required time
                                 -0.48   data arrival time
-----------------------------------------------------------------------------
                                  0.25   slack (MET)


Startpoint: _2232_ (rising edge-triggered flip-flop clocked by clk)
Endpoint: _2232_ (rising edge-triggered flip-flop clocked by clk)
Path Group: clk
Path Type: min

Fanout     Cap    Slew   Delay    Time   Description
-----------------------------------------------------------------------------
                  0.15    0.00    0.00   clock clk (rise edge)
                          0.00    0.00   clock network delay (ideal)
                  0.15    0.00    0.00 ^ _2232_/CLK (sky130_fd_sc_hd__dfrtp_1)
                  0.06    0.40    0.40 v _2232_/Q (sky130_fd_sc_hd__dfrtp_1)
     3    0.01                           dual_watchdog_inst.watchdog_fc.falling_edge_timeout.internal_count[23] (net)
                  0.06    0.00    0.40 v _1212_/A (sky130_fd_sc_hd__inv_2)
                  0.03    0.05    0.44 ^ _1212_/Y (sky130_fd_sc_hd__inv_2)
     1    0.00                           _0863_ (net)
                  0.03    0.00    0.44 ^ _1216_/A1 (sky130_fd_sc_hd__a21oi_1)
                  0.04    0.04    0.49 v _1216_/Y (sky130_fd_sc_hd__a21oi_1)
     1    0.00                           _0018_ (net)
                  0.04    0.00    0.49 v _2232_/D (sky130_fd_sc_hd__dfrtp_1)
                                  0.49   data arrival time

                  0.15    0.00    0.00   clock clk (rise edge)
                          0.00    0.00   clock network delay (ideal)
                          0.25    0.25   clock uncertainty
                          0.00    0.25   clock reconvergence pessimism
                                  0.25 ^ _2232_/CLK (sky130_fd_sc_hd__dfrtp_1)
                         -0.02    0.23   library hold time
                                  0.23   data required time
-----------------------------------------------------------------------------
                                  0.23   data required time
                                 -0.49   data arrival time
-----------------------------------------------------------------------------
                                  0.25   slack (MET)


Startpoint: _2142_ (rising edge-triggered flip-flop clocked by clk)
Endpoint: _2142_ (rising edge-triggered flip-flop clocked by clk)
Path Group: clk
Path Type: min

Fanout     Cap    Slew   Delay    Time   Description
-----------------------------------------------------------------------------
                  0.15    0.00    0.00   clock clk (rise edge)
                          0.00    0.00   clock network delay (ideal)
                  0.15    0.00    0.00 ^ _2142_/CLK (sky130_fd_sc_hd__dfxtp_1)
                  0.08    0.35    0.35 ^ _2142_/Q (sky130_fd_sc_hd__dfxtp_1)
     2    0.01                           uart_rx_jetson_inst.prescale_reg[14] (net)
                  0.08    0.00    0.35 ^ _1735_/A (sky130_fd_sc_hd__xnor2_1)
                  0.04    0.07    0.41 v _1735_/Y (sky130_fd_sc_hd__xnor2_1)
     1    0.00                           _0552_ (net)
                  0.04    0.00    0.41 v _1736_/B (sky130_fd_sc_hd__nor2_1)
                  0.07    0.07    0.48 ^ _1736_/Y (sky130_fd_sc_hd__nor2_1)
     1    0.00                           _0222_ (net)
                  0.07    0.00    0.48 ^ _2142_/D (sky130_fd_sc_hd__dfxtp_1)
                                  0.48   data arrival time

                  0.15    0.00    0.00   clock clk (rise edge)
                          0.00    0.00   clock network delay (ideal)
                          0.25    0.25   clock uncertainty
                          0.00    0.25   clock reconvergence pessimism
                                  0.25 ^ _2142_/CLK (sky130_fd_sc_hd__dfxtp_1)
                         -0.02    0.23   library hold time
                                  0.23   data required time
-----------------------------------------------------------------------------
                                  0.23   data required time
                                 -0.48   data arrival time
-----------------------------------------------------------------------------
                                  0.25   slack (MET)


Startpoint: _2162_ (rising edge-triggered flip-flop clocked by clk)
Endpoint: _2162_ (rising edge-triggered flip-flop clocked by clk)
Path Group: clk
Path Type: min

Fanout     Cap    Slew   Delay    Time   Description
-----------------------------------------------------------------------------
                  0.15    0.00    0.00   clock clk (rise edge)
                          0.00    0.00   clock network delay (ideal)
                  0.15    0.00    0.00 ^ _2162_/CLK (sky130_fd_sc_hd__dfrtp_1)
                  0.12    0.40    0.40 ^ _2162_/Q (sky130_fd_sc_hd__dfrtp_1)
     5    0.01                           dual_watchdog_inst.watchdog_fc.rising_edge_timeout.assert_time[15] (net)
                  0.12    0.00    0.40 ^ _1083_/A1 (sky130_fd_sc_hd__a311oi_1)
                  0.04    0.09    0.48 v _1083_/Y (sky130_fd_sc_hd__a311oi_1)
     1    0.00                           _0242_ (net)
                  0.04    0.00    0.48 v _2162_/D (sky130_fd_sc_hd__dfrtp_1)
                                  0.48   data arrival time

                  0.15    0.00    0.00   clock clk (rise edge)
                          0.00    0.00   clock network delay (ideal)
                          0.25    0.25   clock uncertainty
                          0.00    0.25   clock reconvergence pessimism
                                  0.25 ^ _2162_/CLK (sky130_fd_sc_hd__dfrtp_1)
                         -0.02    0.23   library hold time
                                  0.23   data required time
-----------------------------------------------------------------------------
                                  0.23   data required time
                                 -0.48   data arrival time
-----------------------------------------------------------------------------
                                  0.25   slack (MET)


Startpoint: _2088_ (rising edge-triggered flip-flop clocked by clk)
Endpoint: _2088_ (rising edge-triggered flip-flop clocked by clk)
Path Group: clk
Path Type: min

Fanout     Cap    Slew   Delay    Time   Description
-----------------------------------------------------------------------------
                  0.15    0.00    0.00   clock clk (rise edge)
                          0.00    0.00   clock network delay (ideal)
                  0.15    0.00    0.00 ^ _2088_/CLK (sky130_fd_sc_hd__dfxtp_1)
                  0.08    0.35    0.35 ^ _2088_/Q (sky130_fd_sc_hd__dfxtp_1)
     2    0.01                           uart_tx_jetson_inst.prescale_reg[11] (net)
                  0.08    0.00    0.35 ^ _1552_/A (sky130_fd_sc_hd__xnor2_1)
                  0.04    0.07    0.41 v _1552_/Y (sky130_fd_sc_hd__xnor2_1)
     1    0.00                           _0423_ (net)
                  0.04    0.00    0.41 v _1553_/B (sky130_fd_sc_hd__nor2_1)
                  0.07    0.07    0.48 ^ _1553_/Y (sky130_fd_sc_hd__nor2_1)
     1    0.00                           _0168_ (net)
                  0.07    0.00    0.48 ^ _2088_/D (sky130_fd_sc_hd__dfxtp_1)
                                  0.48   data arrival time

                  0.15    0.00    0.00   clock clk (rise edge)
                          0.00    0.00   clock network delay (ideal)
                          0.25    0.25   clock uncertainty
                          0.00    0.25   clock reconvergence pessimism
                                  0.25 ^ _2088_/CLK (sky130_fd_sc_hd__dfxtp_1)
                         -0.02    0.23   library hold time
                                  0.23   data required time
-----------------------------------------------------------------------------
                                  0.23   data required time
                                 -0.48   data arrival time
-----------------------------------------------------------------------------
                                  0.25   slack (MET)


Startpoint: _2067_ (rising edge-triggered flip-flop clocked by clk)
Endpoint: _2067_ (rising edge-triggered flip-flop clocked by clk)
Path Group: clk
Path Type: min

Fanout     Cap    Slew   Delay    Time   Description
-----------------------------------------------------------------------------
                  0.15    0.00    0.00   clock clk (rise edge)
                          0.00    0.00   clock network delay (ideal)
                  0.15    0.00    0.00 ^ _2067_/CLK (sky130_fd_sc_hd__dfxtp_1)
                  0.08    0.35    0.35 ^ _2067_/Q (sky130_fd_sc_hd__dfxtp_1)
     2    0.01                           uart_rx_raspi_inst.prescale_reg[14] (net)
                  0.08    0.00    0.35 ^ _1469_/A (sky130_fd_sc_hd__xnor2_1)
                  0.04    0.07    0.42 v _1469_/Y (sky130_fd_sc_hd__xnor2_1)
     1    0.00                           _0361_ (net)
                  0.04    0.00    0.42 v _1470_/B (sky130_fd_sc_hd__nor2_1)
                  0.07    0.07    0.48 ^ _1470_/Y (sky130_fd_sc_hd__nor2_1)
     1    0.00                           _0147_ (net)
                  0.07    0.00    0.48 ^ _2067_/D (sky130_fd_sc_hd__dfxtp_1)
                                  0.48   data arrival time

                  0.15    0.00    0.00   clock clk (rise edge)
                          0.00    0.00   clock network delay (ideal)
                          0.25    0.25   clock uncertainty
                          0.00    0.25   clock reconvergence pessimism
                                  0.25 ^ _2067_/CLK (sky130_fd_sc_hd__dfxtp_1)
                         -0.02    0.23   library hold time
                                  0.23   data required time
-----------------------------------------------------------------------------
                                  0.23   data required time
                                 -0.48   data arrival time
-----------------------------------------------------------------------------
                                  0.26   slack (MET)


Startpoint: _2158_ (rising edge-triggered flip-flop clocked by clk)
Endpoint: _2158_ (rising edge-triggered flip-flop clocked by clk)
Path Group: clk
Path Type: min

Fanout     Cap    Slew   Delay    Time   Description
-----------------------------------------------------------------------------
                  0.15    0.00    0.00   clock clk (rise edge)
                          0.00    0.00   clock network delay (ideal)
                  0.15    0.00    0.00 ^ _2158_/CLK (sky130_fd_sc_hd__dfrtp_1)
                  0.13    0.40    0.40 ^ _2158_/Q (sky130_fd_sc_hd__dfrtp_1)
     6    0.01                           dual_watchdog_inst.watchdog_fc.rising_edge_timeout.assert_time[11] (net)
                  0.13    0.00    0.40 ^ _1093_/A1 (sky130_fd_sc_hd__a211oi_1)
                  0.04    0.08    0.49 v _1093_/Y (sky130_fd_sc_hd__a211oi_1)
     1    0.00                           _0238_ (net)
                  0.04    0.00    0.49 v _2158_/D (sky130_fd_sc_hd__dfrtp_1)
                                  0.49   data arrival time

                  0.15    0.00    0.00   clock clk (rise edge)
                          0.00    0.00   clock network delay (ideal)
                          0.25    0.25   clock uncertainty
                          0.00    0.25   clock reconvergence pessimism
                                  0.25 ^ _2158_/CLK (sky130_fd_sc_hd__dfrtp_1)
                         -0.02    0.23   library hold time
                                  0.23   data required time
-----------------------------------------------------------------------------
                                  0.23   data required time
                                 -0.49   data arrival time
-----------------------------------------------------------------------------
                                  0.26   slack (MET)


Startpoint: _2260_ (rising edge-triggered flip-flop clocked by clk)
Endpoint: _2260_ (rising edge-triggered flip-flop clocked by clk)
Path Group: clk
Path Type: min

Fanout     Cap    Slew   Delay    Time   Description
-----------------------------------------------------------------------------
                  0.15    0.00    0.00   clock clk (rise edge)
                          0.00    0.00   clock network delay (ideal)
                  0.15    0.00    0.00 ^ _2260_/CLK (sky130_fd_sc_hd__dfrtp_1)
                  0.07    0.40    0.40 v _2260_/Q (sky130_fd_sc_hd__dfrtp_1)
     3    0.01                           dual_watchdog_inst.watchdog_fc.rising_edge_timeout.internal_count[23] (net)
                  0.07    0.00    0.40 v _1292_/A (sky130_fd_sc_hd__inv_2)
                  0.03    0.04    0.45 ^ _1292_/Y (sky130_fd_sc_hd__inv_2)
     1    0.00                           _0916_ (net)
                  0.03    0.00    0.45 ^ _1296_/A1 (sky130_fd_sc_hd__a21oi_1)
                  0.04    0.04    0.49 v _1296_/Y (sky130_fd_sc_hd__a21oi_1)
     1    0.00                           _0045_ (net)
                  0.04    0.00    0.49 v _2260_/D (sky130_fd_sc_hd__dfrtp_1)
                                  0.49   data arrival time

                  0.15    0.00    0.00   clock clk (rise edge)
                          0.00    0.00   clock network delay (ideal)
                          0.25    0.25   clock uncertainty
                          0.00    0.25   clock reconvergence pessimism
                                  0.25 ^ _2260_/CLK (sky130_fd_sc_hd__dfrtp_1)
                         -0.02    0.23   library hold time
                                  0.23   data required time
-----------------------------------------------------------------------------
                                  0.23   data required time
                                 -0.49   data arrival time
-----------------------------------------------------------------------------
                                  0.26   slack (MET)


Startpoint: _2065_ (rising edge-triggered flip-flop clocked by clk)
Endpoint: _2065_ (rising edge-triggered flip-flop clocked by clk)
Path Group: clk
Path Type: min

Fanout     Cap    Slew   Delay    Time   Description
-----------------------------------------------------------------------------
                  0.15    0.00    0.00   clock clk (rise edge)
                          0.00    0.00   clock network delay (ideal)
                  0.15    0.00    0.00 ^ _2065_/CLK (sky130_fd_sc_hd__dfxtp_1)
                  0.03    0.32    0.32 v _2065_/Q (sky130_fd_sc_hd__dfxtp_1)
     2    0.00                           uart_rx_raspi_inst.prescale_reg[12] (net)
                  0.03    0.00    0.32 v _1463_/A (sky130_fd_sc_hd__nand2_1)
                  0.04    0.05    0.36 ^ _1463_/Y (sky130_fd_sc_hd__nand2_1)
     1    0.00                           _0357_ (net)
                  0.04    0.00    0.36 ^ _1464_/B1 (sky130_fd_sc_hd__o21a_1)
                  0.04    0.10    0.46 ^ _1464_/X (sky130_fd_sc_hd__o21a_1)
     1    0.00                           _0358_ (net)
                  0.04    0.00    0.46 ^ _1465_/B (sky130_fd_sc_hd__nor2_1)
                  0.02    0.03    0.49 v _1465_/Y (sky130_fd_sc_hd__nor2_1)
     1    0.00                           _0145_ (net)
                  0.02    0.00    0.49 v _2065_/D (sky130_fd_sc_hd__dfxtp_1)
                                  0.49   data arrival time

                  0.15    0.00    0.00   clock clk (rise edge)
                          0.00    0.00   clock network delay (ideal)
                          0.25    0.25   clock uncertainty
                          0.00    0.25   clock reconvergence pessimism
                                  0.25 ^ _2065_/CLK (sky130_fd_sc_hd__dfxtp_1)
                         -0.02    0.23   library hold time
                                  0.23   data required time
-----------------------------------------------------------------------------
                                  0.23   data required time
                                 -0.49   data arrival time
-----------------------------------------------------------------------------
                                  0.26   slack (MET)


Startpoint: _2049_ (rising edge-triggered flip-flop clocked by clk)
Endpoint: _2049_ (rising edge-triggered flip-flop clocked by clk)
Path Group: clk
Path Type: min

Fanout     Cap    Slew   Delay    Time   Description
-----------------------------------------------------------------------------
                  0.15    0.00    0.00   clock clk (rise edge)
                          0.00    0.00   clock network delay (ideal)
                  0.15    0.00    0.00 ^ _2049_/CLK (sky130_fd_sc_hd__dfxtp_1)
                  0.09    0.37    0.37 v _2049_/Q (sky130_fd_sc_hd__dfxtp_1)
     7    0.02                           uart_rx_raspi_inst.bit_cnt[0] (net)
                  0.09    0.00    0.37 v _1394_/A (sky130_fd_sc_hd__inv_2)
                  0.03    0.05    0.42 ^ _1394_/Y (sky130_fd_sc_hd__inv_2)
     1    0.00                           _0995_ (net)
                  0.03    0.00    0.42 ^ _1402_/A1 (sky130_fd_sc_hd__a221oi_1)
                  0.05    0.05    0.48 v _1402_/Y (sky130_fd_sc_hd__a221oi_1)
     1    0.00                           _0129_ (net)
                  0.05    0.00    0.48 v _2049_/D (sky130_fd_sc_hd__dfxtp_1)
                                  0.48   data arrival time

                  0.15    0.00    0.00   clock clk (rise edge)
                          0.00    0.00   clock network delay (ideal)
                          0.25    0.25   clock uncertainty
                          0.00    0.25   clock reconvergence pessimism
                                  0.25 ^ _2049_/CLK (sky130_fd_sc_hd__dfxtp_1)
                         -0.03    0.22   library hold time
                                  0.22   data required time
-----------------------------------------------------------------------------
                                  0.22   data required time
                                 -0.48   data arrival time
-----------------------------------------------------------------------------
                                  0.26   slack (MET)


Startpoint: _2279_ (rising edge-triggered flip-flop clocked by clk)
Endpoint: _2279_ (rising edge-triggered flip-flop clocked by clk)
Path Group: clk
Path Type: min

Fanout     Cap    Slew   Delay    Time   Description
-----------------------------------------------------------------------------
                  0.15    0.00    0.00   clock clk (rise edge)
                          0.00    0.00   clock network delay (ideal)
                  0.15    0.00    0.00 ^ _2279_/CLK (sky130_fd_sc_hd__dfrtp_1)
                  0.06    0.40    0.40 v _2279_/Q (sky130_fd_sc_hd__dfrtp_1)
     3    0.01                           dual_watchdog_inst.watchdog_fc.falling_edge_timeout.assert_time[15] (net)
                  0.06    0.00    0.40 v _1966_/A (sky130_fd_sc_hd__inv_2)
                  0.03    0.04    0.44 ^ _1966_/Y (sky130_fd_sc_hd__inv_2)
     1    0.00                           _0674_ (net)
                  0.03    0.00    0.44 ^ _1969_/A1 (sky130_fd_sc_hd__a211oi_1)
                  0.04    0.05    0.49 v _1969_/Y (sky130_fd_sc_hd__a211oi_1)
     1    0.00                           _0304_ (net)
                  0.04    0.00    0.49 v _2279_/D (sky130_fd_sc_hd__dfrtp_1)
                                  0.49   data arrival time

                  0.15    0.00    0.00   clock clk (rise edge)
                          0.00    0.00   clock network delay (ideal)
                          0.25    0.25   clock uncertainty
                          0.00    0.25   clock reconvergence pessimism
                                  0.25 ^ _2279_/CLK (sky130_fd_sc_hd__dfrtp_1)
                         -0.02    0.23   library hold time
                                  0.23   data required time
-----------------------------------------------------------------------------
                                  0.23   data required time
                                 -0.49   data arrival time
-----------------------------------------------------------------------------
                                  0.26   slack (MET)


Startpoint: _2251_ (rising edge-triggered flip-flop clocked by clk)
Endpoint: _2251_ (rising edge-triggered flip-flop clocked by clk)
Path Group: clk
Path Type: min

Fanout     Cap    Slew   Delay    Time   Description
-----------------------------------------------------------------------------
                  0.15    0.00    0.00   clock clk (rise edge)
                          0.00    0.00   clock network delay (ideal)
                  0.15    0.00    0.00 ^ _2251_/CLK (sky130_fd_sc_hd__dfrtp_1)
                  0.09    0.37    0.37 ^ _2251_/Q (sky130_fd_sc_hd__dfrtp_1)
     4    0.01                           dual_watchdog_inst.watchdog_fc.rising_edge_timeout.internal_count[14] (net)
                  0.09    0.00    0.37 ^ _1265_/A1 (sky130_fd_sc_hd__o21a_1)
                  0.04    0.12    0.49 ^ _1265_/X (sky130_fd_sc_hd__o21a_1)
     1    0.00                           _0035_ (net)
                  0.04    0.00    0.49 ^ _2251_/D (sky130_fd_sc_hd__dfrtp_1)
                                  0.49   data arrival time

                  0.15    0.00    0.00   clock clk (rise edge)
                          0.00    0.00   clock network delay (ideal)
                          0.25    0.25   clock uncertainty
                          0.00    0.25   clock reconvergence pessimism
                                  0.25 ^ _2251_/CLK (sky130_fd_sc_hd__dfrtp_1)
                         -0.02    0.23   library hold time
                                  0.23   data required time
-----------------------------------------------------------------------------
                                  0.23   data required time
                                 -0.49   data arrival time
-----------------------------------------------------------------------------
                                  0.26   slack (MET)


Startpoint: _2273_ (rising edge-triggered flip-flop clocked by clk)
Endpoint: _2273_ (rising edge-triggered flip-flop clocked by clk)
Path Group: clk
Path Type: min

Fanout     Cap    Slew   Delay    Time   Description
-----------------------------------------------------------------------------
                  0.15    0.00    0.00   clock clk (rise edge)
                          0.00    0.00   clock network delay (ideal)
                  0.15    0.00    0.00 ^ _2273_/CLK (sky130_fd_sc_hd__dfrtp_1)
                  0.06    0.40    0.40 v _2273_/Q (sky130_fd_sc_hd__dfrtp_1)
     3    0.01                           dual_watchdog_inst.watchdog_fc.falling_edge_timeout.assert_time[9] (net)
                  0.06    0.00    0.40 v _1946_/A (sky130_fd_sc_hd__inv_2)
                  0.03    0.04    0.44 ^ _1946_/Y (sky130_fd_sc_hd__inv_2)
     1    0.00                           _0660_ (net)
                  0.03    0.00    0.44 ^ _1949_/A1 (sky130_fd_sc_hd__a211oi_1)
                  0.04    0.05    0.49 v _1949_/Y (sky130_fd_sc_hd__a211oi_1)
     1    0.00                           _0298_ (net)
                  0.04    0.00    0.49 v _2273_/D (sky130_fd_sc_hd__dfrtp_1)
                                  0.49   data arrival time

                  0.15    0.00    0.00   clock clk (rise edge)
                          0.00    0.00   clock network delay (ideal)
                          0.25    0.25   clock uncertainty
                          0.00    0.25   clock reconvergence pessimism
                                  0.25 ^ _2273_/CLK (sky130_fd_sc_hd__dfrtp_1)
                         -0.02    0.23   library hold time
                                  0.23   data required time
-----------------------------------------------------------------------------
                                  0.23   data required time
                                 -0.49   data arrival time
-----------------------------------------------------------------------------
                                  0.26   slack (MET)


Startpoint: _2140_ (rising edge-triggered flip-flop clocked by clk)
Endpoint: _2140_ (rising edge-triggered flip-flop clocked by clk)
Path Group: clk
Path Type: min

Fanout     Cap    Slew   Delay    Time   Description
-----------------------------------------------------------------------------
                  0.15    0.00    0.00   clock clk (rise edge)
                          0.00    0.00   clock network delay (ideal)
                  0.15    0.00    0.00 ^ _2140_/CLK (sky130_fd_sc_hd__dfxtp_1)
                  0.03    0.32    0.32 v _2140_/Q (sky130_fd_sc_hd__dfxtp_1)
     2    0.00                           uart_rx_jetson_inst.prescale_reg[12] (net)
                  0.03    0.00    0.32 v _1729_/A (sky130_fd_sc_hd__nand2_1)
                  0.04    0.05    0.36 ^ _1729_/Y (sky130_fd_sc_hd__nand2_1)
     1    0.00                           _0548_ (net)
                  0.04    0.00    0.36 ^ _1730_/B1 (sky130_fd_sc_hd__o21a_1)
                  0.04    0.10    0.46 ^ _1730_/X (sky130_fd_sc_hd__o21a_1)
     1    0.00                           _0549_ (net)
                  0.04    0.00    0.46 ^ _1731_/B (sky130_fd_sc_hd__nor2_1)
                  0.02    0.03    0.49 v _1731_/Y (sky130_fd_sc_hd__nor2_1)
     1    0.00                           _0220_ (net)
                  0.02    0.00    0.49 v _2140_/D (sky130_fd_sc_hd__dfxtp_1)
                                  0.49   data arrival time

                  0.15    0.00    0.00   clock clk (rise edge)
                          0.00    0.00   clock network delay (ideal)
                          0.25    0.25   clock uncertainty
                          0.00    0.25   clock reconvergence pessimism
                                  0.25 ^ _2140_/CLK (sky130_fd_sc_hd__dfxtp_1)
                         -0.02    0.23   library hold time
                                  0.23   data required time
-----------------------------------------------------------------------------
                                  0.23   data required time
                                 -0.49   data arrival time
-----------------------------------------------------------------------------
                                  0.26   slack (MET)


Startpoint: _2176_ (rising edge-triggered flip-flop clocked by clk)
Endpoint: _2174_ (rising edge-triggered flip-flop clocked by clk)
Path Group: clk
Path Type: min

Fanout     Cap    Slew   Delay    Time   Description
-----------------------------------------------------------------------------
                  0.15    0.00    0.00   clock clk (rise edge)
                          0.00    0.00   clock network delay (ideal)
                  0.15    0.00    0.00 ^ _2176_/CLK (sky130_fd_sc_hd__dfxtp_1)
                  0.05    0.33    0.33 v _2176_/Q (sky130_fd_sc_hd__dfxtp_1)
     2    0.01                           uart_tx_raspi_inst.s_axis_tready_reg (net)
                  0.05    0.00    0.33 v _1777_/A (sky130_fd_sc_hd__inv_2)
                  0.03    0.05    0.38 ^ _1777_/Y (sky130_fd_sc_hd__inv_2)
     2    0.01                           _0562_ (net)
                  0.03    0.00    0.38 ^ _1778_/A1 (sky130_fd_sc_hd__a21oi_1)
                  0.04    0.05    0.42 v _1778_/Y (sky130_fd_sc_hd__a21oi_1)
     1    0.00                           _0563_ (net)
                  0.04    0.00    0.42 v _1779_/B (sky130_fd_sc_hd__nor2_1)
                  0.06    0.07    0.49 ^ _1779_/Y (sky130_fd_sc_hd__nor2_1)
     1    0.00                           _0254_ (net)
                  0.06    0.00    0.49 ^ _2174_/D (sky130_fd_sc_hd__dfxtp_1)
                                  0.49   data arrival time

                  0.15    0.00    0.00   clock clk (rise edge)
                          0.00    0.00   clock network delay (ideal)
                          0.25    0.25   clock uncertainty
                          0.00    0.25   clock reconvergence pessimism
                                  0.25 ^ _2174_/CLK (sky130_fd_sc_hd__dfxtp_1)
                         -0.02    0.23   library hold time
                                  0.23   data required time
-----------------------------------------------------------------------------
                                  0.23   data required time
                                 -0.49   data arrival time
-----------------------------------------------------------------------------
                                  0.26   slack (MET)


Startpoint: _2211_ (rising edge-triggered flip-flop clocked by clk)
Endpoint: _2211_ (rising edge-triggered flip-flop clocked by clk)
Path Group: clk
Path Type: min

Fanout     Cap    Slew   Delay    Time   Description
-----------------------------------------------------------------------------
                  0.15    0.00    0.00   clock clk (rise edge)
                          0.00    0.00   clock network delay (ideal)
                  0.15    0.00    0.00 ^ _2211_/CLK (sky130_fd_sc_hd__dfrtp_1)
                  0.09    0.37    0.37 ^ _2211_/Q (sky130_fd_sc_hd__dfrtp_1)
     4    0.01                           dual_watchdog_inst.watchdog_fc.falling_edge_timeout.internal_count[2] (net)
                  0.09    0.00    0.37 ^ _1151_/B1 (sky130_fd_sc_hd__a21oi_1)
                  0.04    0.05    0.42 v _1151_/Y (sky130_fd_sc_hd__a21oi_1)
     1    0.00                           _0823_ (net)
                  0.04    0.00    0.42 v _1152_/B (sky130_fd_sc_hd__nor2_1)
                  0.07    0.07    0.49 ^ _1152_/Y (sky130_fd_sc_hd__nor2_1)
     1    0.00                           _0022_ (net)
                  0.07    0.00    0.49 ^ _2211_/D (sky130_fd_sc_hd__dfrtp_1)
                                  0.49   data arrival time

                  0.15    0.00    0.00   clock clk (rise edge)
                          0.00    0.00   clock network delay (ideal)
                          0.25    0.25   clock uncertainty
                          0.00    0.25   clock reconvergence pessimism
                                  0.25 ^ _2211_/CLK (sky130_fd_sc_hd__dfrtp_1)
                         -0.03    0.22   library hold time
                                  0.22   data required time
-----------------------------------------------------------------------------
                                  0.22   data required time
                                 -0.49   data arrival time
-----------------------------------------------------------------------------
                                  0.26   slack (MET)


Startpoint: _2168_ (rising edge-triggered flip-flop clocked by clk)
Endpoint: _2168_ (rising edge-triggered flip-flop clocked by clk)
Path Group: clk
Path Type: min

Fanout     Cap    Slew   Delay    Time   Description
-----------------------------------------------------------------------------
                  0.15    0.00    0.00   clock clk (rise edge)
                          0.00    0.00   clock network delay (ideal)
                  0.15    0.00    0.00 ^ _2168_/CLK (sky130_fd_sc_hd__dfrtp_1)
                  0.13    0.40    0.40 ^ _2168_/Q (sky130_fd_sc_hd__dfrtp_1)
     6    0.01                           dual_watchdog_inst.watchdog_fc.rising_edge_timeout.assert_time[21] (net)
                  0.13    0.00    0.40 ^ _1067_/A1 (sky130_fd_sc_hd__a311oi_1)
                  0.04    0.09    0.49 v _1067_/Y (sky130_fd_sc_hd__a311oi_1)
     1    0.00                           _0248_ (net)
                  0.04    0.00    0.49 v _2168_/D (sky130_fd_sc_hd__dfrtp_1)
                                  0.49   data arrival time

                  0.15    0.00    0.00   clock clk (rise edge)
                          0.00    0.00   clock network delay (ideal)
                          0.25    0.25   clock uncertainty
                          0.00    0.25   clock reconvergence pessimism
                                  0.25 ^ _2168_/CLK (sky130_fd_sc_hd__dfrtp_1)
                         -0.02    0.23   library hold time
                                  0.23   data required time
-----------------------------------------------------------------------------
                                  0.23   data required time
                                 -0.49   data arrival time
-----------------------------------------------------------------------------
                                  0.26   slack (MET)


Startpoint: _2262_ (rising edge-triggered flip-flop clocked by clk)
Endpoint: _2262_ (rising edge-triggered flip-flop clocked by clk)
Path Group: clk
Path Type: min

Fanout     Cap    Slew   Delay    Time   Description
-----------------------------------------------------------------------------
                  0.15    0.00    0.00   clock clk (rise edge)
                          0.00    0.00   clock network delay (ideal)
                  0.15    0.00    0.00 ^ _2262_/CLK (sky130_fd_sc_hd__dfrtp_1)
                  0.13    0.40    0.40 ^ _2262_/Q (sky130_fd_sc_hd__dfrtp_1)
     5    0.01                           dual_watchdog_inst.watchdog_fc.rising_edge_timeout.internal_count[25] (net)
                  0.13    0.00    0.40 ^ _1300_/A1 (sky130_fd_sc_hd__a311oi_1)
                  0.04    0.09    0.50 v _1300_/Y (sky130_fd_sc_hd__a311oi_1)
     1    0.00                           _0047_ (net)
                  0.04    0.00    0.50 v _2262_/D (sky130_fd_sc_hd__dfrtp_1)
                                  0.50   data arrival time

                  0.15    0.00    0.00   clock clk (rise edge)
                          0.00    0.00   clock network delay (ideal)
                          0.25    0.25   clock uncertainty
                          0.00    0.25   clock reconvergence pessimism
                                  0.25 ^ _2262_/CLK (sky130_fd_sc_hd__dfrtp_1)
                         -0.02    0.23   library hold time
                                  0.23   data required time
-----------------------------------------------------------------------------
                                  0.23   data required time
                                 -0.50   data arrival time
-----------------------------------------------------------------------------
                                  0.26   slack (MET)


Startpoint: _2275_ (rising edge-triggered flip-flop clocked by clk)
Endpoint: _2275_ (rising edge-triggered flip-flop clocked by clk)
Path Group: clk
Path Type: min

Fanout     Cap    Slew   Delay    Time   Description
-----------------------------------------------------------------------------
                  0.15    0.00    0.00   clock clk (rise edge)
                          0.00    0.00   clock network delay (ideal)
                  0.15    0.00    0.00 ^ _2275_/CLK (sky130_fd_sc_hd__dfrtp_1)
                  0.07    0.40    0.40 v _2275_/Q (sky130_fd_sc_hd__dfrtp_1)
     3    0.01                           dual_watchdog_inst.watchdog_fc.falling_edge_timeout.assert_time[11] (net)
                  0.07    0.00    0.40 v _1952_/A (sky130_fd_sc_hd__inv_2)
                  0.03    0.05    0.45 ^ _1952_/Y (sky130_fd_sc_hd__inv_2)
     1    0.00                           _0664_ (net)
                  0.03    0.00    0.45 ^ _1955_/A1 (sky130_fd_sc_hd__a211oi_1)
                  0.05    0.05    0.49 v _1955_/Y (sky130_fd_sc_hd__a211oi_1)
     1    0.00                           _0300_ (net)
                  0.05    0.00    0.49 v _2275_/D (sky130_fd_sc_hd__dfrtp_1)
                                  0.49   data arrival time

                  0.15    0.00    0.00   clock clk (rise edge)
                          0.00    0.00   clock network delay (ideal)
                          0.25    0.25   clock uncertainty
                          0.00    0.25   clock reconvergence pessimism
                                  0.25 ^ _2275_/CLK (sky130_fd_sc_hd__dfrtp_1)
                         -0.02    0.23   library hold time
                                  0.23   data required time
-----------------------------------------------------------------------------
                                  0.23   data required time
                                 -0.49   data arrival time
-----------------------------------------------------------------------------
                                  0.27   slack (MET)


Startpoint: _2217_ (rising edge-triggered flip-flop clocked by clk)
Endpoint: _2217_ (rising edge-triggered flip-flop clocked by clk)
Path Group: clk
Path Type: min

Fanout     Cap    Slew   Delay    Time   Description
-----------------------------------------------------------------------------
                  0.15    0.00    0.00   clock clk (rise edge)
                          0.00    0.00   clock network delay (ideal)
                  0.15    0.00    0.00 ^ _2217_/CLK (sky130_fd_sc_hd__dfrtp_1)
                  0.15    0.41    0.41 ^ _2217_/Q (sky130_fd_sc_hd__dfrtp_1)
     7    0.02                           dual_watchdog_inst.watchdog_fc.falling_edge_timeout.internal_count[8] (net)
                  0.15    0.00    0.41 ^ _1170_/A1 (sky130_fd_sc_hd__a211oi_1)
                  0.04    0.08    0.50 v _1170_/Y (sky130_fd_sc_hd__a211oi_1)
     1    0.00                           _0028_ (net)
                  0.04    0.00    0.50 v _2217_/D (sky130_fd_sc_hd__dfrtp_1)
                                  0.50   data arrival time

                  0.15    0.00    0.00   clock clk (rise edge)
                          0.00    0.00   clock network delay (ideal)
                          0.25    0.25   clock uncertainty
                          0.00    0.25   clock reconvergence pessimism
                                  0.25 ^ _2217_/CLK (sky130_fd_sc_hd__dfrtp_1)
                         -0.02    0.23   library hold time
                                  0.23   data required time
-----------------------------------------------------------------------------
                                  0.23   data required time
                                 -0.50   data arrival time
-----------------------------------------------------------------------------
                                  0.27   slack (MET)


Startpoint: _2287_ (rising edge-triggered flip-flop clocked by clk)
Endpoint: _2287_ (rising edge-triggered flip-flop clocked by clk)
Path Group: clk
Path Type: min

Fanout     Cap    Slew   Delay    Time   Description
-----------------------------------------------------------------------------
                  0.15    0.00    0.00   clock clk (rise edge)
                          0.00    0.00   clock network delay (ideal)
                  0.15    0.00    0.00 ^ _2287_/CLK (sky130_fd_sc_hd__dfrtp_1)
                  0.07    0.40    0.40 v _2287_/Q (sky130_fd_sc_hd__dfrtp_1)
     3    0.01                           dual_watchdog_inst.watchdog_fc.falling_edge_timeout.assert_time[23] (net)
                  0.07    0.00    0.40 v _1991_/A (sky130_fd_sc_hd__inv_2)
                  0.03    0.05    0.45 ^ _1991_/Y (sky130_fd_sc_hd__inv_2)
     1    0.00                           _0691_ (net)
                  0.03    0.00    0.45 ^ _1995_/A1 (sky130_fd_sc_hd__a211oi_1)
                  0.04    0.05    0.50 v _1995_/Y (sky130_fd_sc_hd__a211oi_1)
     1    0.00                           _0312_ (net)
                  0.04    0.00    0.50 v _2287_/D (sky130_fd_sc_hd__dfrtp_1)
                                  0.50   data arrival time

                  0.15    0.00    0.00   clock clk (rise edge)
                          0.00    0.00   clock network delay (ideal)
                          0.25    0.25   clock uncertainty
                          0.00    0.25   clock reconvergence pessimism
                                  0.25 ^ _2287_/CLK (sky130_fd_sc_hd__dfrtp_1)
                         -0.02    0.23   library hold time
                                  0.23   data required time
-----------------------------------------------------------------------------
                                  0.23   data required time
                                 -0.50   data arrival time
-----------------------------------------------------------------------------
                                  0.27   slack (MET)


Startpoint: _2239_ (rising edge-triggered flip-flop clocked by clk)
Endpoint: _2239_ (rising edge-triggered flip-flop clocked by clk)
Path Group: clk
Path Type: min

Fanout     Cap    Slew   Delay    Time   Description
-----------------------------------------------------------------------------
                  0.15    0.00    0.00   clock clk (rise edge)
                          0.00    0.00   clock network delay (ideal)
                  0.15    0.00    0.00 ^ _2239_/CLK (sky130_fd_sc_hd__dfrtp_1)
                  0.09    0.37    0.37 ^ _2239_/Q (sky130_fd_sc_hd__dfrtp_1)
     4    0.01                           dual_watchdog_inst.watchdog_fc.rising_edge_timeout.internal_count[2] (net)
                  0.09    0.00    0.37 ^ _1228_/B1 (sky130_fd_sc_hd__a21oi_1)
                  0.04    0.04    0.42 v _1228_/Y (sky130_fd_sc_hd__a21oi_1)
     1    0.00                           _0873_ (net)
                  0.04    0.00    0.42 v _1229_/B (sky130_fd_sc_hd__nor2_1)
                  0.08    0.07    0.49 ^ _1229_/Y (sky130_fd_sc_hd__nor2_1)
     1    0.00                           _0049_ (net)
                  0.08    0.00    0.49 ^ _2239_/D (sky130_fd_sc_hd__dfrtp_1)
                                  0.49   data arrival time

                  0.15    0.00    0.00   clock clk (rise edge)
                          0.00    0.00   clock network delay (ideal)
                          0.25    0.25   clock uncertainty
                          0.00    0.25   clock reconvergence pessimism
                                  0.25 ^ _2239_/CLK (sky130_fd_sc_hd__dfrtp_1)
                         -0.03    0.22   library hold time
                                  0.22   data required time
-----------------------------------------------------------------------------
                                  0.22   data required time
                                 -0.49   data arrival time
-----------------------------------------------------------------------------
                                  0.27   slack (MET)


Startpoint: _2234_ (rising edge-triggered flip-flop clocked by clk)
Endpoint: _2234_ (rising edge-triggered flip-flop clocked by clk)
Path Group: clk
Path Type: min

Fanout     Cap    Slew   Delay    Time   Description
-----------------------------------------------------------------------------
                  0.15    0.00    0.00   clock clk (rise edge)
                          0.00    0.00   clock network delay (ideal)
                  0.15    0.00    0.00 ^ _2234_/CLK (sky130_fd_sc_hd__dfrtp_1)
                  0.14    0.41    0.41 ^ _2234_/Q (sky130_fd_sc_hd__dfrtp_1)
     5    0.01                           dual_watchdog_inst.watchdog_fc.falling_edge_timeout.internal_count[25] (net)
                  0.14    0.00    0.41 ^ _1220_/A1 (sky130_fd_sc_hd__a311oi_1)
                  0.04    0.09    0.50 v _1220_/Y (sky130_fd_sc_hd__a311oi_1)
     1    0.00                           _0020_ (net)
                  0.04    0.00    0.50 v _2234_/D (sky130_fd_sc_hd__dfrtp_1)
                                  0.50   data arrival time

                  0.15    0.00    0.00   clock clk (rise edge)
                          0.00    0.00   clock network delay (ideal)
                          0.25    0.25   clock uncertainty
                          0.00    0.25   clock reconvergence pessimism
                                  0.25 ^ _2234_/CLK (sky130_fd_sc_hd__dfrtp_1)
                         -0.02    0.23   library hold time
                                  0.23   data required time
-----------------------------------------------------------------------------
                                  0.23   data required time
                                 -0.50   data arrival time
-----------------------------------------------------------------------------
                                  0.27   slack (MET)


Startpoint: _2222_ (rising edge-triggered flip-flop clocked by clk)
Endpoint: _2222_ (rising edge-triggered flip-flop clocked by clk)
Path Group: clk
Path Type: min

Fanout     Cap    Slew   Delay    Time   Description
-----------------------------------------------------------------------------
                  0.15    0.00    0.00   clock clk (rise edge)
                          0.00    0.00   clock network delay (ideal)
                  0.15    0.00    0.00 ^ _2222_/CLK (sky130_fd_sc_hd__dfrtp_1)
                  0.09    0.37    0.37 ^ _2222_/Q (sky130_fd_sc_hd__dfrtp_1)
     4    0.01                           dual_watchdog_inst.watchdog_fc.falling_edge_timeout.internal_count[13] (net)
                  0.09    0.00    0.37 ^ _1185_/A1 (sky130_fd_sc_hd__o21ba_1)
                  0.04    0.13    0.50 ^ _1185_/X (sky130_fd_sc_hd__o21ba_1)
     1    0.00                           _0007_ (net)
                  0.04    0.00    0.50 ^ _2222_/D (sky130_fd_sc_hd__dfrtp_1)
                                  0.50   data arrival time

                  0.15    0.00    0.00   clock clk (rise edge)
                          0.00    0.00   clock network delay (ideal)
                          0.25    0.25   clock uncertainty
                          0.00    0.25   clock reconvergence pessimism
                                  0.25 ^ _2222_/CLK (sky130_fd_sc_hd__dfrtp_1)
                         -0.02    0.23   library hold time
                                  0.23   data required time
-----------------------------------------------------------------------------
                                  0.23   data required time
                                 -0.50   data arrival time
-----------------------------------------------------------------------------
                                  0.27   slack (MET)


Startpoint: _2283_ (rising edge-triggered flip-flop clocked by clk)
Endpoint: _2283_ (rising edge-triggered flip-flop clocked by clk)
Path Group: clk
Path Type: min

Fanout     Cap    Slew   Delay    Time   Description
-----------------------------------------------------------------------------
                  0.15    0.00    0.00   clock clk (rise edge)
                          0.00    0.00   clock network delay (ideal)
                  0.15    0.00    0.00 ^ _2283_/CLK (sky130_fd_sc_hd__dfrtp_1)
                  0.07    0.36    0.36 ^ _2283_/Q (sky130_fd_sc_hd__dfrtp_1)
     3    0.01                           dual_watchdog_inst.watchdog_fc.falling_edge_timeout.assert_time[19] (net)
                  0.07    0.00    0.36 ^ _1980_/A1 (sky130_fd_sc_hd__o211a_1)
                  0.04    0.14    0.50 ^ _1980_/X (sky130_fd_sc_hd__o211a_1)
     1    0.00                           _0308_ (net)
                  0.04    0.00    0.50 ^ _2283_/D (sky130_fd_sc_hd__dfrtp_1)
                                  0.50   data arrival time

                  0.15    0.00    0.00   clock clk (rise edge)
                          0.00    0.00   clock network delay (ideal)
                          0.25    0.25   clock uncertainty
                          0.00    0.25   clock reconvergence pessimism
                                  0.25 ^ _2283_/CLK (sky130_fd_sc_hd__dfrtp_1)
                         -0.02    0.23   library hold time
                                  0.23   data required time
-----------------------------------------------------------------------------
                                  0.23   data required time
                                 -0.50   data arrival time
-----------------------------------------------------------------------------
                                  0.27   slack (MET)


Startpoint: _2269_ (rising edge-triggered flip-flop clocked by clk)
Endpoint: _2269_ (rising edge-triggered flip-flop clocked by clk)
Path Group: clk
Path Type: min

Fanout     Cap    Slew   Delay    Time   Description
-----------------------------------------------------------------------------
                  0.15    0.00    0.00   clock clk (rise edge)
                          0.00    0.00   clock network delay (ideal)
                  0.15    0.00    0.00 ^ _2269_/CLK (sky130_fd_sc_hd__dfrtp_1)
                  0.08    0.36    0.36 ^ _2269_/Q (sky130_fd_sc_hd__dfrtp_1)
     3    0.01                           dual_watchdog_inst.watchdog_fc.falling_edge_timeout.assert_time[5] (net)
                  0.08    0.00    0.36 ^ _1935_/A1 (sky130_fd_sc_hd__o211a_1)
                  0.04    0.14    0.50 ^ _1935_/X (sky130_fd_sc_hd__o211a_1)
     1    0.00                           _0294_ (net)
                  0.04    0.00    0.50 ^ _2269_/D (sky130_fd_sc_hd__dfrtp_1)
                                  0.50   data arrival time

                  0.15    0.00    0.00   clock clk (rise edge)
                          0.00    0.00   clock network delay (ideal)
                          0.25    0.25   clock uncertainty
                          0.00    0.25   clock reconvergence pessimism
                                  0.25 ^ _2269_/CLK (sky130_fd_sc_hd__dfrtp_1)
                         -0.02    0.23   library hold time
                                  0.23   data required time
-----------------------------------------------------------------------------
                                  0.23   data required time
                                 -0.50   data arrival time
-----------------------------------------------------------------------------
                                  0.27   slack (MET)


Startpoint: _2255_ (rising edge-triggered flip-flop clocked by clk)
Endpoint: _2255_ (rising edge-triggered flip-flop clocked by clk)
Path Group: clk
Path Type: min

Fanout     Cap    Slew   Delay    Time   Description
-----------------------------------------------------------------------------
                  0.15    0.00    0.00   clock clk (rise edge)
                          0.00    0.00   clock network delay (ideal)
                  0.15    0.00    0.00 ^ _2255_/CLK (sky130_fd_sc_hd__dfrtp_1)
                  0.09    0.37    0.37 ^ _2255_/Q (sky130_fd_sc_hd__dfrtp_1)
     4    0.01                           dual_watchdog_inst.watchdog_fc.rising_edge_timeout.internal_count[18] (net)
                  0.09    0.00    0.37 ^ _1276_/B1 (sky130_fd_sc_hd__a21oi_1)
                  0.04    0.04    0.41 v _1276_/Y (sky130_fd_sc_hd__a21oi_1)
     1    0.00                           _0905_ (net)
                  0.04    0.00    0.41 v _1278_/A (sky130_fd_sc_hd__nor2_1)
                  0.07    0.08    0.50 ^ _1278_/Y (sky130_fd_sc_hd__nor2_1)
     1    0.00                           _0039_ (net)
                  0.07    0.00    0.50 ^ _2255_/D (sky130_fd_sc_hd__dfrtp_1)
                                  0.50   data arrival time

                  0.15    0.00    0.00   clock clk (rise edge)
                          0.00    0.00   clock network delay (ideal)
                          0.25    0.25   clock uncertainty
                          0.00    0.25   clock reconvergence pessimism
                                  0.25 ^ _2255_/CLK (sky130_fd_sc_hd__dfrtp_1)
                         -0.03    0.22   library hold time
                                  0.22   data required time
-----------------------------------------------------------------------------
                                  0.22   data required time
                                 -0.50   data arrival time
-----------------------------------------------------------------------------
                                  0.27   slack (MET)


Startpoint: _2214_ (rising edge-triggered flip-flop clocked by clk)
Endpoint: _2214_ (rising edge-triggered flip-flop clocked by clk)
Path Group: clk
Path Type: min

Fanout     Cap    Slew   Delay    Time   Description
-----------------------------------------------------------------------------
                  0.15    0.00    0.00   clock clk (rise edge)
                          0.00    0.00   clock network delay (ideal)
                  0.15    0.00    0.00 ^ _2214_/CLK (sky130_fd_sc_hd__dfrtp_1)
                  0.07    0.36    0.36 ^ _2214_/Q (sky130_fd_sc_hd__dfrtp_1)
     3    0.01                           dual_watchdog_inst.watchdog_fc.falling_edge_timeout.internal_count[5] (net)
                  0.07    0.00    0.36 ^ _1159_/B1 (sky130_fd_sc_hd__a21oi_1)
                  0.03    0.04    0.40 v _1159_/Y (sky130_fd_sc_hd__a21oi_1)
     1    0.00                           _0828_ (net)
                  0.03    0.00    0.40 v _1160_/B1 (sky130_fd_sc_hd__a21oi_1)
                  0.08    0.09    0.49 ^ _1160_/Y (sky130_fd_sc_hd__a21oi_1)
     1    0.00                           _0025_ (net)
                  0.08    0.00    0.49 ^ _2214_/D (sky130_fd_sc_hd__dfrtp_1)
                                  0.49   data arrival time

                  0.15    0.00    0.00   clock clk (rise edge)
                          0.00    0.00   clock network delay (ideal)
                          0.25    0.25   clock uncertainty
                          0.00    0.25   clock reconvergence pessimism
                                  0.25 ^ _2214_/CLK (sky130_fd_sc_hd__dfrtp_1)
                         -0.03    0.22   library hold time
                                  0.22   data required time
-----------------------------------------------------------------------------
                                  0.22   data required time
                                 -0.49   data arrival time
-----------------------------------------------------------------------------
                                  0.27   slack (MET)


Startpoint: _2107_ (rising edge-triggered flip-flop clocked by clk)
Endpoint: _2107_ (rising edge-triggered flip-flop clocked by clk)
Path Group: clk
Path Type: min

Fanout     Cap    Slew   Delay    Time   Description
-----------------------------------------------------------------------------
                  0.15    0.00    0.00   clock clk (rise edge)
                          0.00    0.00   clock network delay (ideal)
                  0.15    0.00    0.00 ^ _2107_/CLK (sky130_fd_sc_hd__dfxtp_1)
                  0.07    0.34    0.34 ^ _2107_/Q (sky130_fd_sc_hd__dfxtp_1)
     3    0.01                           rst_cnt[7] (net)
                  0.07    0.00    0.34 ^ _1599_/A (sky130_fd_sc_hd__or2_1)
                  0.04    0.10    0.44 ^ _1599_/X (sky130_fd_sc_hd__or2_1)
     1    0.00                           _0451_ (net)
                  0.04    0.00    0.44 ^ _1600_/A (sky130_fd_sc_hd__clkbuf_1)
                  0.04    0.07    0.51 ^ _1600_/X (sky130_fd_sc_hd__clkbuf_1)
     1    0.00                           _0187_ (net)
                  0.04    0.00    0.51 ^ _2107_/D (sky130_fd_sc_hd__dfxtp_1)
                                  0.51   data arrival time

                  0.15    0.00    0.00   clock clk (rise edge)
                          0.00    0.00   clock network delay (ideal)
                          0.25    0.25   clock uncertainty
                          0.00    0.25   clock reconvergence pessimism
                                  0.25 ^ _2107_/CLK (sky130_fd_sc_hd__dfxtp_1)
                         -0.02    0.23   library hold time
                                  0.23   data required time
-----------------------------------------------------------------------------
                                  0.23   data required time
                                 -0.51   data arrival time
-----------------------------------------------------------------------------
                                  0.27   slack (MET)


Startpoint: _2040_ (rising edge-triggered flip-flop clocked by clk)
Endpoint: _2040_ (rising edge-triggered flip-flop clocked by clk)
Path Group: clk
Path Type: min

Fanout     Cap    Slew   Delay    Time   Description
-----------------------------------------------------------------------------
                  0.15    0.00    0.00   clock clk (rise edge)
                          0.00    0.00   clock network delay (ideal)
                  0.15    0.00    0.00 ^ _2040_/CLK (sky130_fd_sc_hd__dfxtp_1)
                  0.06    0.33    0.33 ^ _2040_/Q (sky130_fd_sc_hd__dfxtp_1)
     2    0.00                           uart_tx_raspi_inst.data_reg[8] (net)
                  0.06    0.00    0.33 ^ _1352_/A1 (sky130_fd_sc_hd__mux2_1)
                  0.04    0.11    0.44 ^ _1352_/X (sky130_fd_sc_hd__mux2_1)
     1    0.00                           _0962_ (net)
                  0.04    0.00    0.44 ^ _1353_/A (sky130_fd_sc_hd__clkbuf_1)
                  0.04    0.07    0.51 ^ _1353_/X (sky130_fd_sc_hd__clkbuf_1)
     1    0.00                           _0120_ (net)
                  0.04    0.00    0.51 ^ _2040_/D (sky130_fd_sc_hd__dfxtp_1)
                                  0.51   data arrival time

                  0.15    0.00    0.00   clock clk (rise edge)
                          0.00    0.00   clock network delay (ideal)
                          0.25    0.25   clock uncertainty
                          0.00    0.25   clock reconvergence pessimism
                                  0.25 ^ _2040_/CLK (sky130_fd_sc_hd__dfxtp_1)
                         -0.02    0.23   library hold time
                                  0.23   data required time
-----------------------------------------------------------------------------
                                  0.23   data required time
                                 -0.51   data arrival time
-----------------------------------------------------------------------------
                                  0.27   slack (MET)


Startpoint: _2075_ (rising edge-triggered flip-flop clocked by clk)
Endpoint: _2073_ (rising edge-triggered flip-flop clocked by clk)
Path Group: clk
Path Type: min

Fanout     Cap    Slew   Delay    Time   Description
-----------------------------------------------------------------------------
                  0.15    0.00    0.00   clock clk (rise edge)
                          0.00    0.00   clock network delay (ideal)
                  0.15    0.00    0.00 ^ _2075_/CLK (sky130_fd_sc_hd__dfxtp_1)
                  0.08    0.35    0.35 ^ _2075_/Q (sky130_fd_sc_hd__dfxtp_1)
     3    0.01                           uart_tx_jetson_inst.s_axis_tready_reg (net)
                  0.08    0.00    0.35 ^ _1482_/A (sky130_fd_sc_hd__or2b_1)
                  0.04    0.10    0.45 ^ _1482_/X (sky130_fd_sc_hd__or2b_1)
     1    0.00                           _0368_ (net)
                  0.04    0.00    0.45 ^ _1483_/A2 (sky130_fd_sc_hd__a21oi_1)
                  0.03    0.05    0.50 v _1483_/Y (sky130_fd_sc_hd__a21oi_1)
     1    0.00                           _0153_ (net)
                  0.03    0.00    0.50 v _2073_/D (sky130_fd_sc_hd__dfxtp_1)
                                  0.50   data arrival time

                  0.15    0.00    0.00   clock clk (rise edge)
                          0.00    0.00   clock network delay (ideal)
                          0.25    0.25   clock uncertainty
                          0.00    0.25   clock reconvergence pessimism
                                  0.25 ^ _2073_/CLK (sky130_fd_sc_hd__dfxtp_1)
                         -0.03    0.22   library hold time
                                  0.22   data required time
-----------------------------------------------------------------------------
                                  0.22   data required time
                                 -0.50   data arrival time
-----------------------------------------------------------------------------
                                  0.27   slack (MET)


Startpoint: _2185_ (rising edge-triggered flip-flop clocked by clk)
Endpoint: _2185_ (rising edge-triggered flip-flop clocked by clk)
Path Group: clk
Path Type: min

Fanout     Cap    Slew   Delay    Time   Description
-----------------------------------------------------------------------------
                  0.15    0.00    0.00   clock clk (rise edge)
                          0.00    0.00   clock network delay (ideal)
                  0.15    0.00    0.00 ^ _2185_/CLK (sky130_fd_sc_hd__dfxtp_1)
                  0.06    0.33    0.33 ^ _2185_/Q (sky130_fd_sc_hd__dfxtp_1)
     2    0.00                           uart_tx_jetson_inst.data_reg[8] (net)
                  0.06    0.00    0.33 ^ _1813_/A1 (sky130_fd_sc_hd__mux2_1)
                  0.04    0.11    0.44 ^ _1813_/X (sky130_fd_sc_hd__mux2_1)
     1    0.00                           _0587_ (net)
                  0.04    0.00    0.44 ^ _1814_/A (sky130_fd_sc_hd__clkbuf_1)
                  0.04    0.07    0.51 ^ _1814_/X (sky130_fd_sc_hd__clkbuf_1)
     1    0.00                           _0265_ (net)
                  0.04    0.00    0.51 ^ _2185_/D (sky130_fd_sc_hd__dfxtp_1)
                                  0.51   data arrival time

                  0.15    0.00    0.00   clock clk (rise edge)
                          0.00    0.00   clock network delay (ideal)
                          0.25    0.25   clock uncertainty
                          0.00    0.25   clock reconvergence pessimism
                                  0.25 ^ _2185_/CLK (sky130_fd_sc_hd__dfxtp_1)
                         -0.02    0.23   library hold time
                                  0.23   data required time
-----------------------------------------------------------------------------
                                  0.23   data required time
                                 -0.51   data arrival time
-----------------------------------------------------------------------------
                                  0.27   slack (MET)


Startpoint: _2139_ (rising edge-triggered flip-flop clocked by clk)
Endpoint: _2139_ (rising edge-triggered flip-flop clocked by clk)
Path Group: clk
Path Type: min

Fanout     Cap    Slew   Delay    Time   Description
-----------------------------------------------------------------------------
                  0.15    0.00    0.00   clock clk (rise edge)
                          0.00    0.00   clock network delay (ideal)
                  0.15    0.00    0.00 ^ _2139_/CLK (sky130_fd_sc_hd__dfxtp_1)
                  0.04    0.32    0.32 v _2139_/Q (sky130_fd_sc_hd__dfxtp_1)
     3    0.00                           uart_rx_jetson_inst.prescale_reg[11] (net)
                  0.04    0.00    0.32 v _1727_/B_N (sky130_fd_sc_hd__or2b_1)
                  0.04    0.13    0.45 ^ _1727_/X (sky130_fd_sc_hd__or2b_1)
     1    0.00                           _0547_ (net)
                  0.04    0.00    0.45 ^ _1728_/A2 (sky130_fd_sc_hd__a21oi_1)
                  0.03    0.05    0.50 v _1728_/Y (sky130_fd_sc_hd__a21oi_1)
     1    0.00                           _0219_ (net)
                  0.03    0.00    0.50 v _2139_/D (sky130_fd_sc_hd__dfxtp_1)
                                  0.50   data arrival time

                  0.15    0.00    0.00   clock clk (rise edge)
                          0.00    0.00   clock network delay (ideal)
                          0.25    0.25   clock uncertainty
                          0.00    0.25   clock reconvergence pessimism
                                  0.25 ^ _2139_/CLK (sky130_fd_sc_hd__dfxtp_1)
                         -0.03    0.22   library hold time
                                  0.22   data required time
-----------------------------------------------------------------------------
                                  0.22   data required time
                                 -0.50   data arrival time
-----------------------------------------------------------------------------
                                  0.28   slack (MET)


Startpoint: _2036_ (rising edge-triggered flip-flop clocked by clk)
Endpoint: _2036_ (rising edge-triggered flip-flop clocked by clk)
Path Group: clk
Path Type: min

Fanout     Cap    Slew   Delay    Time   Description
-----------------------------------------------------------------------------
                  0.15    0.00    0.00   clock clk (rise edge)
                          0.00    0.00   clock network delay (ideal)
                  0.15    0.00    0.00 ^ _2036_/CLK (sky130_fd_sc_hd__dfxtp_1)
                  0.06    0.33    0.33 ^ _2036_/Q (sky130_fd_sc_hd__dfxtp_1)
     2    0.00                           uart_tx_raspi_inst.data_reg[4] (net)
                  0.06    0.00    0.33 ^ _1340_/A1 (sky130_fd_sc_hd__mux2_1)
                  0.04    0.11    0.44 ^ _1340_/X (sky130_fd_sc_hd__mux2_1)
     1    0.00                           _0954_ (net)
                  0.04    0.00    0.44 ^ _1341_/A (sky130_fd_sc_hd__clkbuf_1)
                  0.04    0.07    0.51 ^ _1341_/X (sky130_fd_sc_hd__clkbuf_1)
     1    0.00                           _0116_ (net)
                  0.04    0.00    0.51 ^ _2036_/D (sky130_fd_sc_hd__dfxtp_1)
                                  0.51   data arrival time

                  0.15    0.00    0.00   clock clk (rise edge)
                          0.00    0.00   clock network delay (ideal)
                          0.25    0.25   clock uncertainty
                          0.00    0.25   clock reconvergence pessimism
                                  0.25 ^ _2036_/CLK (sky130_fd_sc_hd__dfxtp_1)
                         -0.02    0.23   library hold time
                                  0.23   data required time
-----------------------------------------------------------------------------
                                  0.23   data required time
                                 -0.51   data arrival time
-----------------------------------------------------------------------------
                                  0.28   slack (MET)


Startpoint: _2242_ (rising edge-triggered flip-flop clocked by clk)
Endpoint: _2242_ (rising edge-triggered flip-flop clocked by clk)
Path Group: clk
Path Type: min

Fanout     Cap    Slew   Delay    Time   Description
-----------------------------------------------------------------------------
                  0.15    0.00    0.00   clock clk (rise edge)
                          0.00    0.00   clock network delay (ideal)
                  0.15    0.00    0.00 ^ _2242_/CLK (sky130_fd_sc_hd__dfrtp_1)
                  0.08    0.36    0.36 ^ _2242_/Q (sky130_fd_sc_hd__dfrtp_1)
     3    0.01                           dual_watchdog_inst.watchdog_fc.rising_edge_timeout.internal_count[5] (net)
                  0.08    0.00    0.36 ^ _1236_/B1 (sky130_fd_sc_hd__a21oi_1)
                  0.03    0.04    0.41 v _1236_/Y (sky130_fd_sc_hd__a21oi_1)
     1    0.00                           _0878_ (net)
                  0.03    0.00    0.41 v _1237_/B1 (sky130_fd_sc_hd__a21oi_1)
                  0.08    0.09    0.50 ^ _1237_/Y (sky130_fd_sc_hd__a21oi_1)
     1    0.00                           _0052_ (net)
                  0.08    0.00    0.50 ^ _2242_/D (sky130_fd_sc_hd__dfrtp_1)
                                  0.50   data arrival time

                  0.15    0.00    0.00   clock clk (rise edge)
                          0.00    0.00   clock network delay (ideal)
                          0.25    0.25   clock uncertainty
                          0.00    0.25   clock reconvergence pessimism
                                  0.25 ^ _2242_/CLK (sky130_fd_sc_hd__dfrtp_1)
                         -0.03    0.22   library hold time
                                  0.22   data required time
-----------------------------------------------------------------------------
                                  0.22   data required time
                                 -0.50   data arrival time
-----------------------------------------------------------------------------
                                  0.28   slack (MET)


Startpoint: _2053_ (rising edge-triggered flip-flop clocked by clk)
Endpoint: _2053_ (rising edge-triggered flip-flop clocked by clk)
Path Group: clk
Path Type: min

Fanout     Cap    Slew   Delay    Time   Description
-----------------------------------------------------------------------------
                  0.15    0.00    0.00   clock clk (rise edge)
                          0.00    0.00   clock network delay (ideal)
                  0.15    0.00    0.00 ^ _2053_/CLK (sky130_fd_sc_hd__dfxtp_1)
                  0.08    0.35    0.35 ^ _2053_/Q (sky130_fd_sc_hd__dfxtp_1)
     4    0.01                           uart_rx_raspi_inst.prescale_reg[0] (net)
                  0.08    0.00    0.35 ^ _1420_/A (sky130_fd_sc_hd__or2_1)
                  0.04    0.10    0.45 ^ _1420_/X (sky130_fd_sc_hd__or2_1)
     1    0.00                           _0326_ (net)
                  0.04    0.00    0.45 ^ _1423_/A2 (sky130_fd_sc_hd__a21oi_1)
                  0.03    0.05    0.50 v _1423_/Y (sky130_fd_sc_hd__a21oi_1)
     1    0.00                           _0133_ (net)
                  0.03    0.00    0.50 v _2053_/D (sky130_fd_sc_hd__dfxtp_1)
                                  0.50   data arrival time

                  0.15    0.00    0.00   clock clk (rise edge)
                          0.00    0.00   clock network delay (ideal)
                          0.25    0.25   clock uncertainty
                          0.00    0.25   clock reconvergence pessimism
                                  0.25 ^ _2053_/CLK (sky130_fd_sc_hd__dfxtp_1)
                         -0.03    0.22   library hold time
                                  0.22   data required time
-----------------------------------------------------------------------------
                                  0.22   data required time
                                 -0.50   data arrival time
-----------------------------------------------------------------------------
                                  0.28   slack (MET)


Startpoint: _2183_ (rising edge-triggered flip-flop clocked by clk)
Endpoint: _2183_ (rising edge-triggered flip-flop clocked by clk)
Path Group: clk
Path Type: min

Fanout     Cap    Slew   Delay    Time   Description
-----------------------------------------------------------------------------
                  0.15    0.00    0.00   clock clk (rise edge)
                          0.00    0.00   clock network delay (ideal)
                  0.15    0.00    0.00 ^ _2183_/CLK (sky130_fd_sc_hd__dfxtp_1)
                  0.06    0.33    0.33 ^ _2183_/Q (sky130_fd_sc_hd__dfxtp_1)
     2    0.00                           uart_tx_jetson_inst.data_reg[6] (net)
                  0.06    0.00    0.33 ^ _1808_/A1 (sky130_fd_sc_hd__mux2_1)
                  0.04    0.11    0.44 ^ _1808_/X (sky130_fd_sc_hd__mux2_1)
     1    0.00                           _0584_ (net)
                  0.04    0.00    0.44 ^ _1809_/A (sky130_fd_sc_hd__clkbuf_1)
                  0.04    0.07    0.51 ^ _1809_/X (sky130_fd_sc_hd__clkbuf_1)
     1    0.00                           _0263_ (net)
                  0.04    0.00    0.51 ^ _2183_/D (sky130_fd_sc_hd__dfxtp_1)
                                  0.51   data arrival time

                  0.15    0.00    0.00   clock clk (rise edge)
                          0.00    0.00   clock network delay (ideal)
                          0.25    0.25   clock uncertainty
                          0.00    0.25   clock reconvergence pessimism
                                  0.25 ^ _2183_/CLK (sky130_fd_sc_hd__dfxtp_1)
                         -0.02    0.23   library hold time
                                  0.23   data required time
-----------------------------------------------------------------------------
                                  0.23   data required time
                                 -0.51   data arrival time
-----------------------------------------------------------------------------
                                  0.28   slack (MET)


Startpoint: _2247_ (rising edge-triggered flip-flop clocked by clk)
Endpoint: _2247_ (rising edge-triggered flip-flop clocked by clk)
Path Group: clk
Path Type: min

Fanout     Cap    Slew   Delay    Time   Description
-----------------------------------------------------------------------------
                  0.15    0.00    0.00   clock clk (rise edge)
                          0.00    0.00   clock network delay (ideal)
                  0.15    0.00    0.00 ^ _2247_/CLK (sky130_fd_sc_hd__dfrtp_1)
                  0.10    0.38    0.38 ^ _2247_/Q (sky130_fd_sc_hd__dfrtp_1)
     5    0.01                           dual_watchdog_inst.watchdog_fc.rising_edge_timeout.internal_count[10] (net)
                  0.10    0.00    0.38 ^ _1251_/B1 (sky130_fd_sc_hd__a21oi_1)
                  0.04    0.05    0.43 v _1251_/Y (sky130_fd_sc_hd__a21oi_1)
     1    0.00                           _0888_ (net)
                  0.04    0.00    0.43 v _1252_/B (sky130_fd_sc_hd__nor2_1)
                  0.07    0.07    0.50 ^ _1252_/Y (sky130_fd_sc_hd__nor2_1)
     1    0.00                           _0031_ (net)
                  0.07    0.00    0.50 ^ _2247_/D (sky130_fd_sc_hd__dfrtp_1)
                                  0.50   data arrival time

                  0.15    0.00    0.00   clock clk (rise edge)
                          0.00    0.00   clock network delay (ideal)
                          0.25    0.25   clock uncertainty
                          0.00    0.25   clock reconvergence pessimism
                                  0.25 ^ _2247_/CLK (sky130_fd_sc_hd__dfrtp_1)
                         -0.03    0.22   library hold time
                                  0.22   data required time
-----------------------------------------------------------------------------
                                  0.22   data required time
                                 -0.50   data arrival time
-----------------------------------------------------------------------------
                                  0.28   slack (MET)


Startpoint: _2170_ (rising edge-triggered flip-flop clocked by clk)
Endpoint: _2170_ (rising edge-triggered flip-flop clocked by clk)
Path Group: clk
Path Type: min

Fanout     Cap    Slew   Delay    Time   Description
-----------------------------------------------------------------------------
                  0.15    0.00    0.00   clock clk (rise edge)
                          0.00    0.00   clock network delay (ideal)
                  0.15    0.00    0.00 ^ _2170_/CLK (sky130_fd_sc_hd__dfrtp_1)
                  0.08    0.36    0.36 ^ _2170_/Q (sky130_fd_sc_hd__dfrtp_1)
     3    0.01                           dual_watchdog_inst.watchdog_fc.rising_edge_timeout.assert_time[23] (net)
                  0.08    0.00    0.36 ^ _1063_/A1 (sky130_fd_sc_hd__o211a_1)
                  0.04    0.15    0.51 ^ _1063_/X (sky130_fd_sc_hd__o211a_1)
     1    0.00                           _0250_ (net)
                  0.04    0.00    0.51 ^ _2170_/D (sky130_fd_sc_hd__dfrtp_1)
                                  0.51   data arrival time

                  0.15    0.00    0.00   clock clk (rise edge)
                          0.00    0.00   clock network delay (ideal)
                          0.25    0.25   clock uncertainty
                          0.00    0.25   clock reconvergence pessimism
                                  0.25 ^ _2170_/CLK (sky130_fd_sc_hd__dfrtp_1)
                         -0.02    0.23   library hold time
                                  0.23   data required time
-----------------------------------------------------------------------------
                                  0.23   data required time
                                 -0.51   data arrival time
-----------------------------------------------------------------------------
                                  0.28   slack (MET)


Startpoint: _2128_ (rising edge-triggered flip-flop clocked by clk)
Endpoint: _2128_ (rising edge-triggered flip-flop clocked by clk)
Path Group: clk
Path Type: min

Fanout     Cap    Slew   Delay    Time   Description
-----------------------------------------------------------------------------
                  0.15    0.00    0.00   clock clk (rise edge)
                          0.00    0.00   clock network delay (ideal)
                  0.15    0.00    0.00 ^ _2128_/CLK (sky130_fd_sc_hd__dfxtp_1)
                  0.09    0.35    0.35 ^ _2128_/Q (sky130_fd_sc_hd__dfxtp_1)
     4    0.01                           uart_rx_jetson_inst.prescale_reg[0] (net)
                  0.09    0.00    0.35 ^ _1686_/A (sky130_fd_sc_hd__or2_1)
                  0.04    0.10    0.45 ^ _1686_/X (sky130_fd_sc_hd__or2_1)
     1    0.00                           _0517_ (net)
                  0.04    0.00    0.45 ^ _1690_/A2 (sky130_fd_sc_hd__a21oi_1)
                  0.03    0.05    0.50 v _1690_/Y (sky130_fd_sc_hd__a21oi_1)
     1    0.00                           _0208_ (net)
                  0.03    0.00    0.50 v _2128_/D (sky130_fd_sc_hd__dfxtp_1)
                                  0.50   data arrival time

                  0.15    0.00    0.00   clock clk (rise edge)
                          0.00    0.00   clock network delay (ideal)
                          0.25    0.25   clock uncertainty
                          0.00    0.25   clock reconvergence pessimism
                                  0.25 ^ _2128_/CLK (sky130_fd_sc_hd__dfxtp_1)
                         -0.03    0.22   library hold time
                                  0.22   data required time
-----------------------------------------------------------------------------
                                  0.22   data required time
                                 -0.50   data arrival time
-----------------------------------------------------------------------------
                                  0.28   slack (MET)


Startpoint: _2034_ (rising edge-triggered flip-flop clocked by clk)
Endpoint: _2034_ (rising edge-triggered flip-flop clocked by clk)
Path Group: clk
Path Type: min

Fanout     Cap    Slew   Delay    Time   Description
-----------------------------------------------------------------------------
                  0.15    0.00    0.00   clock clk (rise edge)
                          0.00    0.00   clock network delay (ideal)
                  0.15    0.00    0.00 ^ _2034_/CLK (sky130_fd_sc_hd__dfxtp_1)
                  0.06    0.33    0.33 ^ _2034_/Q (sky130_fd_sc_hd__dfxtp_1)
     2    0.00                           uart_tx_raspi_inst.data_reg[2] (net)
                  0.06    0.00    0.33 ^ _1334_/A1 (sky130_fd_sc_hd__mux2_1)
                  0.04    0.11    0.44 ^ _1334_/X (sky130_fd_sc_hd__mux2_1)
     1    0.00                           _0950_ (net)
                  0.04    0.00    0.44 ^ _1335_/A (sky130_fd_sc_hd__clkbuf_1)
                  0.04    0.07    0.51 ^ _1335_/X (sky130_fd_sc_hd__clkbuf_1)
     1    0.00                           _0114_ (net)
                  0.04    0.00    0.51 ^ _2034_/D (sky130_fd_sc_hd__dfxtp_1)
                                  0.51   data arrival time

                  0.15    0.00    0.00   clock clk (rise edge)
                          0.00    0.00   clock network delay (ideal)
                          0.25    0.25   clock uncertainty
                          0.00    0.25   clock reconvergence pessimism
                                  0.25 ^ _2034_/CLK (sky130_fd_sc_hd__dfxtp_1)
                         -0.02    0.23   library hold time
                                  0.23   data required time
-----------------------------------------------------------------------------
                                  0.23   data required time
                                 -0.51   data arrival time
-----------------------------------------------------------------------------
                                  0.28   slack (MET)


Startpoint: _2178_ (rising edge-triggered flip-flop clocked by clk)
Endpoint: _2178_ (rising edge-triggered flip-flop clocked by clk)
Path Group: clk
Path Type: min

Fanout     Cap    Slew   Delay    Time   Description
-----------------------------------------------------------------------------
                  0.15    0.00    0.00   clock clk (rise edge)
                          0.00    0.00   clock network delay (ideal)
                  0.15    0.00    0.00 ^ _2178_/CLK (sky130_fd_sc_hd__dfxtp_1)
                  0.06    0.33    0.33 ^ _2178_/Q (sky130_fd_sc_hd__dfxtp_1)
     2    0.00                           uart_tx_jetson_inst.data_reg[1] (net)
                  0.06    0.00    0.33 ^ _1793_/A1 (sky130_fd_sc_hd__mux2_1)
                  0.04    0.11    0.45 ^ _1793_/X (sky130_fd_sc_hd__mux2_1)
     1    0.00                           _0574_ (net)
                  0.04    0.00    0.45 ^ _1794_/A (sky130_fd_sc_hd__clkbuf_1)
                  0.04    0.07    0.51 ^ _1794_/X (sky130_fd_sc_hd__clkbuf_1)
     1    0.00                           _0258_ (net)
                  0.04    0.00    0.51 ^ _2178_/D (sky130_fd_sc_hd__dfxtp_1)
                                  0.51   data arrival time

                  0.15    0.00    0.00   clock clk (rise edge)
                          0.00    0.00   clock network delay (ideal)
                          0.25    0.25   clock uncertainty
                          0.00    0.25   clock reconvergence pessimism
                                  0.25 ^ _2178_/CLK (sky130_fd_sc_hd__dfxtp_1)
                         -0.02    0.23   library hold time
                                  0.23   data required time
-----------------------------------------------------------------------------
                                  0.23   data required time
                                 -0.51   data arrival time
-----------------------------------------------------------------------------
                                  0.28   slack (MET)


Startpoint: _2184_ (rising edge-triggered flip-flop clocked by clk)
Endpoint: _2184_ (rising edge-triggered flip-flop clocked by clk)
Path Group: clk
Path Type: min

Fanout     Cap    Slew   Delay    Time   Description
-----------------------------------------------------------------------------
                  0.15    0.00    0.00   clock clk (rise edge)
                          0.00    0.00   clock network delay (ideal)
                  0.15    0.00    0.00 ^ _2184_/CLK (sky130_fd_sc_hd__dfxtp_1)
                  0.06    0.33    0.33 ^ _2184_/Q (sky130_fd_sc_hd__dfxtp_1)
     2    0.00                           uart_tx_jetson_inst.data_reg[7] (net)
                  0.06    0.00    0.33 ^ _1811_/A1 (sky130_fd_sc_hd__mux2_1)
                  0.04    0.11    0.44 ^ _1811_/X (sky130_fd_sc_hd__mux2_1)
     1    0.00                           _0586_ (net)
                  0.04    0.00    0.44 ^ _1812_/A (sky130_fd_sc_hd__clkbuf_1)
                  0.04    0.07    0.51 ^ _1812_/X (sky130_fd_sc_hd__clkbuf_1)
     1    0.00                           _0264_ (net)
                  0.04    0.00    0.51 ^ _2184_/D (sky130_fd_sc_hd__dfxtp_1)
                                  0.51   data arrival time

                  0.15    0.00    0.00   clock clk (rise edge)
                          0.00    0.00   clock network delay (ideal)
                          0.25    0.25   clock uncertainty
                          0.00    0.25   clock reconvergence pessimism
                                  0.25 ^ _2184_/CLK (sky130_fd_sc_hd__dfxtp_1)
                         -0.02    0.23   library hold time
                                  0.23   data required time
-----------------------------------------------------------------------------
                                  0.23   data required time
                                 -0.51   data arrival time
-----------------------------------------------------------------------------
                                  0.28   slack (MET)


Startpoint: _2179_ (rising edge-triggered flip-flop clocked by clk)
Endpoint: _2179_ (rising edge-triggered flip-flop clocked by clk)
Path Group: clk
Path Type: min

Fanout     Cap    Slew   Delay    Time   Description
-----------------------------------------------------------------------------
                  0.15    0.00    0.00   clock clk (rise edge)
                          0.00    0.00   clock network delay (ideal)
                  0.15    0.00    0.00 ^ _2179_/CLK (sky130_fd_sc_hd__dfxtp_1)
                  0.06    0.33    0.33 ^ _2179_/Q (sky130_fd_sc_hd__dfxtp_1)
     2    0.00                           uart_tx_jetson_inst.data_reg[2] (net)
                  0.06    0.00    0.33 ^ _1796_/A1 (sky130_fd_sc_hd__mux2_1)
                  0.04    0.11    0.45 ^ _1796_/X (sky130_fd_sc_hd__mux2_1)
     1    0.00                           _0576_ (net)
                  0.04    0.00    0.45 ^ _1797_/A (sky130_fd_sc_hd__clkbuf_1)
                  0.03    0.07    0.51 ^ _1797_/X (sky130_fd_sc_hd__clkbuf_1)
     1    0.00                           _0259_ (net)
                  0.03    0.00    0.51 ^ _2179_/D (sky130_fd_sc_hd__dfxtp_1)
                                  0.51   data arrival time

                  0.15    0.00    0.00   clock clk (rise edge)
                          0.00    0.00   clock network delay (ideal)
                          0.25    0.25   clock uncertainty
                          0.00    0.25   clock reconvergence pessimism
                                  0.25 ^ _2179_/CLK (sky130_fd_sc_hd__dfxtp_1)
                         -0.02    0.23   library hold time
                                  0.23   data required time
-----------------------------------------------------------------------------
                                  0.23   data required time
                                 -0.51   data arrival time
-----------------------------------------------------------------------------
                                  0.28   slack (MET)


Startpoint: _2108_ (rising edge-triggered flip-flop clocked by clk)
Endpoint: _2108_ (rising edge-triggered flip-flop clocked by clk)
Path Group: clk
Path Type: min

Fanout     Cap    Slew   Delay    Time   Description
-----------------------------------------------------------------------------
                  0.15    0.00    0.00   clock clk (rise edge)
                          0.00    0.00   clock network delay (ideal)
                  0.15    0.00    0.00 ^ _2108_/CLK (sky130_fd_sc_hd__dfxtp_1)
                  0.06    0.33    0.33 ^ _2108_/Q (sky130_fd_sc_hd__dfxtp_1)
     2    0.00                           uart_rx_raspi_inst.data_reg[0] (net)
                  0.06    0.00    0.33 ^ _1604_/A1 (sky130_fd_sc_hd__mux2_1)
                  0.04    0.11    0.44 ^ _1604_/X (sky130_fd_sc_hd__mux2_1)
     1    0.00                           _0455_ (net)
                  0.04    0.00    0.44 ^ _1605_/A (sky130_fd_sc_hd__clkbuf_1)
                  0.04    0.07    0.51 ^ _1605_/X (sky130_fd_sc_hd__clkbuf_1)
     1    0.00                           _0188_ (net)
                  0.04    0.00    0.51 ^ _2108_/D (sky130_fd_sc_hd__dfxtp_1)
                                  0.51   data arrival time

                  0.15    0.00    0.00   clock clk (rise edge)
                          0.00    0.00   clock network delay (ideal)
                          0.25    0.25   clock uncertainty
                          0.00    0.25   clock reconvergence pessimism
                                  0.25 ^ _2108_/CLK (sky130_fd_sc_hd__dfxtp_1)
                         -0.02    0.23   library hold time
                                  0.23   data required time
-----------------------------------------------------------------------------
                                  0.23   data required time
                                 -0.51   data arrival time
-----------------------------------------------------------------------------
                                  0.28   slack (MET)


Startpoint: _2064_ (rising edge-triggered flip-flop clocked by clk)
Endpoint: _2064_ (rising edge-triggered flip-flop clocked by clk)
Path Group: clk
Path Type: min

Fanout     Cap    Slew   Delay    Time   Description
-----------------------------------------------------------------------------
                  0.15    0.00    0.00   clock clk (rise edge)
                          0.00    0.00   clock network delay (ideal)
                  0.15    0.00    0.00 ^ _2064_/CLK (sky130_fd_sc_hd__dfxtp_1)
                  0.04    0.32    0.32 v _2064_/Q (sky130_fd_sc_hd__dfxtp_1)
     3    0.00                           uart_rx_raspi_inst.prescale_reg[11] (net)
                  0.04    0.00    0.32 v _1461_/B_N (sky130_fd_sc_hd__or2b_1)
                  0.04    0.13    0.45 ^ _1461_/X (sky130_fd_sc_hd__or2b_1)
     1    0.00                           _0356_ (net)
                  0.04    0.00    0.45 ^ _1462_/A2 (sky130_fd_sc_hd__a21oi_1)
                  0.04    0.05    0.50 v _1462_/Y (sky130_fd_sc_hd__a21oi_1)
     1    0.00                           _0144_ (net)
                  0.04    0.00    0.50 v _2064_/D (sky130_fd_sc_hd__dfxtp_1)
                                  0.50   data arrival time

                  0.15    0.00    0.00   clock clk (rise edge)
                          0.00    0.00   clock network delay (ideal)
                          0.25    0.25   clock uncertainty
                          0.00    0.25   clock reconvergence pessimism
                                  0.25 ^ _2064_/CLK (sky130_fd_sc_hd__dfxtp_1)
                         -0.03    0.22   library hold time
                                  0.22   data required time
-----------------------------------------------------------------------------
                                  0.22   data required time
                                 -0.50   data arrival time
-----------------------------------------------------------------------------
                                  0.28   slack (MET)


Startpoint: _2253_ (rising edge-triggered flip-flop clocked by clk)
Endpoint: _2253_ (rising edge-triggered flip-flop clocked by clk)
Path Group: clk
Path Type: min

Fanout     Cap    Slew   Delay    Time   Description
-----------------------------------------------------------------------------
                  0.15    0.00    0.00   clock clk (rise edge)
                          0.00    0.00   clock network delay (ideal)
                  0.15    0.00    0.00 ^ _2253_/CLK (sky130_fd_sc_hd__dfrtp_1)
                  0.10    0.38    0.38 ^ _2253_/Q (sky130_fd_sc_hd__dfrtp_1)
     4    0.01                           dual_watchdog_inst.watchdog_fc.rising_edge_timeout.internal_count[16] (net)
                  0.10    0.00    0.38 ^ _1271_/A1 (sky130_fd_sc_hd__o21ba_1)
                  0.04    0.13    0.51 ^ _1271_/X (sky130_fd_sc_hd__o21ba_1)
     1    0.00                           _0037_ (net)
                  0.04    0.00    0.51 ^ _2253_/D (sky130_fd_sc_hd__dfrtp_1)
                                  0.51   data arrival time

                  0.15    0.00    0.00   clock clk (rise edge)
                          0.00    0.00   clock network delay (ideal)
                          0.25    0.25   clock uncertainty
                          0.00    0.25   clock reconvergence pessimism
                                  0.25 ^ _2253_/CLK (sky130_fd_sc_hd__dfrtp_1)
                         -0.02    0.23   library hold time
                                  0.23   data required time
-----------------------------------------------------------------------------
                                  0.23   data required time
                                 -0.51   data arrival time
-----------------------------------------------------------------------------
                                  0.28   slack (MET)


Startpoint: _2182_ (rising edge-triggered flip-flop clocked by clk)
Endpoint: _2182_ (rising edge-triggered flip-flop clocked by clk)
Path Group: clk
Path Type: min

Fanout     Cap    Slew   Delay    Time   Description
-----------------------------------------------------------------------------
                  0.15    0.00    0.00   clock clk (rise edge)
                          0.00    0.00   clock network delay (ideal)
                  0.15    0.00    0.00 ^ _2182_/CLK (sky130_fd_sc_hd__dfxtp_1)
                  0.06    0.33    0.33 ^ _2182_/Q (sky130_fd_sc_hd__dfxtp_1)
     2    0.00                           uart_tx_jetson_inst.data_reg[5] (net)
                  0.06    0.00    0.33 ^ _1805_/A1 (sky130_fd_sc_hd__mux2_1)
                  0.04    0.11    0.45 ^ _1805_/X (sky130_fd_sc_hd__mux2_1)
     1    0.00                           _0582_ (net)
                  0.04    0.00    0.45 ^ _1806_/A (sky130_fd_sc_hd__clkbuf_1)
                  0.04    0.07    0.52 ^ _1806_/X (sky130_fd_sc_hd__clkbuf_1)
     1    0.00                           _0262_ (net)
                  0.04    0.00    0.52 ^ _2182_/D (sky130_fd_sc_hd__dfxtp_1)
                                  0.52   data arrival time

                  0.15    0.00    0.00   clock clk (rise edge)
                          0.00    0.00   clock network delay (ideal)
                          0.25    0.25   clock uncertainty
                          0.00    0.25   clock reconvergence pessimism
                                  0.25 ^ _2182_/CLK (sky130_fd_sc_hd__dfxtp_1)
                         -0.02    0.23   library hold time
                                  0.23   data required time
-----------------------------------------------------------------------------
                                  0.23   data required time
                                 -0.52   data arrival time
-----------------------------------------------------------------------------
                                  0.28   slack (MET)


Startpoint: _2219_ (rising edge-triggered flip-flop clocked by clk)
Endpoint: _2219_ (rising edge-triggered flip-flop clocked by clk)
Path Group: clk
Path Type: min

Fanout     Cap    Slew   Delay    Time   Description
-----------------------------------------------------------------------------
                  0.15    0.00    0.00   clock clk (rise edge)
                          0.00    0.00   clock network delay (ideal)
                  0.15    0.00    0.00 ^ _2219_/CLK (sky130_fd_sc_hd__dfrtp_1)
                  0.09    0.37    0.37 ^ _2219_/Q (sky130_fd_sc_hd__dfrtp_1)
     4    0.01                           dual_watchdog_inst.watchdog_fc.falling_edge_timeout.internal_count[10] (net)
                  0.09    0.00    0.37 ^ _1174_/A (sky130_fd_sc_hd__nor2_1)
                  0.03    0.05    0.42 v _1174_/Y (sky130_fd_sc_hd__nor2_1)
     1    0.00                           _0838_ (net)
                  0.03    0.00    0.42 v _1176_/A (sky130_fd_sc_hd__nor2_1)
                  0.08    0.08    0.50 ^ _1176_/Y (sky130_fd_sc_hd__nor2_1)
     1    0.00                           _0004_ (net)
                  0.08    0.00    0.50 ^ _2219_/D (sky130_fd_sc_hd__dfrtp_1)
                                  0.50   data arrival time

                  0.15    0.00    0.00   clock clk (rise edge)
                          0.00    0.00   clock network delay (ideal)
                          0.25    0.25   clock uncertainty
                          0.00    0.25   clock reconvergence pessimism
                                  0.25 ^ _2219_/CLK (sky130_fd_sc_hd__dfrtp_1)
                         -0.03    0.22   library hold time
                                  0.22   data required time
-----------------------------------------------------------------------------
                                  0.22   data required time
                                 -0.50   data arrival time
-----------------------------------------------------------------------------
                                  0.28   slack (MET)


Startpoint: _2033_ (rising edge-triggered flip-flop clocked by clk)
Endpoint: _2033_ (rising edge-triggered flip-flop clocked by clk)
Path Group: clk
Path Type: min

Fanout     Cap    Slew   Delay    Time   Description
-----------------------------------------------------------------------------
                  0.15    0.00    0.00   clock clk (rise edge)
                          0.00    0.00   clock network delay (ideal)
                  0.15    0.00    0.00 ^ _2033_/CLK (sky130_fd_sc_hd__dfxtp_1)
                  0.06    0.33    0.33 ^ _2033_/Q (sky130_fd_sc_hd__dfxtp_1)
     2    0.00                           uart_tx_raspi_inst.data_reg[1] (net)
                  0.06    0.00    0.33 ^ _1331_/A1 (sky130_fd_sc_hd__mux2_1)
                  0.04    0.12    0.45 ^ _1331_/X (sky130_fd_sc_hd__mux2_1)
     1    0.00                           _0948_ (net)
                  0.04    0.00    0.45 ^ _1332_/A (sky130_fd_sc_hd__clkbuf_1)
                  0.04    0.07    0.52 ^ _1332_/X (sky130_fd_sc_hd__clkbuf_1)
     1    0.00                           _0113_ (net)
                  0.04    0.00    0.52 ^ _2033_/D (sky130_fd_sc_hd__dfxtp_1)
                                  0.52   data arrival time

                  0.15    0.00    0.00   clock clk (rise edge)
                          0.00    0.00   clock network delay (ideal)
                          0.25    0.25   clock uncertainty
                          0.00    0.25   clock reconvergence pessimism
                                  0.25 ^ _2033_/CLK (sky130_fd_sc_hd__dfxtp_1)
                         -0.02    0.23   library hold time
                                  0.23   data required time
-----------------------------------------------------------------------------
                                  0.23   data required time
                                 -0.52   data arrival time
-----------------------------------------------------------------------------
                                  0.28   slack (MET)


Startpoint: _2180_ (rising edge-triggered flip-flop clocked by clk)
Endpoint: _2180_ (rising edge-triggered flip-flop clocked by clk)
Path Group: clk
Path Type: min

Fanout     Cap    Slew   Delay    Time   Description
-----------------------------------------------------------------------------
                  0.15    0.00    0.00   clock clk (rise edge)
                          0.00    0.00   clock network delay (ideal)
                  0.15    0.00    0.00 ^ _2180_/CLK (sky130_fd_sc_hd__dfxtp_1)
                  0.06    0.33    0.33 ^ _2180_/Q (sky130_fd_sc_hd__dfxtp_1)
     2    0.00                           uart_tx_jetson_inst.data_reg[3] (net)
                  0.06    0.00    0.33 ^ _1799_/A1 (sky130_fd_sc_hd__mux2_1)
                  0.04    0.11    0.45 ^ _1799_/X (sky130_fd_sc_hd__mux2_1)
     1    0.00                           _0578_ (net)
                  0.04    0.00    0.45 ^ _1800_/A (sky130_fd_sc_hd__clkbuf_1)
                  0.04    0.07    0.52 ^ _1800_/X (sky130_fd_sc_hd__clkbuf_1)
     1    0.00                           _0260_ (net)
                  0.04    0.00    0.52 ^ _2180_/D (sky130_fd_sc_hd__dfxtp_1)
                                  0.52   data arrival time

                  0.15    0.00    0.00   clock clk (rise edge)
                          0.00    0.00   clock network delay (ideal)
                          0.25    0.25   clock uncertainty
                          0.00    0.25   clock reconvergence pessimism
                                  0.25 ^ _2180_/CLK (sky130_fd_sc_hd__dfxtp_1)
                         -0.02    0.23   library hold time
                                  0.23   data required time
-----------------------------------------------------------------------------
                                  0.23   data required time
                                 -0.52   data arrival time
-----------------------------------------------------------------------------
                                  0.28   slack (MET)


Startpoint: _2035_ (rising edge-triggered flip-flop clocked by clk)
Endpoint: _2035_ (rising edge-triggered flip-flop clocked by clk)
Path Group: clk
Path Type: min

Fanout     Cap    Slew   Delay    Time   Description
-----------------------------------------------------------------------------
                  0.15    0.00    0.00   clock clk (rise edge)
                          0.00    0.00   clock network delay (ideal)
                  0.15    0.00    0.00 ^ _2035_/CLK (sky130_fd_sc_hd__dfxtp_1)
                  0.06    0.34    0.34 ^ _2035_/Q (sky130_fd_sc_hd__dfxtp_1)
     2    0.01                           uart_tx_raspi_inst.data_reg[3] (net)
                  0.06    0.00    0.34 ^ _1337_/A1 (sky130_fd_sc_hd__mux2_1)
                  0.04    0.11    0.45 ^ _1337_/X (sky130_fd_sc_hd__mux2_1)
     1    0.00                           _0952_ (net)
                  0.04    0.00    0.45 ^ _1338_/A (sky130_fd_sc_hd__clkbuf_1)
                  0.03    0.07    0.52 ^ _1338_/X (sky130_fd_sc_hd__clkbuf_1)
     1    0.00                           _0115_ (net)
                  0.03    0.00    0.52 ^ _2035_/D (sky130_fd_sc_hd__dfxtp_1)
                                  0.52   data arrival time

                  0.15    0.00    0.00   clock clk (rise edge)
                          0.00    0.00   clock network delay (ideal)
                          0.25    0.25   clock uncertainty
                          0.00    0.25   clock reconvergence pessimism
                                  0.25 ^ _2035_/CLK (sky130_fd_sc_hd__dfxtp_1)
                         -0.02    0.23   library hold time
                                  0.23   data required time
-----------------------------------------------------------------------------
                                  0.23   data required time
                                 -0.52   data arrival time
-----------------------------------------------------------------------------
                                  0.28   slack (MET)


Startpoint: _2199_ (rising edge-triggered flip-flop clocked by clk)
Endpoint: _2199_ (rising edge-triggered flip-flop clocked by clk)
Path Group: clk
Path Type: min

Fanout     Cap    Slew   Delay    Time   Description
-----------------------------------------------------------------------------
                  0.15    0.00    0.00   clock clk (rise edge)
                          0.00    0.00   clock network delay (ideal)
                  0.15    0.00    0.00 ^ _2199_/CLK (sky130_fd_sc_hd__dfxtp_1)
                  0.11    0.37    0.37 ^ _2199_/Q (sky130_fd_sc_hd__dfxtp_1)
     4    0.01                           uart_tx_raspi_inst.prescale_reg[13] (net)
                  0.11    0.00    0.37 ^ _1860_/A (sky130_fd_sc_hd__xor2_1)
                  0.04    0.07    0.44 v _1860_/X (sky130_fd_sc_hd__xor2_1)
     1    0.00                           _0620_ (net)
                  0.04    0.00    0.44 v _1861_/B (sky130_fd_sc_hd__nor2_1)
                  0.07    0.07    0.51 ^ _1861_/Y (sky130_fd_sc_hd__nor2_1)
     1    0.00                           _0279_ (net)
                  0.07    0.00    0.51 ^ _2199_/D (sky130_fd_sc_hd__dfxtp_1)
                                  0.51   data arrival time

                  0.15    0.00    0.00   clock clk (rise edge)
                          0.00    0.00   clock network delay (ideal)
                          0.25    0.25   clock uncertainty
                          0.00    0.25   clock reconvergence pessimism
                                  0.25 ^ _2199_/CLK (sky130_fd_sc_hd__dfxtp_1)
                         -0.02    0.23   library hold time
                                  0.23   data required time
-----------------------------------------------------------------------------
                                  0.23   data required time
                                 -0.51   data arrival time
-----------------------------------------------------------------------------
                                  0.28   slack (MET)


Startpoint: _2037_ (rising edge-triggered flip-flop clocked by clk)
Endpoint: _2037_ (rising edge-triggered flip-flop clocked by clk)
Path Group: clk
Path Type: min

Fanout     Cap    Slew   Delay    Time   Description
-----------------------------------------------------------------------------
                  0.15    0.00    0.00   clock clk (rise edge)
                          0.00    0.00   clock network delay (ideal)
                  0.15    0.00    0.00 ^ _2037_/CLK (sky130_fd_sc_hd__dfxtp_1)
                  0.06    0.33    0.33 ^ _2037_/Q (sky130_fd_sc_hd__dfxtp_1)
     2    0.00                           uart_tx_raspi_inst.data_reg[5] (net)
                  0.06    0.00    0.33 ^ _1343_/A1 (sky130_fd_sc_hd__mux2_1)
                  0.04    0.11    0.45 ^ _1343_/X (sky130_fd_sc_hd__mux2_1)
     1    0.00                           _0956_ (net)
                  0.04    0.00    0.45 ^ _1344_/A (sky130_fd_sc_hd__clkbuf_1)
                  0.04    0.07    0.52 ^ _1344_/X (sky130_fd_sc_hd__clkbuf_1)
     1    0.00                           _0117_ (net)
                  0.04    0.00    0.52 ^ _2037_/D (sky130_fd_sc_hd__dfxtp_1)
                                  0.52   data arrival time

                  0.15    0.00    0.00   clock clk (rise edge)
                          0.00    0.00   clock network delay (ideal)
                          0.25    0.25   clock uncertainty
                          0.00    0.25   clock reconvergence pessimism
                                  0.25 ^ _2037_/CLK (sky130_fd_sc_hd__dfxtp_1)
                         -0.02    0.23   library hold time
                                  0.23   data required time
-----------------------------------------------------------------------------
                                  0.23   data required time
                                 -0.52   data arrival time
-----------------------------------------------------------------------------
                                  0.28   slack (MET)


Startpoint: _2039_ (rising edge-triggered flip-flop clocked by clk)
Endpoint: _2039_ (rising edge-triggered flip-flop clocked by clk)
Path Group: clk
Path Type: min

Fanout     Cap    Slew   Delay    Time   Description
-----------------------------------------------------------------------------
                  0.15    0.00    0.00   clock clk (rise edge)
                          0.00    0.00   clock network delay (ideal)
                  0.15    0.00    0.00 ^ _2039_/CLK (sky130_fd_sc_hd__dfxtp_1)
                  0.06    0.33    0.33 ^ _2039_/Q (sky130_fd_sc_hd__dfxtp_1)
     2    0.00                           uart_tx_raspi_inst.data_reg[7] (net)
                  0.06    0.00    0.33 ^ _1349_/A1 (sky130_fd_sc_hd__mux2_1)
                  0.04    0.11    0.45 ^ _1349_/X (sky130_fd_sc_hd__mux2_1)
     1    0.00                           _0960_ (net)
                  0.04    0.00    0.45 ^ _1350_/A (sky130_fd_sc_hd__clkbuf_1)
                  0.04    0.07    0.52 ^ _1350_/X (sky130_fd_sc_hd__clkbuf_1)
     1    0.00                           _0119_ (net)
                  0.04    0.00    0.52 ^ _2039_/D (sky130_fd_sc_hd__dfxtp_1)
                                  0.52   data arrival time

                  0.15    0.00    0.00   clock clk (rise edge)
                          0.00    0.00   clock network delay (ideal)
                          0.25    0.25   clock uncertainty
                          0.00    0.25   clock reconvergence pessimism
                                  0.25 ^ _2039_/CLK (sky130_fd_sc_hd__dfxtp_1)
                         -0.02    0.23   library hold time
                                  0.23   data required time
-----------------------------------------------------------------------------
                                  0.23   data required time
                                 -0.52   data arrival time
-----------------------------------------------------------------------------
                                  0.28   slack (MET)


Startpoint: _2131_ (rising edge-triggered flip-flop clocked by clk)
Endpoint: _2131_ (rising edge-triggered flip-flop clocked by clk)
Path Group: clk
Path Type: min

Fanout     Cap    Slew   Delay    Time   Description
-----------------------------------------------------------------------------
                  0.15    0.00    0.00   clock clk (rise edge)
                          0.00    0.00   clock network delay (ideal)
                  0.15    0.00    0.00 ^ _2131_/CLK (sky130_fd_sc_hd__dfxtp_1)
                  0.03    0.32    0.32 v _2131_/Q (sky130_fd_sc_hd__dfxtp_1)
     2    0.00                           uart_rx_jetson_inst.prescale_reg[3] (net)
                  0.03    0.00    0.32 v _1699_/A (sky130_fd_sc_hd__nand2_1)
                  0.04    0.05    0.36 ^ _1699_/Y (sky130_fd_sc_hd__nand2_1)
     1    0.00                           _0527_ (net)
                  0.04    0.00    0.36 ^ _1700_/A2 (sky130_fd_sc_hd__a21o_1)
                  0.04    0.09    0.46 ^ _1700_/X (sky130_fd_sc_hd__a21o_1)
     1    0.00                           _0528_ (net)
                  0.04    0.00    0.46 ^ _1701_/A2 (sky130_fd_sc_hd__a21oi_1)
                  0.03    0.05    0.51 v _1701_/Y (sky130_fd_sc_hd__a21oi_1)
     1    0.00                           _0211_ (net)
                  0.03    0.00    0.51 v _2131_/D (sky130_fd_sc_hd__dfxtp_1)
                                  0.51   data arrival time

                  0.15    0.00    0.00   clock clk (rise edge)
                          0.00    0.00   clock network delay (ideal)
                          0.25    0.25   clock uncertainty
                          0.00    0.25   clock reconvergence pessimism
                                  0.25 ^ _2131_/CLK (sky130_fd_sc_hd__dfxtp_1)
                         -0.03    0.22   library hold time
                                  0.22   data required time
-----------------------------------------------------------------------------
                                  0.22   data required time
                                 -0.51   data arrival time
-----------------------------------------------------------------------------
                                  0.28   slack (MET)


Startpoint: _2155_ (rising edge-triggered flip-flop clocked by clk)
Endpoint: _2155_ (rising edge-triggered flip-flop clocked by clk)
Path Group: clk
Path Type: min

Fanout     Cap    Slew   Delay    Time   Description
-----------------------------------------------------------------------------
                  0.15    0.00    0.00   clock clk (rise edge)
                          0.00    0.00   clock network delay (ideal)
                  0.15    0.00    0.00 ^ _2155_/CLK (sky130_fd_sc_hd__dfrtp_1)
                  0.11    0.39    0.39 ^ _2155_/Q (sky130_fd_sc_hd__dfrtp_1)
     5    0.01                           dual_watchdog_inst.watchdog_fc.rising_edge_timeout.assert_time[8] (net)
                  0.11    0.00    0.39 ^ _1101_/A1 (sky130_fd_sc_hd__o21a_1)
                  0.04    0.12    0.51 ^ _1101_/X (sky130_fd_sc_hd__o21a_1)
     1    0.00                           _0235_ (net)
                  0.04    0.00    0.51 ^ _2155_/D (sky130_fd_sc_hd__dfrtp_1)
                                  0.51   data arrival time

                  0.15    0.00    0.00   clock clk (rise edge)
                          0.00    0.00   clock network delay (ideal)
                          0.25    0.25   clock uncertainty
                          0.00    0.25   clock reconvergence pessimism
                                  0.25 ^ _2155_/CLK (sky130_fd_sc_hd__dfrtp_1)
                         -0.02    0.23   library hold time
                                  0.23   data required time
-----------------------------------------------------------------------------
                                  0.23   data required time
                                 -0.51   data arrival time
-----------------------------------------------------------------------------
                                  0.28   slack (MET)


Startpoint: _2285_ (rising edge-triggered flip-flop clocked by clk)
Endpoint: _2285_ (rising edge-triggered flip-flop clocked by clk)
Path Group: clk
Path Type: min

Fanout     Cap    Slew   Delay    Time   Description
-----------------------------------------------------------------------------
                  0.15    0.00    0.00   clock clk (rise edge)
                          0.00    0.00   clock network delay (ideal)
                  0.15    0.00    0.00 ^ _2285_/CLK (sky130_fd_sc_hd__dfrtp_1)
                  0.09    0.37    0.37 ^ _2285_/Q (sky130_fd_sc_hd__dfrtp_1)
     4    0.01                           dual_watchdog_inst.watchdog_fc.falling_edge_timeout.assert_time[21] (net)
                  0.09    0.00    0.37 ^ _1986_/A1 (sky130_fd_sc_hd__o211a_1)
                  0.04    0.15    0.51 ^ _1986_/X (sky130_fd_sc_hd__o211a_1)
     1    0.00                           _0310_ (net)
                  0.04    0.00    0.51 ^ _2285_/D (sky130_fd_sc_hd__dfrtp_1)
                                  0.51   data arrival time

                  0.15    0.00    0.00   clock clk (rise edge)
                          0.00    0.00   clock network delay (ideal)
                          0.25    0.25   clock uncertainty
                          0.00    0.25   clock reconvergence pessimism
                                  0.25 ^ _2285_/CLK (sky130_fd_sc_hd__dfrtp_1)
                         -0.02    0.23   library hold time
                                  0.23   data required time
-----------------------------------------------------------------------------
                                  0.23   data required time
                                 -0.51   data arrival time
-----------------------------------------------------------------------------
                                  0.28   slack (MET)


Startpoint: _2038_ (rising edge-triggered flip-flop clocked by clk)
Endpoint: _2038_ (rising edge-triggered flip-flop clocked by clk)
Path Group: clk
Path Type: min

Fanout     Cap    Slew   Delay    Time   Description
-----------------------------------------------------------------------------
                  0.15    0.00    0.00   clock clk (rise edge)
                          0.00    0.00   clock network delay (ideal)
                  0.15    0.00    0.00 ^ _2038_/CLK (sky130_fd_sc_hd__dfxtp_1)
                  0.06    0.33    0.33 ^ _2038_/Q (sky130_fd_sc_hd__dfxtp_1)
     2    0.00                           uart_tx_raspi_inst.data_reg[6] (net)
                  0.06    0.00    0.33 ^ _1346_/A1 (sky130_fd_sc_hd__mux2_1)
                  0.04    0.12    0.45 ^ _1346_/X (sky130_fd_sc_hd__mux2_1)
     1    0.00                           _0958_ (net)
                  0.04    0.00    0.45 ^ _1347_/A (sky130_fd_sc_hd__clkbuf_1)
                  0.04    0.07    0.52 ^ _1347_/X (sky130_fd_sc_hd__clkbuf_1)
     1    0.00                           _0118_ (net)
                  0.04    0.00    0.52 ^ _2038_/D (sky130_fd_sc_hd__dfxtp_1)
                                  0.52   data arrival time

                  0.15    0.00    0.00   clock clk (rise edge)
                          0.00    0.00   clock network delay (ideal)
                          0.25    0.25   clock uncertainty
                          0.00    0.25   clock reconvergence pessimism
                                  0.25 ^ _2038_/CLK (sky130_fd_sc_hd__dfxtp_1)
                         -0.02    0.23   library hold time
                                  0.23   data required time
-----------------------------------------------------------------------------
                                  0.23   data required time
                                 -0.52   data arrival time
-----------------------------------------------------------------------------
                                  0.28   slack (MET)


Startpoint: _2056_ (rising edge-triggered flip-flop clocked by clk)
Endpoint: _2056_ (rising edge-triggered flip-flop clocked by clk)
Path Group: clk
Path Type: min

Fanout     Cap    Slew   Delay    Time   Description
-----------------------------------------------------------------------------
                  0.15    0.00    0.00   clock clk (rise edge)
                          0.00    0.00   clock network delay (ideal)
                  0.15    0.00    0.00 ^ _2056_/CLK (sky130_fd_sc_hd__dfxtp_1)
                  0.03    0.32    0.32 v _2056_/Q (sky130_fd_sc_hd__dfxtp_1)
     2    0.00                           uart_rx_raspi_inst.prescale_reg[3] (net)
                  0.03    0.00    0.32 v _1432_/A (sky130_fd_sc_hd__nand2_1)
                  0.04    0.05    0.36 ^ _1432_/Y (sky130_fd_sc_hd__nand2_1)
     1    0.00                           _0335_ (net)
                  0.04    0.00    0.36 ^ _1433_/A2 (sky130_fd_sc_hd__a21o_1)
                  0.04    0.10    0.46 ^ _1433_/X (sky130_fd_sc_hd__a21o_1)
     1    0.00                           _0336_ (net)
                  0.04    0.00    0.46 ^ _1434_/A2 (sky130_fd_sc_hd__a21oi_1)
                  0.03    0.05    0.51 v _1434_/Y (sky130_fd_sc_hd__a21oi_1)
     1    0.00                           _0136_ (net)
                  0.03    0.00    0.51 v _2056_/D (sky130_fd_sc_hd__dfxtp_1)
                                  0.51   data arrival time

                  0.15    0.00    0.00   clock clk (rise edge)
                          0.00    0.00   clock network delay (ideal)
                          0.25    0.25   clock uncertainty
                          0.00    0.25   clock reconvergence pessimism
                                  0.25 ^ _2056_/CLK (sky130_fd_sc_hd__dfxtp_1)
                         -0.03    0.22   library hold time
                                  0.22   data required time
-----------------------------------------------------------------------------
                                  0.22   data required time
                                 -0.51   data arrival time
-----------------------------------------------------------------------------
                                  0.28   slack (MET)


Startpoint: _2156_ (rising edge-triggered flip-flop clocked by clk)
Endpoint: _2156_ (rising edge-triggered flip-flop clocked by clk)
Path Group: clk
Path Type: min

Fanout     Cap    Slew   Delay    Time   Description
-----------------------------------------------------------------------------
                  0.15    0.00    0.00   clock clk (rise edge)
                          0.00    0.00   clock network delay (ideal)
                  0.15    0.00    0.00 ^ _2156_/CLK (sky130_fd_sc_hd__dfrtp_1)
                  0.12    0.39    0.39 ^ _2156_/Q (sky130_fd_sc_hd__dfrtp_1)
     5    0.01                           dual_watchdog_inst.watchdog_fc.rising_edge_timeout.assert_time[9] (net)
                  0.12    0.00    0.39 ^ _1099_/A1 (sky130_fd_sc_hd__o21a_1)
                  0.04    0.12    0.52 ^ _1099_/X (sky130_fd_sc_hd__o21a_1)
     1    0.00                           _0236_ (net)
                  0.04    0.00    0.52 ^ _2156_/D (sky130_fd_sc_hd__dfrtp_1)
                                  0.52   data arrival time

                  0.15    0.00    0.00   clock clk (rise edge)
                          0.00    0.00   clock network delay (ideal)
                          0.25    0.25   clock uncertainty
                          0.00    0.25   clock reconvergence pessimism
                                  0.25 ^ _2156_/CLK (sky130_fd_sc_hd__dfrtp_1)
                         -0.02    0.23   library hold time
                                  0.23   data required time
-----------------------------------------------------------------------------
                                  0.23   data required time
                                 -0.52   data arrival time
-----------------------------------------------------------------------------
                                  0.28   slack (MET)


Startpoint: _2181_ (rising edge-triggered flip-flop clocked by clk)
Endpoint: _2181_ (rising edge-triggered flip-flop clocked by clk)
Path Group: clk
Path Type: min

Fanout     Cap    Slew   Delay    Time   Description
-----------------------------------------------------------------------------
                  0.15    0.00    0.00   clock clk (rise edge)
                          0.00    0.00   clock network delay (ideal)
                  0.15    0.00    0.00 ^ _2181_/CLK (sky130_fd_sc_hd__dfxtp_1)
                  0.06    0.34    0.34 ^ _2181_/Q (sky130_fd_sc_hd__dfxtp_1)
     2    0.01                           uart_tx_jetson_inst.data_reg[4] (net)
                  0.06    0.00    0.34 ^ _1802_/A1 (sky130_fd_sc_hd__mux2_1)
                  0.04    0.12    0.45 ^ _1802_/X (sky130_fd_sc_hd__mux2_1)
     1    0.00                           _0580_ (net)
                  0.04    0.00    0.45 ^ _1803_/A (sky130_fd_sc_hd__clkbuf_1)
                  0.04    0.07    0.52 ^ _1803_/X (sky130_fd_sc_hd__clkbuf_1)
     1    0.00                           _0261_ (net)
                  0.04    0.00    0.52 ^ _2181_/D (sky130_fd_sc_hd__dfxtp_1)
                                  0.52   data arrival time

                  0.15    0.00    0.00   clock clk (rise edge)
                          0.00    0.00   clock network delay (ideal)
                          0.25    0.25   clock uncertainty
                          0.00    0.25   clock reconvergence pessimism
                                  0.25 ^ _2181_/CLK (sky130_fd_sc_hd__dfxtp_1)
                         -0.02    0.23   library hold time
                                  0.23   data required time
-----------------------------------------------------------------------------
                                  0.23   data required time
                                 -0.52   data arrival time
-----------------------------------------------------------------------------
                                  0.29   slack (MET)


Startpoint: _2292_ (rising edge-triggered flip-flop clocked by clk)
Endpoint: _2292_ (rising edge-triggered flip-flop clocked by clk)
Path Group: clk
Path Type: min

Fanout     Cap    Slew   Delay    Time   Description
-----------------------------------------------------------------------------
                  0.15    0.00    0.00   clock clk (rise edge)
                          0.00    0.00   clock network delay (ideal)
                  0.15    0.00    0.00 ^ _2292_/CLK (sky130_fd_sc_hd__dfxtp_1)
                  0.06    0.34    0.34 ^ _2292_/Q (sky130_fd_sc_hd__dfxtp_1)
     2    0.01                           uart_rx_jetson_inst.data_reg[0] (net)
                  0.06    0.00    0.34 ^ _2009_/A1 (sky130_fd_sc_hd__mux2_1)
                  0.04    0.11    0.45 ^ _2009_/X (sky130_fd_sc_hd__mux2_1)
     1    0.00                           _0704_ (net)
                  0.04    0.00    0.45 ^ _2010_/A (sky130_fd_sc_hd__clkbuf_1)
                  0.04    0.07    0.52 ^ _2010_/X (sky130_fd_sc_hd__clkbuf_1)
     1    0.00                           _0316_ (net)
                  0.04    0.00    0.52 ^ _2292_/D (sky130_fd_sc_hd__dfxtp_1)
                                  0.52   data arrival time

                  0.15    0.00    0.00   clock clk (rise edge)
                          0.00    0.00   clock network delay (ideal)
                          0.25    0.25   clock uncertainty
                          0.00    0.25   clock reconvergence pessimism
                                  0.25 ^ _2292_/CLK (sky130_fd_sc_hd__dfxtp_1)
                         -0.02    0.23   library hold time
                                  0.23   data required time
-----------------------------------------------------------------------------
                                  0.23   data required time
                                 -0.52   data arrival time
-----------------------------------------------------------------------------
                                  0.29   slack (MET)


Startpoint: _2248_ (rising edge-triggered flip-flop clocked by clk)
Endpoint: _2248_ (rising edge-triggered flip-flop clocked by clk)
Path Group: clk
Path Type: min

Fanout     Cap    Slew   Delay    Time   Description
-----------------------------------------------------------------------------
                  0.15    0.00    0.00   clock clk (rise edge)
                          0.00    0.00   clock network delay (ideal)
                  0.15    0.00    0.00 ^ _2248_/CLK (sky130_fd_sc_hd__dfrtp_1)
                  0.09    0.37    0.37 ^ _2248_/Q (sky130_fd_sc_hd__dfrtp_1)
     4    0.01                           dual_watchdog_inst.watchdog_fc.rising_edge_timeout.internal_count[11] (net)
                  0.09    0.00    0.37 ^ _1255_/A1 (sky130_fd_sc_hd__o211a_1)
                  0.04    0.15    0.52 ^ _1255_/X (sky130_fd_sc_hd__o211a_1)
     1    0.00                           _0032_ (net)
                  0.04    0.00    0.52 ^ _2248_/D (sky130_fd_sc_hd__dfrtp_1)
                                  0.52   data arrival time

                  0.15    0.00    0.00   clock clk (rise edge)
                          0.00    0.00   clock network delay (ideal)
                          0.25    0.25   clock uncertainty
                          0.00    0.25   clock reconvergence pessimism
                                  0.25 ^ _2248_/CLK (sky130_fd_sc_hd__dfrtp_1)
                         -0.02    0.23   library hold time
                                  0.23   data required time
-----------------------------------------------------------------------------
                                  0.23   data required time
                                 -0.52   data arrival time
-----------------------------------------------------------------------------
                                  0.29   slack (MET)


Startpoint: _2126_ (rising edge-triggered flip-flop clocked by clk)
Endpoint: _2126_ (rising edge-triggered flip-flop clocked by clk)
Path Group: clk
Path Type: min

Fanout     Cap    Slew   Delay    Time   Description
-----------------------------------------------------------------------------
                  0.15    0.00    0.00   clock clk (rise edge)
                          0.00    0.00   clock network delay (ideal)
                  0.15    0.00    0.00 ^ _2126_/CLK (sky130_fd_sc_hd__dfxtp_1)
                  0.07    0.35    0.35 v _2126_/Q (sky130_fd_sc_hd__dfxtp_1)
     5    0.01                           uart_rx_jetson_inst.bit_cnt[2] (net)
                  0.07    0.00    0.35 v _1681_/A1 (sky130_fd_sc_hd__a21oi_1)
                  0.09    0.12    0.47 ^ _1681_/Y (sky130_fd_sc_hd__a21oi_1)
     1    0.00                           _0514_ (net)
                  0.09    0.00    0.47 ^ _1682_/B (sky130_fd_sc_hd__nor2_1)
                  0.03    0.04    0.51 v _1682_/Y (sky130_fd_sc_hd__nor2_1)
     1    0.00                           _0206_ (net)
                  0.03    0.00    0.51 v _2126_/D (sky130_fd_sc_hd__dfxtp_1)
                                  0.51   data arrival time

                  0.15    0.00    0.00   clock clk (rise edge)
                          0.00    0.00   clock network delay (ideal)
                          0.25    0.25   clock uncertainty
                          0.00    0.25   clock reconvergence pessimism
                                  0.25 ^ _2126_/CLK (sky130_fd_sc_hd__dfxtp_1)
                         -0.02    0.23   library hold time
                                  0.23   data required time
-----------------------------------------------------------------------------
                                  0.23   data required time
                                 -0.51   data arrival time
-----------------------------------------------------------------------------
                                  0.29   slack (MET)


Startpoint: _2115_ (rising edge-triggered flip-flop clocked by clk)
Endpoint: _2115_ (rising edge-triggered flip-flop clocked by clk)
Path Group: clk
Path Type: min

Fanout     Cap    Slew   Delay    Time   Description
-----------------------------------------------------------------------------
                  0.15    0.00    0.00   clock clk (rise edge)
                          0.00    0.00   clock network delay (ideal)
                  0.15    0.00    0.00 ^ _2115_/CLK (sky130_fd_sc_hd__dfxtp_1)
                  0.07    0.34    0.34 ^ _2115_/Q (sky130_fd_sc_hd__dfxtp_1)
     3    0.01                           uart_rx_raspi_inst.data_reg[7] (net)
                  0.07    0.00    0.34 ^ _1624_/A1 (sky130_fd_sc_hd__mux2_1)
                  0.04    0.11    0.45 ^ _1624_/X (sky130_fd_sc_hd__mux2_1)
     1    0.00                           _0468_ (net)
                  0.04    0.00    0.45 ^ _1625_/A (sky130_fd_sc_hd__clkbuf_1)
                  0.04    0.07    0.52 ^ _1625_/X (sky130_fd_sc_hd__clkbuf_1)
     1    0.00                           _0195_ (net)
                  0.04    0.00    0.52 ^ _2115_/D (sky130_fd_sc_hd__dfxtp_1)
                                  0.52   data arrival time

                  0.15    0.00    0.00   clock clk (rise edge)
                          0.00    0.00   clock network delay (ideal)
                          0.25    0.25   clock uncertainty
                          0.00    0.25   clock reconvergence pessimism
                                  0.25 ^ _2115_/CLK (sky130_fd_sc_hd__dfxtp_1)
                         -0.02    0.23   library hold time
                                  0.23   data required time
-----------------------------------------------------------------------------
                                  0.23   data required time
                                 -0.52   data arrival time
-----------------------------------------------------------------------------
                                  0.29   slack (MET)


Startpoint: _2080_ (rising edge-triggered flip-flop clocked by clk)
Endpoint: _2080_ (rising edge-triggered flip-flop clocked by clk)
Path Group: clk
Path Type: min

Fanout     Cap    Slew   Delay    Time   Description
-----------------------------------------------------------------------------
                  0.15    0.00    0.00   clock clk (rise edge)
                          0.00    0.00   clock network delay (ideal)
                  0.15    0.00    0.00 ^ _2080_/CLK (sky130_fd_sc_hd__dfxtp_1)
                  0.03    0.32    0.32 v _2080_/Q (sky130_fd_sc_hd__dfxtp_1)
     2    0.00                           uart_tx_jetson_inst.prescale_reg[3] (net)
                  0.03    0.00    0.32 v _1521_/A (sky130_fd_sc_hd__nand2_1)
                  0.04    0.05    0.36 ^ _1521_/Y (sky130_fd_sc_hd__nand2_1)
     1    0.00                           _0400_ (net)
                  0.04    0.00    0.36 ^ _1522_/A2 (sky130_fd_sc_hd__a21o_1)
                  0.04    0.10    0.46 ^ _1522_/X (sky130_fd_sc_hd__a21o_1)
     1    0.00                           _0401_ (net)
                  0.04    0.00    0.46 ^ _1523_/A2 (sky130_fd_sc_hd__a21oi_1)
                  0.04    0.05    0.51 v _1523_/Y (sky130_fd_sc_hd__a21oi_1)
     1    0.00                           _0160_ (net)
                  0.04    0.00    0.51 v _2080_/D (sky130_fd_sc_hd__dfxtp_1)
                                  0.51   data arrival time

                  0.15    0.00    0.00   clock clk (rise edge)
                          0.00    0.00   clock network delay (ideal)
                          0.25    0.25   clock uncertainty
                          0.00    0.25   clock reconvergence pessimism
                                  0.25 ^ _2080_/CLK (sky130_fd_sc_hd__dfxtp_1)
                         -0.03    0.22   library hold time
                                  0.22   data required time
-----------------------------------------------------------------------------
                                  0.22   data required time
                                 -0.51   data arrival time
-----------------------------------------------------------------------------
                                  0.29   slack (MET)


Startpoint: _2032_ (rising edge-triggered flip-flop clocked by clk)
Endpoint: _2032_ (rising edge-triggered flip-flop clocked by clk)
Path Group: clk
Path Type: min

Fanout     Cap    Slew   Delay    Time   Description
-----------------------------------------------------------------------------
                  0.15    0.00    0.00   clock clk (rise edge)
                          0.00    0.00   clock network delay (ideal)
                  0.15    0.00    0.00 ^ _2032_/CLK (sky130_fd_sc_hd__dfxtp_1)
                  0.06    0.34    0.34 ^ _2032_/Q (sky130_fd_sc_hd__dfxtp_1)
     2    0.01                           uart_tx_raspi_inst.data_reg[0] (net)
                  0.06    0.00    0.34 ^ _1328_/A1 (sky130_fd_sc_hd__mux2_1)
                  0.04    0.12    0.45 ^ _1328_/X (sky130_fd_sc_hd__mux2_1)
     1    0.00                           _0946_ (net)
                  0.04    0.00    0.45 ^ _1329_/A (sky130_fd_sc_hd__clkbuf_1)
                  0.04    0.07    0.52 ^ _1329_/X (sky130_fd_sc_hd__clkbuf_1)
     1    0.00                           _0112_ (net)
                  0.04    0.00    0.52 ^ _2032_/D (sky130_fd_sc_hd__dfxtp_1)
                                  0.52   data arrival time

                  0.15    0.00    0.00   clock clk (rise edge)
                          0.00    0.00   clock network delay (ideal)
                          0.25    0.25   clock uncertainty
                          0.00    0.25   clock reconvergence pessimism
                                  0.25 ^ _2032_/CLK (sky130_fd_sc_hd__dfxtp_1)
                         -0.02    0.23   library hold time
                                  0.23   data required time
-----------------------------------------------------------------------------
                                  0.23   data required time
                                 -0.52   data arrival time
-----------------------------------------------------------------------------
                                  0.29   slack (MET)


Startpoint: _2124_ (rising edge-triggered flip-flop clocked by clk)
Endpoint: _2124_ (rising edge-triggered flip-flop clocked by clk)
Path Group: clk
Path Type: min

Fanout     Cap    Slew   Delay    Time   Description
-----------------------------------------------------------------------------
                  0.15    0.00    0.00   clock clk (rise edge)
                          0.00    0.00   clock network delay (ideal)
                  0.15    0.00    0.00 ^ _2124_/CLK (sky130_fd_sc_hd__dfxtp_1)
                  0.09    0.37    0.37 v _2124_/Q (sky130_fd_sc_hd__dfxtp_1)
     6    0.02                           uart_rx_jetson_inst.bit_cnt[0] (net)
                  0.09    0.00    0.37 v _1661_/A (sky130_fd_sc_hd__inv_2)
                  0.05    0.07    0.44 ^ _1661_/Y (sky130_fd_sc_hd__inv_2)
     3    0.01                           _0496_ (net)
                  0.05    0.00    0.44 ^ _1670_/A1 (sky130_fd_sc_hd__a221oi_1)
                  0.05    0.06    0.51 v _1670_/Y (sky130_fd_sc_hd__a221oi_1)
     1    0.00                           _0204_ (net)
                  0.05    0.00    0.51 v _2124_/D (sky130_fd_sc_hd__dfxtp_1)
                                  0.51   data arrival time

                  0.15    0.00    0.00   clock clk (rise edge)
                          0.00    0.00   clock network delay (ideal)
                          0.25    0.25   clock uncertainty
                          0.00    0.25   clock reconvergence pessimism
                                  0.25 ^ _2124_/CLK (sky130_fd_sc_hd__dfxtp_1)
                         -0.03    0.22   library hold time
                                  0.22   data required time
-----------------------------------------------------------------------------
                                  0.22   data required time
                                 -0.51   data arrival time
-----------------------------------------------------------------------------
                                  0.29   slack (MET)


Startpoint: _2177_ (rising edge-triggered flip-flop clocked by clk)
Endpoint: _2177_ (rising edge-triggered flip-flop clocked by clk)
Path Group: clk
Path Type: min

Fanout     Cap    Slew   Delay    Time   Description
-----------------------------------------------------------------------------
                  0.15    0.00    0.00   clock clk (rise edge)
                          0.00    0.00   clock network delay (ideal)
                  0.15    0.00    0.00 ^ _2177_/CLK (sky130_fd_sc_hd__dfxtp_1)
                  0.07    0.34    0.34 ^ _2177_/Q (sky130_fd_sc_hd__dfxtp_1)
     2    0.01                           uart_tx_jetson_inst.data_reg[0] (net)
                  0.07    0.00    0.34 ^ _1790_/A1 (sky130_fd_sc_hd__mux2_1)
                  0.04    0.12    0.46 ^ _1790_/X (sky130_fd_sc_hd__mux2_1)
     1    0.00                           _0572_ (net)
                  0.04    0.00    0.46 ^ _1791_/A (sky130_fd_sc_hd__clkbuf_1)
                  0.04    0.07    0.52 ^ _1791_/X (sky130_fd_sc_hd__clkbuf_1)
     1    0.00                           _0257_ (net)
                  0.04    0.00    0.52 ^ _2177_/D (sky130_fd_sc_hd__dfxtp_1)
                                  0.52   data arrival time

                  0.15    0.00    0.00   clock clk (rise edge)
                          0.00    0.00   clock network delay (ideal)
                          0.25    0.25   clock uncertainty
                          0.00    0.25   clock reconvergence pessimism
                                  0.25 ^ _2177_/CLK (sky130_fd_sc_hd__dfxtp_1)
                         -0.02    0.23   library hold time
                                  0.23   data required time
-----------------------------------------------------------------------------
                                  0.23   data required time
                                 -0.52   data arrival time
-----------------------------------------------------------------------------
                                  0.29   slack (MET)


Startpoint: _2276_ (rising edge-triggered flip-flop clocked by clk)
Endpoint: _2276_ (rising edge-triggered flip-flop clocked by clk)
Path Group: clk
Path Type: min

Fanout     Cap    Slew   Delay    Time   Description
-----------------------------------------------------------------------------
                  0.15    0.00    0.00   clock clk (rise edge)
                          0.00    0.00   clock network delay (ideal)
                  0.15    0.00    0.00 ^ _2276_/CLK (sky130_fd_sc_hd__dfrtp_1)
                  0.12    0.40    0.40 ^ _2276_/Q (sky130_fd_sc_hd__dfrtp_1)
     5    0.01                           dual_watchdog_inst.watchdog_fc.falling_edge_timeout.assert_time[12] (net)
                  0.12    0.00    0.40 ^ _1957_/A1 (sky130_fd_sc_hd__o21a_1)
                  0.04    0.12    0.52 ^ _1957_/X (sky130_fd_sc_hd__o21a_1)
     1    0.00                           _0301_ (net)
                  0.04    0.00    0.52 ^ _2276_/D (sky130_fd_sc_hd__dfrtp_1)
                                  0.52   data arrival time

                  0.15    0.00    0.00   clock clk (rise edge)
                          0.00    0.00   clock network delay (ideal)
                          0.25    0.25   clock uncertainty
                          0.00    0.25   clock reconvergence pessimism
                                  0.25 ^ _2276_/CLK (sky130_fd_sc_hd__dfrtp_1)
                         -0.02    0.23   library hold time
                                  0.23   data required time
-----------------------------------------------------------------------------
                                  0.23   data required time
                                 -0.52   data arrival time
-----------------------------------------------------------------------------
                                  0.29   slack (MET)


Startpoint: _2129_ (rising edge-triggered flip-flop clocked by clk)
Endpoint: _2129_ (rising edge-triggered flip-flop clocked by clk)
Path Group: clk
Path Type: min

Fanout     Cap    Slew   Delay    Time   Description
-----------------------------------------------------------------------------
                  0.15    0.00    0.00   clock clk (rise edge)
                          0.00    0.00   clock network delay (ideal)
                  0.15    0.00    0.00 ^ _2129_/CLK (sky130_fd_sc_hd__dfxtp_1)
                  0.04    0.32    0.32 v _2129_/Q (sky130_fd_sc_hd__dfxtp_1)
     3    0.01                           uart_rx_jetson_inst.prescale_reg[1] (net)
                  0.04    0.00    0.32 v _1692_/A (sky130_fd_sc_hd__nand2_1)
                  0.04    0.05    0.37 ^ _1692_/Y (sky130_fd_sc_hd__nand2_1)
     1    0.00                           _0522_ (net)
                  0.04    0.00    0.37 ^ _1693_/A2 (sky130_fd_sc_hd__a21o_1)
                  0.04    0.10    0.47 ^ _1693_/X (sky130_fd_sc_hd__a21o_1)
     1    0.00                           _0523_ (net)
                  0.04    0.00    0.47 ^ _1694_/A2 (sky130_fd_sc_hd__a21oi_1)
                  0.03    0.05    0.52 v _1694_/Y (sky130_fd_sc_hd__a21oi_1)
     1    0.00                           _0209_ (net)
                  0.03    0.00    0.52 v _2129_/D (sky130_fd_sc_hd__dfxtp_1)
                                  0.52   data arrival time

                  0.15    0.00    0.00   clock clk (rise edge)
                          0.00    0.00   clock network delay (ideal)
                          0.25    0.25   clock uncertainty
                          0.00    0.25   clock reconvergence pessimism
                                  0.25 ^ _2129_/CLK (sky130_fd_sc_hd__dfxtp_1)
                         -0.03    0.22   library hold time
                                  0.22   data required time
-----------------------------------------------------------------------------
                                  0.22   data required time
                                 -0.52   data arrival time
-----------------------------------------------------------------------------
                                  0.29   slack (MET)


Startpoint: _2054_ (rising edge-triggered flip-flop clocked by clk)
Endpoint: _2054_ (rising edge-triggered flip-flop clocked by clk)
Path Group: clk
Path Type: min

Fanout     Cap    Slew   Delay    Time   Description
-----------------------------------------------------------------------------
                  0.15    0.00    0.00   clock clk (rise edge)
                          0.00    0.00   clock network delay (ideal)
                  0.15    0.00    0.00 ^ _2054_/CLK (sky130_fd_sc_hd__dfxtp_1)
                  0.04    0.32    0.32 v _2054_/Q (sky130_fd_sc_hd__dfxtp_1)
     3    0.01                           uart_rx_raspi_inst.prescale_reg[1] (net)
                  0.04    0.00    0.32 v _1425_/A (sky130_fd_sc_hd__nand2_1)
                  0.04    0.05    0.37 ^ _1425_/Y (sky130_fd_sc_hd__nand2_1)
     1    0.00                           _0330_ (net)
                  0.04    0.00    0.37 ^ _1426_/A2 (sky130_fd_sc_hd__a21o_1)
                  0.04    0.10    0.47 ^ _1426_/X (sky130_fd_sc_hd__a21o_1)
     1    0.00                           _0331_ (net)
                  0.04    0.00    0.47 ^ _1427_/A2 (sky130_fd_sc_hd__a21oi_1)
                  0.03    0.05    0.52 v _1427_/Y (sky130_fd_sc_hd__a21oi_1)
     1    0.00                           _0134_ (net)
                  0.03    0.00    0.52 v _2054_/D (sky130_fd_sc_hd__dfxtp_1)
                                  0.52   data arrival time

                  0.15    0.00    0.00   clock clk (rise edge)
                          0.00    0.00   clock network delay (ideal)
                          0.25    0.25   clock uncertainty
                          0.00    0.25   clock reconvergence pessimism
                                  0.25 ^ _2054_/CLK (sky130_fd_sc_hd__dfxtp_1)
                         -0.03    0.22   library hold time
                                  0.22   data required time
-----------------------------------------------------------------------------
                                  0.22   data required time
                                 -0.52   data arrival time
-----------------------------------------------------------------------------
                                  0.29   slack (MET)


Startpoint: _2114_ (rising edge-triggered flip-flop clocked by clk)
Endpoint: _2114_ (rising edge-triggered flip-flop clocked by clk)
Path Group: clk
Path Type: min

Fanout     Cap    Slew   Delay    Time   Description
-----------------------------------------------------------------------------
                  0.15    0.00    0.00   clock clk (rise edge)
                          0.00    0.00   clock network delay (ideal)
                  0.15    0.00    0.00 ^ _2114_/CLK (sky130_fd_sc_hd__dfxtp_1)
                  0.07    0.34    0.34 ^ _2114_/Q (sky130_fd_sc_hd__dfxtp_1)
     3    0.01                           uart_rx_raspi_inst.data_reg[6] (net)
                  0.07    0.00    0.34 ^ _1622_/A1 (sky130_fd_sc_hd__mux2_1)
                  0.04    0.12    0.46 ^ _1622_/X (sky130_fd_sc_hd__mux2_1)
     1    0.00                           _0467_ (net)
                  0.04    0.00    0.46 ^ _1623_/A (sky130_fd_sc_hd__clkbuf_1)
                  0.04    0.07    0.53 ^ _1623_/X (sky130_fd_sc_hd__clkbuf_1)
     1    0.00                           _0194_ (net)
                  0.04    0.00    0.53 ^ _2114_/D (sky130_fd_sc_hd__dfxtp_1)
                                  0.53   data arrival time

                  0.15    0.00    0.00   clock clk (rise edge)
                          0.00    0.00   clock network delay (ideal)
                          0.25    0.25   clock uncertainty
                          0.00    0.25   clock reconvergence pessimism
                                  0.25 ^ _2114_/CLK (sky130_fd_sc_hd__dfxtp_1)
                         -0.02    0.23   library hold time
                                  0.23   data required time
-----------------------------------------------------------------------------
                                  0.23   data required time
                                 -0.53   data arrival time
-----------------------------------------------------------------------------
                                  0.29   slack (MET)


Startpoint: _2274_ (rising edge-triggered flip-flop clocked by clk)
Endpoint: _2274_ (rising edge-triggered flip-flop clocked by clk)
Path Group: clk
Path Type: min

Fanout     Cap    Slew   Delay    Time   Description
-----------------------------------------------------------------------------
                  0.15    0.00    0.00   clock clk (rise edge)
                          0.00    0.00   clock network delay (ideal)
                  0.15    0.00    0.00 ^ _2274_/CLK (sky130_fd_sc_hd__dfrtp_1)
                  0.10    0.38    0.38 ^ _2274_/Q (sky130_fd_sc_hd__dfrtp_1)
     4    0.01                           dual_watchdog_inst.watchdog_fc.falling_edge_timeout.assert_time[10] (net)
                  0.10    0.00    0.38 ^ _1951_/A1 (sky130_fd_sc_hd__o211a_1)
                  0.04    0.15    0.52 ^ _1951_/X (sky130_fd_sc_hd__o211a_1)
     1    0.00                           _0299_ (net)
                  0.04    0.00    0.52 ^ _2274_/D (sky130_fd_sc_hd__dfrtp_1)
                                  0.52   data arrival time

                  0.15    0.00    0.00   clock clk (rise edge)
                          0.00    0.00   clock network delay (ideal)
                          0.25    0.25   clock uncertainty
                          0.00    0.25   clock reconvergence pessimism
                                  0.25 ^ _2274_/CLK (sky130_fd_sc_hd__dfrtp_1)
                         -0.02    0.23   library hold time
                                  0.23   data required time
-----------------------------------------------------------------------------
                                  0.23   data required time
                                 -0.52   data arrival time
-----------------------------------------------------------------------------
                                  0.29   slack (MET)


Startpoint: _2055_ (rising edge-triggered flip-flop clocked by clk)
Endpoint: _2055_ (rising edge-triggered flip-flop clocked by clk)
Path Group: clk
Path Type: min

Fanout     Cap    Slew   Delay    Time   Description
-----------------------------------------------------------------------------
                  0.15    0.00    0.00   clock clk (rise edge)
                          0.00    0.00   clock network delay (ideal)
                  0.15    0.00    0.00 ^ _2055_/CLK (sky130_fd_sc_hd__dfxtp_1)
                  0.04    0.33    0.33 v _2055_/Q (sky130_fd_sc_hd__dfxtp_1)
     3    0.01                           uart_rx_raspi_inst.prescale_reg[2] (net)
                  0.04    0.00    0.33 v _1429_/A (sky130_fd_sc_hd__nand2_1)
                  0.04    0.05    0.37 ^ _1429_/Y (sky130_fd_sc_hd__nand2_1)
     1    0.00                           _0333_ (net)
                  0.04    0.00    0.37 ^ _1430_/A2 (sky130_fd_sc_hd__a21o_1)
                  0.04    0.09    0.47 ^ _1430_/X (sky130_fd_sc_hd__a21o_1)
     1    0.00                           _0334_ (net)
                  0.04    0.00    0.47 ^ _1431_/A2 (sky130_fd_sc_hd__a21oi_1)
                  0.04    0.05    0.52 v _1431_/Y (sky130_fd_sc_hd__a21oi_1)
     1    0.00                           _0135_ (net)
                  0.04    0.00    0.52 v _2055_/D (sky130_fd_sc_hd__dfxtp_1)
                                  0.52   data arrival time

                  0.15    0.00    0.00   clock clk (rise edge)
                          0.00    0.00   clock network delay (ideal)
                          0.25    0.25   clock uncertainty
                          0.00    0.25   clock reconvergence pessimism
                                  0.25 ^ _2055_/CLK (sky130_fd_sc_hd__dfxtp_1)
                         -0.03    0.22   library hold time
                                  0.22   data required time
-----------------------------------------------------------------------------
                                  0.22   data required time
                                 -0.52   data arrival time
-----------------------------------------------------------------------------
                                  0.29   slack (MET)


Startpoint: _2113_ (rising edge-triggered flip-flop clocked by clk)
Endpoint: _2113_ (rising edge-triggered flip-flop clocked by clk)
Path Group: clk
Path Type: min

Fanout     Cap    Slew   Delay    Time   Description
-----------------------------------------------------------------------------
                  0.15    0.00    0.00   clock clk (rise edge)
                          0.00    0.00   clock network delay (ideal)
                  0.15    0.00    0.00 ^ _2113_/CLK (sky130_fd_sc_hd__dfxtp_1)
                  0.07    0.34    0.34 ^ _2113_/Q (sky130_fd_sc_hd__dfxtp_1)
     3    0.01                           uart_rx_raspi_inst.data_reg[5] (net)
                  0.07    0.00    0.34 ^ _1619_/A1 (sky130_fd_sc_hd__mux2_1)
                  0.04    0.12    0.46 ^ _1619_/X (sky130_fd_sc_hd__mux2_1)
     1    0.00                           _0465_ (net)
                  0.04    0.00    0.46 ^ _1620_/A (sky130_fd_sc_hd__clkbuf_1)
                  0.04    0.07    0.53 ^ _1620_/X (sky130_fd_sc_hd__clkbuf_1)
     1    0.00                           _0193_ (net)
                  0.04    0.00    0.53 ^ _2113_/D (sky130_fd_sc_hd__dfxtp_1)
                                  0.53   data arrival time

                  0.15    0.00    0.00   clock clk (rise edge)
                          0.00    0.00   clock network delay (ideal)
                          0.25    0.25   clock uncertainty
                          0.00    0.25   clock reconvergence pessimism
                                  0.25 ^ _2113_/CLK (sky130_fd_sc_hd__dfxtp_1)
                         -0.02    0.23   library hold time
                                  0.23   data required time
-----------------------------------------------------------------------------
                                  0.23   data required time
                                 -0.53   data arrival time
-----------------------------------------------------------------------------
                                  0.29   slack (MET)


Startpoint: _2218_ (rising edge-triggered flip-flop clocked by clk)
Endpoint: _2218_ (rising edge-triggered flip-flop clocked by clk)
Path Group: clk
Path Type: min

Fanout     Cap    Slew   Delay    Time   Description
-----------------------------------------------------------------------------
                  0.15    0.00    0.00   clock clk (rise edge)
                          0.00    0.00   clock network delay (ideal)
                  0.15    0.00    0.00 ^ _2218_/CLK (sky130_fd_sc_hd__dfrtp_1)
                  0.11    0.38    0.38 ^ _2218_/Q (sky130_fd_sc_hd__dfrtp_1)
     5    0.01                           dual_watchdog_inst.watchdog_fc.falling_edge_timeout.internal_count[9] (net)
                  0.11    0.00    0.38 ^ _1171_/B1 (sky130_fd_sc_hd__a21oi_1)
                  0.04    0.05    0.43 v _1171_/Y (sky130_fd_sc_hd__a21oi_1)
     1    0.00                           _0836_ (net)
                  0.04    0.00    0.43 v _1173_/A (sky130_fd_sc_hd__nor2_1)
                  0.07    0.09    0.52 ^ _1173_/Y (sky130_fd_sc_hd__nor2_1)
     1    0.00                           _0029_ (net)
                  0.07    0.00    0.52 ^ _2218_/D (sky130_fd_sc_hd__dfrtp_1)
                                  0.52   data arrival time

                  0.15    0.00    0.00   clock clk (rise edge)
                          0.00    0.00   clock network delay (ideal)
                          0.25    0.25   clock uncertainty
                          0.00    0.25   clock reconvergence pessimism
                                  0.25 ^ _2218_/CLK (sky130_fd_sc_hd__dfrtp_1)
                         -0.03    0.22   library hold time
                                  0.22   data required time
-----------------------------------------------------------------------------
                                  0.22   data required time
                                 -0.52   data arrival time
-----------------------------------------------------------------------------
                                  0.29   slack (MET)


Startpoint: _2298_ (rising edge-triggered flip-flop clocked by clk)
Endpoint: _2298_ (rising edge-triggered flip-flop clocked by clk)
Path Group: clk
Path Type: min

Fanout     Cap    Slew   Delay    Time   Description
-----------------------------------------------------------------------------
                  0.15    0.00    0.00   clock clk (rise edge)
                          0.00    0.00   clock network delay (ideal)
                  0.15    0.00    0.00 ^ _2298_/CLK (sky130_fd_sc_hd__dfxtp_1)
                  0.07    0.34    0.34 ^ _2298_/Q (sky130_fd_sc_hd__dfxtp_1)
     3    0.01                           uart_rx_jetson_inst.data_reg[6] (net)
                  0.07    0.00    0.34 ^ _2027_/A1 (sky130_fd_sc_hd__mux2_1)
                  0.04    0.12    0.46 ^ _2027_/X (sky130_fd_sc_hd__mux2_1)
     1    0.00                           _0716_ (net)
                  0.04    0.00    0.46 ^ _2028_/A (sky130_fd_sc_hd__clkbuf_1)
                  0.04    0.07    0.53 ^ _2028_/X (sky130_fd_sc_hd__clkbuf_1)
     1    0.00                           _0322_ (net)
                  0.04    0.00    0.53 ^ _2298_/D (sky130_fd_sc_hd__dfxtp_1)
                                  0.53   data arrival time

                  0.15    0.00    0.00   clock clk (rise edge)
                          0.00    0.00   clock network delay (ideal)
                          0.25    0.25   clock uncertainty
                          0.00    0.25   clock reconvergence pessimism
                                  0.25 ^ _2298_/CLK (sky130_fd_sc_hd__dfxtp_1)
                         -0.02    0.23   library hold time
                                  0.23   data required time
-----------------------------------------------------------------------------
                                  0.23   data required time
                                 -0.53   data arrival time
-----------------------------------------------------------------------------
                                  0.29   slack (MET)


Startpoint: _2130_ (rising edge-triggered flip-flop clocked by clk)
Endpoint: _2130_ (rising edge-triggered flip-flop clocked by clk)
Path Group: clk
Path Type: min

Fanout     Cap    Slew   Delay    Time   Description
-----------------------------------------------------------------------------
                  0.15    0.00    0.00   clock clk (rise edge)
                          0.00    0.00   clock network delay (ideal)
                  0.15    0.00    0.00 ^ _2130_/CLK (sky130_fd_sc_hd__dfxtp_1)
                  0.04    0.32    0.32 v _2130_/Q (sky130_fd_sc_hd__dfxtp_1)
     3    0.01                           uart_rx_jetson_inst.prescale_reg[2] (net)
                  0.04    0.00    0.32 v _1696_/A (sky130_fd_sc_hd__nand2_1)
                  0.04    0.05    0.37 ^ _1696_/Y (sky130_fd_sc_hd__nand2_1)
     1    0.00                           _0525_ (net)
                  0.04    0.00    0.37 ^ _1697_/A2 (sky130_fd_sc_hd__a21o_1)
                  0.04    0.10    0.47 ^ _1697_/X (sky130_fd_sc_hd__a21o_1)
     1    0.00                           _0526_ (net)
                  0.04    0.00    0.47 ^ _1698_/A2 (sky130_fd_sc_hd__a21oi_1)
                  0.03    0.05    0.52 v _1698_/Y (sky130_fd_sc_hd__a21oi_1)
     1    0.00                           _0210_ (net)
                  0.03    0.00    0.52 v _2130_/D (sky130_fd_sc_hd__dfxtp_1)
                                  0.52   data arrival time

                  0.15    0.00    0.00   clock clk (rise edge)
                          0.00    0.00   clock network delay (ideal)
                          0.25    0.25   clock uncertainty
                          0.00    0.25   clock reconvergence pessimism
                                  0.25 ^ _2130_/CLK (sky130_fd_sc_hd__dfxtp_1)
                         -0.03    0.22   library hold time
                                  0.22   data required time
-----------------------------------------------------------------------------
                                  0.22   data required time
                                 -0.52   data arrival time
-----------------------------------------------------------------------------
                                  0.30   slack (MET)


Startpoint: _2164_ (rising edge-triggered flip-flop clocked by clk)
Endpoint: _2164_ (rising edge-triggered flip-flop clocked by clk)
Path Group: clk
Path Type: min

Fanout     Cap    Slew   Delay    Time   Description
-----------------------------------------------------------------------------
                  0.15    0.00    0.00   clock clk (rise edge)
                          0.00    0.00   clock network delay (ideal)
                  0.15    0.00    0.00 ^ _2164_/CLK (sky130_fd_sc_hd__dfrtp_2)
                  0.10    0.41    0.41 ^ _2164_/Q (sky130_fd_sc_hd__dfrtp_2)
     7    0.02                           dual_watchdog_inst.watchdog_fc.rising_edge_timeout.assert_time[17] (net)
                  0.10    0.00    0.41 ^ _1078_/A1 (sky130_fd_sc_hd__o21a_1)
                  0.04    0.12    0.53 ^ _1078_/X (sky130_fd_sc_hd__o21a_1)
     1    0.00                           _0244_ (net)
                  0.04    0.00    0.53 ^ _2164_/D (sky130_fd_sc_hd__dfrtp_2)
                                  0.53   data arrival time

                  0.15    0.00    0.00   clock clk (rise edge)
                          0.00    0.00   clock network delay (ideal)
                          0.25    0.25   clock uncertainty
                          0.00    0.25   clock reconvergence pessimism
                                  0.25 ^ _2164_/CLK (sky130_fd_sc_hd__dfrtp_2)
                         -0.02    0.23   library hold time
                                  0.23   data required time
-----------------------------------------------------------------------------
                                  0.23   data required time
                                 -0.53   data arrival time
-----------------------------------------------------------------------------
                                  0.30   slack (MET)


Startpoint: _2110_ (rising edge-triggered flip-flop clocked by clk)
Endpoint: _2110_ (rising edge-triggered flip-flop clocked by clk)
Path Group: clk
Path Type: min

Fanout     Cap    Slew   Delay    Time   Description
-----------------------------------------------------------------------------
                  0.15    0.00    0.00   clock clk (rise edge)
                          0.00    0.00   clock network delay (ideal)
                  0.15    0.00    0.00 ^ _2110_/CLK (sky130_fd_sc_hd__dfxtp_1)
                  0.07    0.34    0.34 ^ _2110_/Q (sky130_fd_sc_hd__dfxtp_1)
     3    0.01                           uart_rx_raspi_inst.data_reg[2] (net)
                  0.07    0.00    0.34 ^ _1610_/A1 (sky130_fd_sc_hd__mux2_1)
                  0.04    0.12    0.46 ^ _1610_/X (sky130_fd_sc_hd__mux2_1)
     1    0.00                           _0459_ (net)
                  0.04    0.00    0.46 ^ _1611_/A (sky130_fd_sc_hd__clkbuf_1)
                  0.04    0.07    0.53 ^ _1611_/X (sky130_fd_sc_hd__clkbuf_1)
     1    0.00                           _0190_ (net)
                  0.04    0.00    0.53 ^ _2110_/D (sky130_fd_sc_hd__dfxtp_1)
                                  0.53   data arrival time

                  0.15    0.00    0.00   clock clk (rise edge)
                          0.00    0.00   clock network delay (ideal)
                          0.25    0.25   clock uncertainty
                          0.00    0.25   clock reconvergence pessimism
                                  0.25 ^ _2110_/CLK (sky130_fd_sc_hd__dfxtp_1)
                         -0.02    0.23   library hold time
                                  0.23   data required time
-----------------------------------------------------------------------------
                                  0.23   data required time
                                 -0.53   data arrival time
-----------------------------------------------------------------------------
                                  0.30   slack (MET)


Startpoint: _2161_ (rising edge-triggered flip-flop clocked by clk)
Endpoint: _2161_ (rising edge-triggered flip-flop clocked by clk)
Path Group: clk
Path Type: min

Fanout     Cap    Slew   Delay    Time   Description
-----------------------------------------------------------------------------
                  0.15    0.00    0.00   clock clk (rise edge)
                          0.00    0.00   clock network delay (ideal)
                  0.15    0.00    0.00 ^ _2161_/CLK (sky130_fd_sc_hd__dfrtp_2)
                  0.10    0.41    0.41 ^ _2161_/Q (sky130_fd_sc_hd__dfrtp_2)
     7    0.02                           dual_watchdog_inst.watchdog_fc.rising_edge_timeout.assert_time[14] (net)
                  0.10    0.00    0.41 ^ _1085_/A1 (sky130_fd_sc_hd__o21a_1)
                  0.04    0.12    0.53 ^ _1085_/X (sky130_fd_sc_hd__o21a_1)
     1    0.00                           _0241_ (net)
                  0.04    0.00    0.53 ^ _2161_/D (sky130_fd_sc_hd__dfrtp_2)
                                  0.53   data arrival time

                  0.15    0.00    0.00   clock clk (rise edge)
                          0.00    0.00   clock network delay (ideal)
                          0.25    0.25   clock uncertainty
                          0.00    0.25   clock reconvergence pessimism
                                  0.25 ^ _2161_/CLK (sky130_fd_sc_hd__dfrtp_2)
                         -0.02    0.23   library hold time
                                  0.23   data required time
-----------------------------------------------------------------------------
                                  0.23   data required time
                                 -0.53   data arrival time
-----------------------------------------------------------------------------
                                  0.30   slack (MET)


Startpoint: _2112_ (rising edge-triggered flip-flop clocked by clk)
Endpoint: _2112_ (rising edge-triggered flip-flop clocked by clk)
Path Group: clk
Path Type: min

Fanout     Cap    Slew   Delay    Time   Description
-----------------------------------------------------------------------------
                  0.15    0.00    0.00   clock clk (rise edge)
                          0.00    0.00   clock network delay (ideal)
                  0.15    0.00    0.00 ^ _2112_/CLK (sky130_fd_sc_hd__dfxtp_1)
                  0.07    0.34    0.34 ^ _2112_/Q (sky130_fd_sc_hd__dfxtp_1)
     3    0.01                           uart_rx_raspi_inst.data_reg[4] (net)
                  0.07    0.00    0.34 ^ _1616_/A1 (sky130_fd_sc_hd__mux2_1)
                  0.04    0.12    0.46 ^ _1616_/X (sky130_fd_sc_hd__mux2_1)
     1    0.00                           _0463_ (net)
                  0.04    0.00    0.46 ^ _1617_/A (sky130_fd_sc_hd__clkbuf_1)
                  0.04    0.07    0.53 ^ _1617_/X (sky130_fd_sc_hd__clkbuf_1)
     1    0.00                           _0192_ (net)
                  0.04    0.00    0.53 ^ _2112_/D (sky130_fd_sc_hd__dfxtp_1)
                                  0.53   data arrival time

                  0.15    0.00    0.00   clock clk (rise edge)
                          0.00    0.00   clock network delay (ideal)
                          0.25    0.25   clock uncertainty
                          0.00    0.25   clock reconvergence pessimism
                                  0.25 ^ _2112_/CLK (sky130_fd_sc_hd__dfxtp_1)
                         -0.02    0.23   library hold time
                                  0.23   data required time
-----------------------------------------------------------------------------
                                  0.23   data required time
                                 -0.53   data arrival time
-----------------------------------------------------------------------------
                                  0.30   slack (MET)


Startpoint: _2297_ (rising edge-triggered flip-flop clocked by clk)
Endpoint: _2297_ (rising edge-triggered flip-flop clocked by clk)
Path Group: clk
Path Type: min

Fanout     Cap    Slew   Delay    Time   Description
-----------------------------------------------------------------------------
                  0.15    0.00    0.00   clock clk (rise edge)
                          0.00    0.00   clock network delay (ideal)
                  0.15    0.00    0.00 ^ _2297_/CLK (sky130_fd_sc_hd__dfxtp_1)
                  0.08    0.34    0.34 ^ _2297_/Q (sky130_fd_sc_hd__dfxtp_1)
     3    0.01                           uart_rx_jetson_inst.data_reg[5] (net)
                  0.08    0.00    0.34 ^ _2024_/A1 (sky130_fd_sc_hd__mux2_1)
                  0.04    0.12    0.46 ^ _2024_/X (sky130_fd_sc_hd__mux2_1)
     1    0.00                           _0714_ (net)
                  0.04    0.00    0.46 ^ _2025_/A (sky130_fd_sc_hd__clkbuf_1)
                  0.04    0.07    0.53 ^ _2025_/X (sky130_fd_sc_hd__clkbuf_1)
     1    0.00                           _0321_ (net)
                  0.04    0.00    0.53 ^ _2297_/D (sky130_fd_sc_hd__dfxtp_1)
                                  0.53   data arrival time

                  0.15    0.00    0.00   clock clk (rise edge)
                          0.00    0.00   clock network delay (ideal)
                          0.25    0.25   clock uncertainty
                          0.00    0.25   clock reconvergence pessimism
                                  0.25 ^ _2297_/CLK (sky130_fd_sc_hd__dfxtp_1)
                         -0.02    0.23   library hold time
                                  0.23   data required time
-----------------------------------------------------------------------------
                                  0.23   data required time
                                 -0.53   data arrival time
-----------------------------------------------------------------------------
                                  0.30   slack (MET)


Startpoint: _2294_ (rising edge-triggered flip-flop clocked by clk)
Endpoint: _2294_ (rising edge-triggered flip-flop clocked by clk)
Path Group: clk
Path Type: min

Fanout     Cap    Slew   Delay    Time   Description
-----------------------------------------------------------------------------
                  0.15    0.00    0.00   clock clk (rise edge)
                          0.00    0.00   clock network delay (ideal)
                  0.15    0.00    0.00 ^ _2294_/CLK (sky130_fd_sc_hd__dfxtp_1)
                  0.08    0.34    0.34 ^ _2294_/Q (sky130_fd_sc_hd__dfxtp_1)
     3    0.01                           uart_rx_jetson_inst.data_reg[2] (net)
                  0.08    0.00    0.34 ^ _2015_/A1 (sky130_fd_sc_hd__mux2_1)
                  0.04    0.12    0.46 ^ _2015_/X (sky130_fd_sc_hd__mux2_1)
     1    0.00                           _0708_ (net)
                  0.04    0.00    0.46 ^ _2016_/A (sky130_fd_sc_hd__clkbuf_1)
                  0.03    0.07    0.53 ^ _2016_/X (sky130_fd_sc_hd__clkbuf_1)
     1    0.00                           _0318_ (net)
                  0.03    0.00    0.53 ^ _2294_/D (sky130_fd_sc_hd__dfxtp_1)
                                  0.53   data arrival time

                  0.15    0.00    0.00   clock clk (rise edge)
                          0.00    0.00   clock network delay (ideal)
                          0.25    0.25   clock uncertainty
                          0.00    0.25   clock reconvergence pessimism
                                  0.25 ^ _2294_/CLK (sky130_fd_sc_hd__dfxtp_1)
                         -0.02    0.23   library hold time
                                  0.23   data required time
-----------------------------------------------------------------------------
                                  0.23   data required time
                                 -0.53   data arrival time
-----------------------------------------------------------------------------
                                  0.30   slack (MET)


Startpoint: _2109_ (rising edge-triggered flip-flop clocked by clk)
Endpoint: _2109_ (rising edge-triggered flip-flop clocked by clk)
Path Group: clk
Path Type: min

Fanout     Cap    Slew   Delay    Time   Description
-----------------------------------------------------------------------------
                  0.15    0.00    0.00   clock clk (rise edge)
                          0.00    0.00   clock network delay (ideal)
                  0.15    0.00    0.00 ^ _2109_/CLK (sky130_fd_sc_hd__dfxtp_1)
                  0.07    0.35    0.35 ^ _2109_/Q (sky130_fd_sc_hd__dfxtp_1)
     3    0.01                           uart_rx_raspi_inst.data_reg[1] (net)
                  0.07    0.00    0.35 ^ _1607_/A1 (sky130_fd_sc_hd__mux2_1)
                  0.04    0.12    0.46 ^ _1607_/X (sky130_fd_sc_hd__mux2_1)
     1    0.00                           _0457_ (net)
                  0.04    0.00    0.46 ^ _1608_/A (sky130_fd_sc_hd__clkbuf_1)
                  0.04    0.07    0.53 ^ _1608_/X (sky130_fd_sc_hd__clkbuf_1)
     1    0.00                           _0189_ (net)
                  0.04    0.00    0.53 ^ _2109_/D (sky130_fd_sc_hd__dfxtp_1)
                                  0.53   data arrival time

                  0.15    0.00    0.00   clock clk (rise edge)
                          0.00    0.00   clock network delay (ideal)
                          0.25    0.25   clock uncertainty
                          0.00    0.25   clock reconvergence pessimism
                                  0.25 ^ _2109_/CLK (sky130_fd_sc_hd__dfxtp_1)
                         -0.02    0.23   library hold time
                                  0.23   data required time
-----------------------------------------------------------------------------
                                  0.23   data required time
                                 -0.53   data arrival time
-----------------------------------------------------------------------------
                                  0.30   slack (MET)


Startpoint: _2295_ (rising edge-triggered flip-flop clocked by clk)
Endpoint: _2295_ (rising edge-triggered flip-flop clocked by clk)
Path Group: clk
Path Type: min

Fanout     Cap    Slew   Delay    Time   Description
-----------------------------------------------------------------------------
                  0.15    0.00    0.00   clock clk (rise edge)
                          0.00    0.00   clock network delay (ideal)
                  0.15    0.00    0.00 ^ _2295_/CLK (sky130_fd_sc_hd__dfxtp_1)
                  0.07    0.34    0.34 ^ _2295_/Q (sky130_fd_sc_hd__dfxtp_1)
     3    0.01                           uart_rx_jetson_inst.data_reg[3] (net)
                  0.07    0.00    0.34 ^ _2018_/A1 (sky130_fd_sc_hd__mux2_1)
                  0.04    0.12    0.46 ^ _2018_/X (sky130_fd_sc_hd__mux2_1)
     1    0.00                           _0710_ (net)
                  0.04    0.00    0.46 ^ _2019_/A (sky130_fd_sc_hd__clkbuf_1)
                  0.04    0.07    0.53 ^ _2019_/X (sky130_fd_sc_hd__clkbuf_1)
     1    0.00                           _0319_ (net)
                  0.04    0.00    0.53 ^ _2295_/D (sky130_fd_sc_hd__dfxtp_1)
                                  0.53   data arrival time

                  0.15    0.00    0.00   clock clk (rise edge)
                          0.00    0.00   clock network delay (ideal)
                          0.25    0.25   clock uncertainty
                          0.00    0.25   clock reconvergence pessimism
                                  0.25 ^ _2295_/CLK (sky130_fd_sc_hd__dfxtp_1)
                         -0.02    0.23   library hold time
                                  0.23   data required time
-----------------------------------------------------------------------------
                                  0.23   data required time
                                 -0.53   data arrival time
-----------------------------------------------------------------------------
                                  0.30   slack (MET)


Startpoint: _2293_ (rising edge-triggered flip-flop clocked by clk)
Endpoint: _2293_ (rising edge-triggered flip-flop clocked by clk)
Path Group: clk
Path Type: min

Fanout     Cap    Slew   Delay    Time   Description
-----------------------------------------------------------------------------
                  0.15    0.00    0.00   clock clk (rise edge)
                          0.00    0.00   clock network delay (ideal)
                  0.15    0.00    0.00 ^ _2293_/CLK (sky130_fd_sc_hd__dfxtp_1)
                  0.07    0.34    0.34 ^ _2293_/Q (sky130_fd_sc_hd__dfxtp_1)
     3    0.01                           uart_rx_jetson_inst.data_reg[1] (net)
                  0.07    0.00    0.34 ^ _2012_/A1 (sky130_fd_sc_hd__mux2_1)
                  0.04    0.12    0.46 ^ _2012_/X (sky130_fd_sc_hd__mux2_1)
     1    0.00                           _0706_ (net)
                  0.04    0.00    0.46 ^ _2013_/A (sky130_fd_sc_hd__clkbuf_1)
                  0.04    0.07    0.53 ^ _2013_/X (sky130_fd_sc_hd__clkbuf_1)
     1    0.00                           _0317_ (net)
                  0.04    0.00    0.53 ^ _2293_/D (sky130_fd_sc_hd__dfxtp_1)
                                  0.53   data arrival time

                  0.15    0.00    0.00   clock clk (rise edge)
                          0.00    0.00   clock network delay (ideal)
                          0.25    0.25   clock uncertainty
                          0.00    0.25   clock reconvergence pessimism
                                  0.25 ^ _2293_/CLK (sky130_fd_sc_hd__dfxtp_1)
                         -0.02    0.23   library hold time
                                  0.23   data required time
-----------------------------------------------------------------------------
                                  0.23   data required time
                                 -0.53   data arrival time
-----------------------------------------------------------------------------
                                  0.30   slack (MET)


Startpoint: _2111_ (rising edge-triggered flip-flop clocked by clk)
Endpoint: _2111_ (rising edge-triggered flip-flop clocked by clk)
Path Group: clk
Path Type: min

Fanout     Cap    Slew   Delay    Time   Description
-----------------------------------------------------------------------------
                  0.15    0.00    0.00   clock clk (rise edge)
                          0.00    0.00   clock network delay (ideal)
                  0.15    0.00    0.00 ^ _2111_/CLK (sky130_fd_sc_hd__dfxtp_1)
                  0.08    0.35    0.35 ^ _2111_/Q (sky130_fd_sc_hd__dfxtp_1)
     3    0.01                           uart_rx_raspi_inst.data_reg[3] (net)
                  0.08    0.00    0.35 ^ _1613_/A1 (sky130_fd_sc_hd__mux2_1)
                  0.04    0.12    0.47 ^ _1613_/X (sky130_fd_sc_hd__mux2_1)
     1    0.00                           _0461_ (net)
                  0.04    0.00    0.47 ^ _1614_/A (sky130_fd_sc_hd__clkbuf_1)
                  0.04    0.07    0.53 ^ _1614_/X (sky130_fd_sc_hd__clkbuf_1)
     1    0.00                           _0191_ (net)
                  0.04    0.00    0.53 ^ _2111_/D (sky130_fd_sc_hd__dfxtp_1)
                                  0.53   data arrival time

                  0.15    0.00    0.00   clock clk (rise edge)
                          0.00    0.00   clock network delay (ideal)
                          0.25    0.25   clock uncertainty
                          0.00    0.25   clock reconvergence pessimism
                                  0.25 ^ _2111_/CLK (sky130_fd_sc_hd__dfxtp_1)
                         -0.02    0.23   library hold time
                                  0.23   data required time
-----------------------------------------------------------------------------
                                  0.23   data required time
                                 -0.53   data arrival time
-----------------------------------------------------------------------------
                                  0.30   slack (MET)


Startpoint: _2284_ (rising edge-triggered flip-flop clocked by clk)
Endpoint: _2284_ (rising edge-triggered flip-flop clocked by clk)
Path Group: clk
Path Type: min

Fanout     Cap    Slew   Delay    Time   Description
-----------------------------------------------------------------------------
                  0.15    0.00    0.00   clock clk (rise edge)
                          0.00    0.00   clock network delay (ideal)
                  0.15    0.00    0.00 ^ _2284_/CLK (sky130_fd_sc_hd__dfrtp_1)
                  0.10    0.38    0.38 ^ _2284_/Q (sky130_fd_sc_hd__dfrtp_1)
     5    0.01                           dual_watchdog_inst.watchdog_fc.falling_edge_timeout.assert_time[20] (net)
                  0.10    0.00    0.38 ^ _1983_/A1 (sky130_fd_sc_hd__o211a_1)
                  0.04    0.15    0.53 ^ _1983_/X (sky130_fd_sc_hd__o211a_1)
     1    0.00                           _0309_ (net)
                  0.04    0.00    0.53 ^ _2284_/D (sky130_fd_sc_hd__dfrtp_1)
                                  0.53   data arrival time

                  0.15    0.00    0.00   clock clk (rise edge)
                          0.00    0.00   clock network delay (ideal)
                          0.25    0.25   clock uncertainty
                          0.00    0.25   clock reconvergence pessimism
                                  0.25 ^ _2284_/CLK (sky130_fd_sc_hd__dfrtp_1)
                         -0.02    0.23   library hold time
                                  0.23   data required time
-----------------------------------------------------------------------------
                                  0.23   data required time
                                 -0.53   data arrival time
-----------------------------------------------------------------------------
                                  0.30   slack (MET)


Startpoint: _2224_ (rising edge-triggered flip-flop clocked by clk)
Endpoint: _2224_ (rising edge-triggered flip-flop clocked by clk)
Path Group: clk
Path Type: min

Fanout     Cap    Slew   Delay    Time   Description
-----------------------------------------------------------------------------
                  0.15    0.00    0.00   clock clk (rise edge)
                          0.00    0.00   clock network delay (ideal)
                  0.15    0.00    0.00 ^ _2224_/CLK (sky130_fd_sc_hd__dfrtp_1)
                  0.11    0.38    0.38 ^ _2224_/Q (sky130_fd_sc_hd__dfrtp_1)
     5    0.01                           dual_watchdog_inst.watchdog_fc.falling_edge_timeout.internal_count[15] (net)
                  0.11    0.00    0.38 ^ _1189_/B1 (sky130_fd_sc_hd__a21oi_1)
                  0.04    0.05    0.43 v _1189_/Y (sky130_fd_sc_hd__a21oi_1)
     1    0.00                           _0848_ (net)
                  0.04    0.00    0.43 v _1191_/A (sky130_fd_sc_hd__nor2_1)
                  0.08    0.09    0.52 ^ _1191_/Y (sky130_fd_sc_hd__nor2_1)
     1    0.00                           _0009_ (net)
                  0.08    0.00    0.52 ^ _2224_/D (sky130_fd_sc_hd__dfrtp_1)
                                  0.52   data arrival time

                  0.15    0.00    0.00   clock clk (rise edge)
                          0.00    0.00   clock network delay (ideal)
                          0.25    0.25   clock uncertainty
                          0.00    0.25   clock reconvergence pessimism
                                  0.25 ^ _2224_/CLK (sky130_fd_sc_hd__dfrtp_1)
                         -0.03    0.22   library hold time
                                  0.22   data required time
-----------------------------------------------------------------------------
                                  0.22   data required time
                                 -0.52   data arrival time
-----------------------------------------------------------------------------
                                  0.30   slack (MET)


Startpoint: _2192_ (rising edge-triggered flip-flop clocked by clk)
Endpoint: _2192_ (rising edge-triggered flip-flop clocked by clk)
Path Group: clk
Path Type: min

Fanout     Cap    Slew   Delay    Time   Description
-----------------------------------------------------------------------------
                  0.15    0.00    0.00   clock clk (rise edge)
                          0.00    0.00   clock network delay (ideal)
                  0.15    0.00    0.00 ^ _2192_/CLK (sky130_fd_sc_hd__dfxtp_1)
                  0.05    0.34    0.34 v _2192_/Q (sky130_fd_sc_hd__dfxtp_1)
     3    0.01                           uart_tx_raspi_inst.prescale_reg[6] (net)
                  0.05    0.00    0.34 v _1838_/A (sky130_fd_sc_hd__xor2_1)
                  0.10    0.14    0.48 ^ _1838_/X (sky130_fd_sc_hd__xor2_1)
     1    0.00                           _0605_ (net)
                  0.10    0.00    0.48 ^ _1839_/C (sky130_fd_sc_hd__nor3_1)
                  0.03    0.05    0.52 v _1839_/Y (sky130_fd_sc_hd__nor3_1)
     1    0.00                           _0272_ (net)
                  0.03    0.00    0.52 v _2192_/D (sky130_fd_sc_hd__dfxtp_1)
                                  0.52   data arrival time

                  0.15    0.00    0.00   clock clk (rise edge)
                          0.00    0.00   clock network delay (ideal)
                          0.25    0.25   clock uncertainty
                          0.00    0.25   clock reconvergence pessimism
                                  0.25 ^ _2192_/CLK (sky130_fd_sc_hd__dfxtp_1)
                         -0.02    0.23   library hold time
                                  0.23   data required time
-----------------------------------------------------------------------------
                                  0.23   data required time
                                 -0.52   data arrival time
-----------------------------------------------------------------------------
                                  0.30   slack (MET)


Startpoint: _2288_ (rising edge-triggered flip-flop clocked by clk)
Endpoint: _2288_ (rising edge-triggered flip-flop clocked by clk)
Path Group: clk
Path Type: min

Fanout     Cap    Slew   Delay    Time   Description
-----------------------------------------------------------------------------
                  0.15    0.00    0.00   clock clk (rise edge)
                          0.00    0.00   clock network delay (ideal)
                  0.15    0.00    0.00 ^ _2288_/CLK (sky130_fd_sc_hd__dfrtp_2)
                  0.11    0.41    0.41 ^ _2288_/Q (sky130_fd_sc_hd__dfrtp_2)
     7    0.02                           dual_watchdog_inst.watchdog_fc.falling_edge_timeout.assert_time[24] (net)
                  0.11    0.00    0.41 ^ _1997_/A1 (sky130_fd_sc_hd__o21a_1)
                  0.04    0.12    0.53 ^ _1997_/X (sky130_fd_sc_hd__o21a_1)
     1    0.00                           _0313_ (net)
                  0.04    0.00    0.53 ^ _2288_/D (sky130_fd_sc_hd__dfrtp_2)
                                  0.53   data arrival time

                  0.15    0.00    0.00   clock clk (rise edge)
                          0.00    0.00   clock network delay (ideal)
                          0.25    0.25   clock uncertainty
                          0.00    0.25   clock reconvergence pessimism
                                  0.25 ^ _2288_/CLK (sky130_fd_sc_hd__dfrtp_2)
                         -0.02    0.23   library hold time
                                  0.23   data required time
-----------------------------------------------------------------------------
                                  0.23   data required time
                                 -0.53   data arrival time
-----------------------------------------------------------------------------
                                  0.30   slack (MET)


Startpoint: _2296_ (rising edge-triggered flip-flop clocked by clk)
Endpoint: _2296_ (rising edge-triggered flip-flop clocked by clk)
Path Group: clk
Path Type: min

Fanout     Cap    Slew   Delay    Time   Description
-----------------------------------------------------------------------------
                  0.15    0.00    0.00   clock clk (rise edge)
                          0.00    0.00   clock network delay (ideal)
                  0.15    0.00    0.00 ^ _2296_/CLK (sky130_fd_sc_hd__dfxtp_1)
                  0.08    0.35    0.35 ^ _2296_/Q (sky130_fd_sc_hd__dfxtp_1)
     3    0.01                           uart_rx_jetson_inst.data_reg[4] (net)
                  0.08    0.00    0.35 ^ _2021_/A1 (sky130_fd_sc_hd__mux2_1)
                  0.04    0.12    0.47 ^ _2021_/X (sky130_fd_sc_hd__mux2_1)
     1    0.00                           _0712_ (net)
                  0.04    0.00    0.47 ^ _2022_/A (sky130_fd_sc_hd__clkbuf_1)
                  0.04    0.07    0.54 ^ _2022_/X (sky130_fd_sc_hd__clkbuf_1)
     1    0.00                           _0320_ (net)
                  0.04    0.00    0.54 ^ _2296_/D (sky130_fd_sc_hd__dfxtp_1)
                                  0.54   data arrival time

                  0.15    0.00    0.00   clock clk (rise edge)
                          0.00    0.00   clock network delay (ideal)
                          0.25    0.25   clock uncertainty
                          0.00    0.25   clock reconvergence pessimism
                                  0.25 ^ _2296_/CLK (sky130_fd_sc_hd__dfxtp_1)
                         -0.02    0.23   library hold time
                                  0.23   data required time
-----------------------------------------------------------------------------
                                  0.23   data required time
                                 -0.54   data arrival time
-----------------------------------------------------------------------------
                                  0.30   slack (MET)


Startpoint: _2084_ (rising edge-triggered flip-flop clocked by clk)
Endpoint: _2084_ (rising edge-triggered flip-flop clocked by clk)
Path Group: clk
Path Type: min

Fanout     Cap    Slew   Delay    Time   Description
-----------------------------------------------------------------------------
                  0.15    0.00    0.00   clock clk (rise edge)
                          0.00    0.00   clock network delay (ideal)
                  0.15    0.00    0.00 ^ _2084_/CLK (sky130_fd_sc_hd__dfxtp_1)
                  0.06    0.33    0.33 ^ _2084_/Q (sky130_fd_sc_hd__dfxtp_1)
     2    0.00                           uart_tx_jetson_inst.prescale_reg[7] (net)
                  0.06    0.00    0.33 ^ _1537_/B1 (sky130_fd_sc_hd__o21a_1)
                  0.04    0.11    0.44 ^ _1537_/X (sky130_fd_sc_hd__o21a_1)
     1    0.00                           _0412_ (net)
                  0.04    0.00    0.44 ^ _1540_/A2 (sky130_fd_sc_hd__o21ba_1)
                  0.04    0.10    0.54 ^ _1540_/X (sky130_fd_sc_hd__o21ba_1)
     1    0.00                           _0164_ (net)
                  0.04    0.00    0.54 ^ _2084_/D (sky130_fd_sc_hd__dfxtp_1)
                                  0.54   data arrival time

                  0.15    0.00    0.00   clock clk (rise edge)
                          0.00    0.00   clock network delay (ideal)
                          0.25    0.25   clock uncertainty
                          0.00    0.25   clock reconvergence pessimism
                                  0.25 ^ _2084_/CLK (sky130_fd_sc_hd__dfxtp_1)
                         -0.02    0.23   library hold time
                                  0.23   data required time
-----------------------------------------------------------------------------
                                  0.23   data required time
                                 -0.54   data arrival time
-----------------------------------------------------------------------------
                                  0.30   slack (MET)


Startpoint: _2193_ (rising edge-triggered flip-flop clocked by clk)
Endpoint: _2193_ (rising edge-triggered flip-flop clocked by clk)
Path Group: clk
Path Type: min

Fanout     Cap    Slew   Delay    Time   Description
-----------------------------------------------------------------------------
                  0.15    0.00    0.00   clock clk (rise edge)
                          0.00    0.00   clock network delay (ideal)
                  0.15    0.00    0.00 ^ _2193_/CLK (sky130_fd_sc_hd__dfxtp_1)
                  0.06    0.33    0.33 ^ _2193_/Q (sky130_fd_sc_hd__dfxtp_1)
     2    0.00                           uart_tx_raspi_inst.prescale_reg[7] (net)
                  0.06    0.00    0.33 ^ _1841_/B1 (sky130_fd_sc_hd__o21a_1)
                  0.04    0.11    0.44 ^ _1841_/X (sky130_fd_sc_hd__o21a_1)
     1    0.00                           _0607_ (net)
                  0.04    0.00    0.44 ^ _1844_/A2 (sky130_fd_sc_hd__o21ba_1)
                  0.04    0.10    0.54 ^ _1844_/X (sky130_fd_sc_hd__o21ba_1)
     1    0.00                           _0273_ (net)
                  0.04    0.00    0.54 ^ _2193_/D (sky130_fd_sc_hd__dfxtp_1)
                                  0.54   data arrival time

                  0.15    0.00    0.00   clock clk (rise edge)
                          0.00    0.00   clock network delay (ideal)
                          0.25    0.25   clock uncertainty
                          0.00    0.25   clock reconvergence pessimism
                                  0.25 ^ _2193_/CLK (sky130_fd_sc_hd__dfxtp_1)
                         -0.02    0.23   library hold time
                                  0.23   data required time
-----------------------------------------------------------------------------
                                  0.23   data required time
                                 -0.54   data arrival time
-----------------------------------------------------------------------------
                                  0.30   slack (MET)


Startpoint: _2220_ (rising edge-triggered flip-flop clocked by clk)
Endpoint: _2220_ (rising edge-triggered flip-flop clocked by clk)
Path Group: clk
Path Type: min

Fanout     Cap    Slew   Delay    Time   Description
-----------------------------------------------------------------------------
                  0.15    0.00    0.00   clock clk (rise edge)
                          0.00    0.00   clock network delay (ideal)
                  0.15    0.00    0.00 ^ _2220_/CLK (sky130_fd_sc_hd__dfrtp_1)
                  0.11    0.39    0.39 ^ _2220_/Q (sky130_fd_sc_hd__dfrtp_1)
     5    0.01                           dual_watchdog_inst.watchdog_fc.falling_edge_timeout.internal_count[11] (net)
                  0.11    0.00    0.39 ^ _1179_/A1 (sky130_fd_sc_hd__o211a_1)
                  0.04    0.15    0.53 ^ _1179_/X (sky130_fd_sc_hd__o211a_1)
     1    0.00                           _0005_ (net)
                  0.04    0.00    0.53 ^ _2220_/D (sky130_fd_sc_hd__dfrtp_1)
                                  0.53   data arrival time

                  0.15    0.00    0.00   clock clk (rise edge)
                          0.00    0.00   clock network delay (ideal)
                          0.25    0.25   clock uncertainty
                          0.00    0.25   clock reconvergence pessimism
                                  0.25 ^ _2220_/CLK (sky130_fd_sc_hd__dfrtp_1)
                         -0.02    0.23   library hold time
                                  0.23   data required time
-----------------------------------------------------------------------------
                                  0.23   data required time
                                 -0.53   data arrival time
-----------------------------------------------------------------------------
                                  0.30   slack (MET)


Startpoint: _2261_ (rising edge-triggered flip-flop clocked by clk)
Endpoint: _2261_ (rising edge-triggered flip-flop clocked by clk)
Path Group: clk
Path Type: min

Fanout     Cap    Slew   Delay    Time   Description
-----------------------------------------------------------------------------
                  0.15    0.00    0.00   clock clk (rise edge)
                          0.00    0.00   clock network delay (ideal)
                  0.15    0.00    0.00 ^ _2261_/CLK (sky130_fd_sc_hd__dfrtp_2)
                  0.11    0.41    0.41 ^ _2261_/Q (sky130_fd_sc_hd__dfrtp_2)
     7    0.02                           dual_watchdog_inst.watchdog_fc.rising_edge_timeout.internal_count[24] (net)
                  0.11    0.00    0.41 ^ _1298_/A1 (sky130_fd_sc_hd__o21a_1)
                  0.04    0.12    0.53 ^ _1298_/X (sky130_fd_sc_hd__o21a_1)
     1    0.00                           _0046_ (net)
                  0.04    0.00    0.53 ^ _2261_/D (sky130_fd_sc_hd__dfrtp_2)
                                  0.53   data arrival time

                  0.15    0.00    0.00   clock clk (rise edge)
                          0.00    0.00   clock network delay (ideal)
                          0.25    0.25   clock uncertainty
                          0.00    0.25   clock reconvergence pessimism
                                  0.25 ^ _2261_/CLK (sky130_fd_sc_hd__dfrtp_2)
                         -0.02    0.23   library hold time
                                  0.23   data required time
-----------------------------------------------------------------------------
                                  0.23   data required time
                                 -0.53   data arrival time
-----------------------------------------------------------------------------
                                  0.30   slack (MET)


Startpoint: _2225_ (rising edge-triggered flip-flop clocked by clk)
Endpoint: _2225_ (rising edge-triggered flip-flop clocked by clk)
Path Group: clk
Path Type: min

Fanout     Cap    Slew   Delay    Time   Description
-----------------------------------------------------------------------------
                  0.15    0.00    0.00   clock clk (rise edge)
                          0.00    0.00   clock network delay (ideal)
                  0.15    0.00    0.00 ^ _2225_/CLK (sky130_fd_sc_hd__dfrtp_1)
                  0.11    0.38    0.38 ^ _2225_/Q (sky130_fd_sc_hd__dfrtp_1)
     4    0.01                           dual_watchdog_inst.watchdog_fc.falling_edge_timeout.internal_count[16] (net)
                  0.11    0.00    0.38 ^ _1193_/A1 (sky130_fd_sc_hd__o211a_1)
                  0.04    0.15    0.53 ^ _1193_/X (sky130_fd_sc_hd__o211a_1)
     1    0.00                           _0010_ (net)
                  0.04    0.00    0.53 ^ _2225_/D (sky130_fd_sc_hd__dfrtp_1)
                                  0.53   data arrival time

                  0.15    0.00    0.00   clock clk (rise edge)
                          0.00    0.00   clock network delay (ideal)
                          0.25    0.25   clock uncertainty
                          0.00    0.25   clock reconvergence pessimism
                                  0.25 ^ _2225_/CLK (sky130_fd_sc_hd__dfrtp_1)
                         -0.02    0.23   library hold time
                                  0.23   data required time
-----------------------------------------------------------------------------
                                  0.23   data required time
                                 -0.53   data arrival time
-----------------------------------------------------------------------------
                                  0.30   slack (MET)


Startpoint: _2233_ (rising edge-triggered flip-flop clocked by clk)
Endpoint: _2233_ (rising edge-triggered flip-flop clocked by clk)
Path Group: clk
Path Type: min

Fanout     Cap    Slew   Delay    Time   Description
-----------------------------------------------------------------------------
                  0.15    0.00    0.00   clock clk (rise edge)
                          0.00    0.00   clock network delay (ideal)
                  0.15    0.00    0.00 ^ _2233_/CLK (sky130_fd_sc_hd__dfrtp_2)
                  0.11    0.41    0.41 ^ _2233_/Q (sky130_fd_sc_hd__dfrtp_2)
     7    0.02                           dual_watchdog_inst.watchdog_fc.falling_edge_timeout.internal_count[24] (net)
                  0.11    0.00    0.41 ^ _1218_/A1 (sky130_fd_sc_hd__o21a_1)
                  0.04    0.12    0.54 ^ _1218_/X (sky130_fd_sc_hd__o21a_1)
     1    0.00                           _0019_ (net)
                  0.04    0.00    0.54 ^ _2233_/D (sky130_fd_sc_hd__dfrtp_2)
                                  0.54   data arrival time

                  0.15    0.00    0.00   clock clk (rise edge)
                          0.00    0.00   clock network delay (ideal)
                          0.25    0.25   clock uncertainty
                          0.00    0.25   clock reconvergence pessimism
                                  0.25 ^ _2233_/CLK (sky130_fd_sc_hd__dfrtp_2)
                         -0.02    0.23   library hold time
                                  0.23   data required time
-----------------------------------------------------------------------------
                                  0.23   data required time
                                 -0.54   data arrival time
-----------------------------------------------------------------------------
                                  0.31   slack (MET)


Startpoint: _2081_ (rising edge-triggered flip-flop clocked by clk)
Endpoint: _2081_ (rising edge-triggered flip-flop clocked by clk)
Path Group: clk
Path Type: min

Fanout     Cap    Slew   Delay    Time   Description
-----------------------------------------------------------------------------
                  0.15    0.00    0.00   clock clk (rise edge)
                          0.00    0.00   clock network delay (ideal)
                  0.15    0.00    0.00 ^ _2081_/CLK (sky130_fd_sc_hd__dfxtp_1)
                  0.05    0.33    0.33 v _2081_/Q (sky130_fd_sc_hd__dfxtp_1)
     4    0.01                           uart_tx_jetson_inst.prescale_reg[4] (net)
                  0.05    0.00    0.33 v _1525_/A (sky130_fd_sc_hd__nand2_1)
                  0.04    0.05    0.39 ^ _1525_/Y (sky130_fd_sc_hd__nand2_1)
     1    0.00                           _0403_ (net)
                  0.04    0.00    0.39 ^ _1526_/A2 (sky130_fd_sc_hd__a21o_1)
                  0.04    0.10    0.48 ^ _1526_/X (sky130_fd_sc_hd__a21o_1)
     1    0.00                           _0404_ (net)
                  0.04    0.00    0.48 ^ _1527_/A2 (sky130_fd_sc_hd__a21oi_1)
                  0.03    0.05    0.53 v _1527_/Y (sky130_fd_sc_hd__a21oi_1)
     1    0.00                           _0161_ (net)
                  0.03    0.00    0.53 v _2081_/D (sky130_fd_sc_hd__dfxtp_1)
                                  0.53   data arrival time

                  0.15    0.00    0.00   clock clk (rise edge)
                          0.00    0.00   clock network delay (ideal)
                          0.25    0.25   clock uncertainty
                          0.00    0.25   clock reconvergence pessimism
                                  0.25 ^ _2081_/CLK (sky130_fd_sc_hd__dfxtp_1)
                         -0.03    0.22   library hold time
                                  0.22   data required time
-----------------------------------------------------------------------------
                                  0.22   data required time
                                 -0.53   data arrival time
-----------------------------------------------------------------------------
                                  0.31   slack (MET)


Startpoint: _2252_ (rising edge-triggered flip-flop clocked by clk)
Endpoint: _2252_ (rising edge-triggered flip-flop clocked by clk)
Path Group: clk
Path Type: min

Fanout     Cap    Slew   Delay    Time   Description
-----------------------------------------------------------------------------
                  0.15    0.00    0.00   clock clk (rise edge)
                          0.00    0.00   clock network delay (ideal)
                  0.15    0.00    0.00 ^ _2252_/CLK (sky130_fd_sc_hd__dfrtp_1)
                  0.11    0.39    0.39 ^ _2252_/Q (sky130_fd_sc_hd__dfrtp_1)
     5    0.01                           dual_watchdog_inst.watchdog_fc.rising_edge_timeout.internal_count[15] (net)
                  0.11    0.00    0.39 ^ _1266_/A (sky130_fd_sc_hd__nor2_1)
                  0.04    0.06    0.45 v _1266_/Y (sky130_fd_sc_hd__nor2_1)
     1    0.00                           _0898_ (net)
                  0.04    0.00    0.45 v _1269_/A (sky130_fd_sc_hd__nor2_1)
                  0.07    0.08    0.53 ^ _1269_/Y (sky130_fd_sc_hd__nor2_1)
     1    0.00                           _0036_ (net)
                  0.07    0.00    0.53 ^ _2252_/D (sky130_fd_sc_hd__dfrtp_1)
                                  0.53   data arrival time

                  0.15    0.00    0.00   clock clk (rise edge)
                          0.00    0.00   clock network delay (ideal)
                          0.25    0.25   clock uncertainty
                          0.00    0.25   clock reconvergence pessimism
                                  0.25 ^ _2252_/CLK (sky130_fd_sc_hd__dfrtp_1)
                         -0.03    0.22   library hold time
                                  0.22   data required time
-----------------------------------------------------------------------------
                                  0.22   data required time
                                 -0.53   data arrival time
-----------------------------------------------------------------------------
                                  0.31   slack (MET)


Startpoint: _2095_ (rising edge-triggered flip-flop clocked by clk)
Endpoint: _2095_ (rising edge-triggered flip-flop clocked by clk)
Path Group: clk
Path Type: min

Fanout     Cap    Slew   Delay    Time   Description
-----------------------------------------------------------------------------
                  0.15    0.00    0.00   clock clk (rise edge)
                          0.00    0.00   clock network delay (ideal)
                  0.15    0.00    0.00 ^ _2095_/CLK (sky130_fd_sc_hd__dfxtp_1)
                  0.05    0.33    0.33 ^ _2095_/Q (sky130_fd_sc_hd__dfxtp_1)
     2    0.00                           uart_tx_jetson_inst.prescale_reg[18] (net)
                  0.05    0.00    0.33 ^ _1571_/C (sky130_fd_sc_hd__and3b_1)
                  0.05    0.14    0.47 ^ _1571_/X (sky130_fd_sc_hd__and3b_1)
     1    0.00                           _0435_ (net)
                  0.05    0.00    0.47 ^ _1572_/A (sky130_fd_sc_hd__clkbuf_1)
                  0.04    0.07    0.54 ^ _1572_/X (sky130_fd_sc_hd__clkbuf_1)
     1    0.00                           _0175_ (net)
                  0.04    0.00    0.54 ^ _2095_/D (sky130_fd_sc_hd__dfxtp_1)
                                  0.54   data arrival time

                  0.15    0.00    0.00   clock clk (rise edge)
                          0.00    0.00   clock network delay (ideal)
                          0.25    0.25   clock uncertainty
                          0.00    0.25   clock reconvergence pessimism
                                  0.25 ^ _2095_/CLK (sky130_fd_sc_hd__dfxtp_1)
                         -0.02    0.23   library hold time
                                  0.23   data required time
-----------------------------------------------------------------------------
                                  0.23   data required time
                                 -0.54   data arrival time
-----------------------------------------------------------------------------
                                  0.31   slack (MET)


Startpoint: _2057_ (rising edge-triggered flip-flop clocked by clk)
Endpoint: _2057_ (rising edge-triggered flip-flop clocked by clk)
Path Group: clk
Path Type: min

Fanout     Cap    Slew   Delay    Time   Description
-----------------------------------------------------------------------------
                  0.15    0.00    0.00   clock clk (rise edge)
                          0.00    0.00   clock network delay (ideal)
                  0.15    0.00    0.00 ^ _2057_/CLK (sky130_fd_sc_hd__dfxtp_1)
                  0.05    0.33    0.33 v _2057_/Q (sky130_fd_sc_hd__dfxtp_1)
     4    0.01                           uart_rx_raspi_inst.prescale_reg[4] (net)
                  0.05    0.00    0.33 v _1436_/A (sky130_fd_sc_hd__nand2_1)
                  0.04    0.05    0.39 ^ _1436_/Y (sky130_fd_sc_hd__nand2_1)
     1    0.00                           _0338_ (net)
                  0.04    0.00    0.39 ^ _1437_/A2 (sky130_fd_sc_hd__a21o_1)
                  0.04    0.09    0.48 ^ _1437_/X (sky130_fd_sc_hd__a21o_1)
     1    0.00                           _0339_ (net)
                  0.04    0.00    0.48 ^ _1438_/A2 (sky130_fd_sc_hd__a21oi_1)
                  0.04    0.05    0.53 v _1438_/Y (sky130_fd_sc_hd__a21oi_1)
     1    0.00                           _0137_ (net)
                  0.04    0.00    0.53 v _2057_/D (sky130_fd_sc_hd__dfxtp_1)
                                  0.53   data arrival time

                  0.15    0.00    0.00   clock clk (rise edge)
                          0.00    0.00   clock network delay (ideal)
                          0.25    0.25   clock uncertainty
                          0.00    0.25   clock reconvergence pessimism
                                  0.25 ^ _2057_/CLK (sky130_fd_sc_hd__dfxtp_1)
                         -0.03    0.22   library hold time
                                  0.22   data required time
-----------------------------------------------------------------------------
                                  0.22   data required time
                                 -0.53   data arrival time
-----------------------------------------------------------------------------
                                  0.31   slack (MET)


Startpoint: _2167_ (rising edge-triggered flip-flop clocked by clk)
Endpoint: _2167_ (rising edge-triggered flip-flop clocked by clk)
Path Group: clk
Path Type: min

Fanout     Cap    Slew   Delay    Time   Description
-----------------------------------------------------------------------------
                  0.15    0.00    0.00   clock clk (rise edge)
                          0.00    0.00   clock network delay (ideal)
                  0.15    0.00    0.00 ^ _2167_/CLK (sky130_fd_sc_hd__dfrtp_2)
                  0.11    0.42    0.42 ^ _2167_/Q (sky130_fd_sc_hd__dfrtp_2)
     8    0.02                           dual_watchdog_inst.watchdog_fc.rising_edge_timeout.assert_time[20] (net)
                  0.11    0.00    0.42 ^ _1070_/A1 (sky130_fd_sc_hd__o21a_1)
                  0.04    0.12    0.54 ^ _1070_/X (sky130_fd_sc_hd__o21a_1)
     1    0.00                           _0247_ (net)
                  0.04    0.00    0.54 ^ _2167_/D (sky130_fd_sc_hd__dfrtp_2)
                                  0.54   data arrival time

                  0.15    0.00    0.00   clock clk (rise edge)
                          0.00    0.00   clock network delay (ideal)
                          0.25    0.25   clock uncertainty
                          0.00    0.25   clock reconvergence pessimism
                                  0.25 ^ _2167_/CLK (sky130_fd_sc_hd__dfrtp_2)
                         -0.02    0.23   library hold time
                                  0.23   data required time
-----------------------------------------------------------------------------
                                  0.23   data required time
                                 -0.54   data arrival time
-----------------------------------------------------------------------------
                                  0.31   slack (MET)


Startpoint: _2151_ (rising edge-triggered flip-flop clocked by clk)
Endpoint: _2151_ (rising edge-triggered flip-flop clocked by clk)
Path Group: clk
Path Type: min

Fanout     Cap    Slew   Delay    Time   Description
-----------------------------------------------------------------------------
                  0.15    0.00    0.00   clock clk (rise edge)
                          0.00    0.00   clock network delay (ideal)
                  0.15    0.00    0.00 ^ _2151_/CLK (sky130_fd_sc_hd__dfrtp_1)
                  0.12    0.39    0.39 ^ _2151_/Q (sky130_fd_sc_hd__dfrtp_1)
     4    0.01                           dual_watchdog_inst.watchdog_fc.rising_edge_timeout.assert_time[4] (net)
                  0.12    0.00    0.39 ^ _1111_/A (sky130_fd_sc_hd__xnor2_1)
                  0.05    0.12    0.51 ^ _1111_/Y (sky130_fd_sc_hd__xnor2_1)
     1    0.00                           _0791_ (net)
                  0.05    0.00    0.51 ^ _1112_/B (sky130_fd_sc_hd__nor2_1)
                  0.02    0.03    0.55 v _1112_/Y (sky130_fd_sc_hd__nor2_1)
     1    0.00                           _0231_ (net)
                  0.02    0.00    0.55 v _2151_/D (sky130_fd_sc_hd__dfrtp_1)
                                  0.55   data arrival time

                  0.15    0.00    0.00   clock clk (rise edge)
                          0.00    0.00   clock network delay (ideal)
                          0.25    0.25   clock uncertainty
                          0.00    0.25   clock reconvergence pessimism
                                  0.25 ^ _2151_/CLK (sky130_fd_sc_hd__dfrtp_1)
                         -0.01    0.24   library hold time
                                  0.24   data required time
-----------------------------------------------------------------------------
                                  0.24   data required time
                                 -0.55   data arrival time
-----------------------------------------------------------------------------
                                  0.31   slack (MET)


Startpoint: _2268_ (rising edge-triggered flip-flop clocked by clk)
Endpoint: _2268_ (rising edge-triggered flip-flop clocked by clk)
Path Group: clk
Path Type: min

Fanout     Cap    Slew   Delay    Time   Description
-----------------------------------------------------------------------------
                  0.15    0.00    0.00   clock clk (rise edge)
                          0.00    0.00   clock network delay (ideal)
                  0.15    0.00    0.00 ^ _2268_/CLK (sky130_fd_sc_hd__dfrtp_1)
                  0.06    0.40    0.40 v _2268_/Q (sky130_fd_sc_hd__dfrtp_1)
     4    0.01                           dual_watchdog_inst.watchdog_fc.falling_edge_timeout.assert_time[4] (net)
                  0.06    0.00    0.40 v _1930_/A (sky130_fd_sc_hd__nor2_1)
                  0.08    0.10    0.49 ^ _1930_/Y (sky130_fd_sc_hd__nor2_1)
     1    0.00                           _0649_ (net)
                  0.08    0.00    0.49 ^ _1932_/B (sky130_fd_sc_hd__nor3_1)
                  0.03    0.05    0.54 v _1932_/Y (sky130_fd_sc_hd__nor3_1)
     1    0.00                           _0293_ (net)
                  0.03    0.00    0.54 v _2268_/D (sky130_fd_sc_hd__dfrtp_1)
                                  0.54   data arrival time

                  0.15    0.00    0.00   clock clk (rise edge)
                          0.00    0.00   clock network delay (ideal)
                          0.25    0.25   clock uncertainty
                          0.00    0.25   clock reconvergence pessimism
                                  0.25 ^ _2268_/CLK (sky130_fd_sc_hd__dfrtp_1)
                         -0.02    0.23   library hold time
                                  0.23   data required time
-----------------------------------------------------------------------------
                                  0.23   data required time
                                 -0.54   data arrival time
-----------------------------------------------------------------------------
                                  0.31   slack (MET)


Startpoint: _2299_ (rising edge-triggered flip-flop clocked by clk)
Endpoint: _2299_ (rising edge-triggered flip-flop clocked by clk)
Path Group: clk
Path Type: min

Fanout     Cap    Slew   Delay    Time   Description
-----------------------------------------------------------------------------
                  0.15    0.00    0.00   clock clk (rise edge)
                          0.00    0.00   clock network delay (ideal)
                  0.15    0.00    0.00 ^ _2299_/CLK (sky130_fd_sc_hd__dfxtp_1)
                  0.09    0.35    0.35 ^ _2299_/Q (sky130_fd_sc_hd__dfxtp_1)
     3    0.01                           uart_rx_jetson_inst.data_reg[7] (net)
                  0.09    0.00    0.35 ^ _2029_/A1 (sky130_fd_sc_hd__mux2_1)
                  0.04    0.12    0.48 ^ _2029_/X (sky130_fd_sc_hd__mux2_1)
     1    0.00                           _0717_ (net)
                  0.04    0.00    0.48 ^ _2030_/A (sky130_fd_sc_hd__clkbuf_1)
                  0.04    0.07    0.55 ^ _2030_/X (sky130_fd_sc_hd__clkbuf_1)
     1    0.00                           _0323_ (net)
                  0.04    0.00    0.55 ^ _2299_/D (sky130_fd_sc_hd__dfxtp_1)
                                  0.55   data arrival time

                  0.15    0.00    0.00   clock clk (rise edge)
                          0.00    0.00   clock network delay (ideal)
                          0.25    0.25   clock uncertainty
                          0.00    0.25   clock reconvergence pessimism
                                  0.25 ^ _2299_/CLK (sky130_fd_sc_hd__dfxtp_1)
                         -0.02    0.23   library hold time
                                  0.23   data required time
-----------------------------------------------------------------------------
                                  0.23   data required time
                                 -0.55   data arrival time
-----------------------------------------------------------------------------
                                  0.31   slack (MET)


Startpoint: _2133_ (rising edge-triggered flip-flop clocked by clk)
Endpoint: _2133_ (rising edge-triggered flip-flop clocked by clk)
Path Group: clk
Path Type: min

Fanout     Cap    Slew   Delay    Time   Description
-----------------------------------------------------------------------------
                  0.15    0.00    0.00   clock clk (rise edge)
                          0.00    0.00   clock network delay (ideal)
                  0.15    0.00    0.00 ^ _2133_/CLK (sky130_fd_sc_hd__dfxtp_1)
                  0.04    0.32    0.32 v _2133_/Q (sky130_fd_sc_hd__dfxtp_1)
     3    0.01                           uart_rx_jetson_inst.prescale_reg[5] (net)
                  0.04    0.00    0.32 v _1706_/B1 (sky130_fd_sc_hd__o21ai_1)
                  0.07    0.06    0.38 ^ _1706_/Y (sky130_fd_sc_hd__o21ai_1)
     1    0.00                           _0532_ (net)
                  0.07    0.00    0.38 ^ _1707_/A2 (sky130_fd_sc_hd__a21o_1)
                  0.04    0.11    0.49 ^ _1707_/X (sky130_fd_sc_hd__a21o_1)
     1    0.00                           _0533_ (net)
                  0.04    0.00    0.49 ^ _1708_/A2 (sky130_fd_sc_hd__a21oi_1)
                  0.03    0.05    0.54 v _1708_/Y (sky130_fd_sc_hd__a21oi_1)
     1    0.00                           _0213_ (net)
                  0.03    0.00    0.54 v _2133_/D (sky130_fd_sc_hd__dfxtp_1)
                                  0.54   data arrival time

                  0.15    0.00    0.00   clock clk (rise edge)
                          0.00    0.00   clock network delay (ideal)
                          0.25    0.25   clock uncertainty
                          0.00    0.25   clock reconvergence pessimism
                                  0.25 ^ _2133_/CLK (sky130_fd_sc_hd__dfxtp_1)
                         -0.03    0.22   library hold time
                                  0.22   data required time
-----------------------------------------------------------------------------
                                  0.22   data required time
                                 -0.54   data arrival time
-----------------------------------------------------------------------------
                                  0.31   slack (MET)


Startpoint: _2281_ (rising edge-triggered flip-flop clocked by clk)
Endpoint: _2281_ (rising edge-triggered flip-flop clocked by clk)
Path Group: clk
Path Type: min

Fanout     Cap    Slew   Delay    Time   Description
-----------------------------------------------------------------------------
                  0.15    0.00    0.00   clock clk (rise edge)
                          0.00    0.00   clock network delay (ideal)
                  0.15    0.00    0.00 ^ _2281_/CLK (sky130_fd_sc_hd__dfrtp_1)
                  0.05    0.39    0.39 v _2281_/Q (sky130_fd_sc_hd__dfrtp_1)
     3    0.01                           dual_watchdog_inst.watchdog_fc.falling_edge_timeout.assert_time[17] (net)
                  0.05    0.00    0.39 v _1973_/B1 (sky130_fd_sc_hd__a21oi_1)
                  0.09    0.10    0.49 ^ _1973_/Y (sky130_fd_sc_hd__a21oi_1)
     1    0.00                           _0679_ (net)
                  0.09    0.00    0.49 ^ _1974_/B1 (sky130_fd_sc_hd__a211oi_1)
                  0.04    0.05    0.54 v _1974_/Y (sky130_fd_sc_hd__a211oi_1)
     1    0.00                           _0306_ (net)
                  0.04    0.00    0.54 v _2281_/D (sky130_fd_sc_hd__dfrtp_1)
                                  0.54   data arrival time

                  0.15    0.00    0.00   clock clk (rise edge)
                          0.00    0.00   clock network delay (ideal)
                          0.25    0.25   clock uncertainty
                          0.00    0.25   clock reconvergence pessimism
                                  0.25 ^ _2281_/CLK (sky130_fd_sc_hd__dfrtp_1)
                         -0.02    0.23   library hold time
                                  0.23   data required time
-----------------------------------------------------------------------------
                                  0.23   data required time
                                 -0.54   data arrival time
-----------------------------------------------------------------------------
                                  0.31   slack (MET)


Startpoint: _2226_ (rising edge-triggered flip-flop clocked by clk)
Endpoint: _2226_ (rising edge-triggered flip-flop clocked by clk)
Path Group: clk
Path Type: min

Fanout     Cap    Slew   Delay    Time   Description
-----------------------------------------------------------------------------
                  0.15    0.00    0.00   clock clk (rise edge)
                          0.00    0.00   clock network delay (ideal)
                  0.15    0.00    0.00 ^ _2226_/CLK (sky130_fd_sc_hd__dfrtp_1)
                  0.05    0.38    0.38 v _2226_/Q (sky130_fd_sc_hd__dfrtp_1)
     2    0.00                           dual_watchdog_inst.watchdog_fc.falling_edge_timeout.internal_count[17] (net)
                  0.05    0.00    0.38 v _1194_/B1 (sky130_fd_sc_hd__a21oi_1)
                  0.10    0.11    0.49 ^ _1194_/Y (sky130_fd_sc_hd__a21oi_1)
     1    0.00                           _0851_ (net)
                  0.10    0.00    0.49 ^ _1197_/B (sky130_fd_sc_hd__nor3_1)
                  0.04    0.05    0.55 v _1197_/Y (sky130_fd_sc_hd__nor3_1)
     1    0.00                           _0011_ (net)
                  0.04    0.00    0.55 v _2226_/D (sky130_fd_sc_hd__dfrtp_1)
                                  0.55   data arrival time

                  0.15    0.00    0.00   clock clk (rise edge)
                          0.00    0.00   clock network delay (ideal)
                          0.25    0.25   clock uncertainty
                          0.00    0.25   clock reconvergence pessimism
                                  0.25 ^ _2226_/CLK (sky130_fd_sc_hd__dfrtp_1)
                         -0.02    0.23   library hold time
                                  0.23   data required time
-----------------------------------------------------------------------------
                                  0.23   data required time
                                 -0.55   data arrival time
-----------------------------------------------------------------------------
                                  0.31   slack (MET)


Startpoint: _2148_ (rising edge-triggered flip-flop clocked by clk)
Endpoint: _2148_ (rising edge-triggered flip-flop clocked by clk)
Path Group: clk
Path Type: min

Fanout     Cap    Slew   Delay    Time   Description
-----------------------------------------------------------------------------
                  0.15    0.00    0.00   clock clk (rise edge)
                          0.00    0.00   clock network delay (ideal)
                  0.15    0.00    0.00 ^ _2148_/CLK (sky130_fd_sc_hd__dfrtp_1)
                  0.12    0.39    0.39 ^ _2148_/Q (sky130_fd_sc_hd__dfrtp_1)
     5    0.01                           dual_watchdog_inst.watchdog_fc.rising_edge_timeout.assert_time[1] (net)
                  0.12    0.00    0.39 ^ _1120_/A1 (sky130_fd_sc_hd__o211a_1)
                  0.04    0.15    0.55 ^ _1120_/X (sky130_fd_sc_hd__o211a_1)
     1    0.00                           _0228_ (net)
                  0.04    0.00    0.55 ^ _2148_/D (sky130_fd_sc_hd__dfrtp_1)
                                  0.55   data arrival time

                  0.15    0.00    0.00   clock clk (rise edge)
                          0.00    0.00   clock network delay (ideal)
                          0.25    0.25   clock uncertainty
                          0.00    0.25   clock reconvergence pessimism
                                  0.25 ^ _2148_/CLK (sky130_fd_sc_hd__dfrtp_1)
                         -0.02    0.23   library hold time
                                  0.23   data required time
-----------------------------------------------------------------------------
                                  0.23   data required time
                                 -0.55   data arrival time
-----------------------------------------------------------------------------
                                  0.31   slack (MET)


Startpoint: _2149_ (rising edge-triggered flip-flop clocked by clk)
Endpoint: _2149_ (rising edge-triggered flip-flop clocked by clk)
Path Group: clk
Path Type: min

Fanout     Cap    Slew   Delay    Time   Description
-----------------------------------------------------------------------------
                  0.15    0.00    0.00   clock clk (rise edge)
                          0.00    0.00   clock network delay (ideal)
                  0.15    0.00    0.00 ^ _2149_/CLK (sky130_fd_sc_hd__dfstp_1)
                  0.06    0.40    0.40 v _2149_/Q (sky130_fd_sc_hd__dfstp_1)
     4    0.01                           dual_watchdog_inst.watchdog_fc.rising_edge_timeout.assert_time[2] (net)
                  0.06    0.00    0.40 v _1117_/A (sky130_fd_sc_hd__xor2_1)
                  0.10    0.14    0.53 ^ _1117_/X (sky130_fd_sc_hd__xor2_1)
     1    0.00                           _0795_ (net)
                  0.10    0.00    0.53 ^ _1118_/B (sky130_fd_sc_hd__nor2_1)
                  0.03    0.04    0.58 v _1118_/Y (sky130_fd_sc_hd__nor2_1)
     1    0.00                           _0229_ (net)
                  0.03    0.00    0.58 v _2149_/D (sky130_fd_sc_hd__dfstp_1)
                                  0.58   data arrival time

                  0.15    0.00    0.00   clock clk (rise edge)
                          0.00    0.00   clock network delay (ideal)
                          0.25    0.25   clock uncertainty
                          0.00    0.25   clock reconvergence pessimism
                                  0.25 ^ _2149_/CLK (sky130_fd_sc_hd__dfstp_1)
                          0.01    0.26   library hold time
                                  0.26   data required time
-----------------------------------------------------------------------------
                                  0.26   data required time
                                 -0.58   data arrival time
-----------------------------------------------------------------------------
                                  0.31   slack (MET)


Startpoint: _2079_ (rising edge-triggered flip-flop clocked by clk)
Endpoint: _2079_ (rising edge-triggered flip-flop clocked by clk)
Path Group: clk
Path Type: min

Fanout     Cap    Slew   Delay    Time   Description
-----------------------------------------------------------------------------
                  0.15    0.00    0.00   clock clk (rise edge)
                          0.00    0.00   clock network delay (ideal)
                  0.15    0.00    0.00 ^ _2079_/CLK (sky130_fd_sc_hd__dfxtp_1)
                  0.04    0.32    0.32 v _2079_/Q (sky130_fd_sc_hd__dfxtp_1)
     3    0.01                           uart_tx_jetson_inst.prescale_reg[2] (net)
                  0.04    0.00    0.32 v _1517_/B1 (sky130_fd_sc_hd__o21ai_1)
                  0.07    0.06    0.38 ^ _1517_/Y (sky130_fd_sc_hd__o21ai_1)
     1    0.00                           _0397_ (net)
                  0.07    0.00    0.38 ^ _1518_/A2 (sky130_fd_sc_hd__a21o_1)
                  0.04    0.11    0.49 ^ _1518_/X (sky130_fd_sc_hd__a21o_1)
     1    0.00                           _0398_ (net)
                  0.04    0.00    0.49 ^ _1520_/A2 (sky130_fd_sc_hd__a21oi_1)
                  0.03    0.05    0.54 v _1520_/Y (sky130_fd_sc_hd__a21oi_1)
     1    0.00                           _0159_ (net)
                  0.03    0.00    0.54 v _2079_/D (sky130_fd_sc_hd__dfxtp_1)
                                  0.54   data arrival time

                  0.15    0.00    0.00   clock clk (rise edge)
                          0.00    0.00   clock network delay (ideal)
                          0.25    0.25   clock uncertainty
                          0.00    0.25   clock reconvergence pessimism
                                  0.25 ^ _2079_/CLK (sky130_fd_sc_hd__dfxtp_1)
                         -0.03    0.22   library hold time
                                  0.22   data required time
-----------------------------------------------------------------------------
                                  0.22   data required time
                                 -0.54   data arrival time
-----------------------------------------------------------------------------
                                  0.31   slack (MET)


Startpoint: _2280_ (rising edge-triggered flip-flop clocked by clk)
Endpoint: _2280_ (rising edge-triggered flip-flop clocked by clk)
Path Group: clk
Path Type: min

Fanout     Cap    Slew   Delay    Time   Description
-----------------------------------------------------------------------------
                  0.15    0.00    0.00   clock clk (rise edge)
                          0.00    0.00   clock network delay (ideal)
                  0.15    0.00    0.00 ^ _2280_/CLK (sky130_fd_sc_hd__dfrtp_1)
                  0.12    0.39    0.39 ^ _2280_/Q (sky130_fd_sc_hd__dfrtp_1)
     5    0.01                           dual_watchdog_inst.watchdog_fc.falling_edge_timeout.assert_time[16] (net)
                  0.12    0.00    0.39 ^ _1971_/A1 (sky130_fd_sc_hd__o211a_1)
                  0.04    0.16    0.55 ^ _1971_/X (sky130_fd_sc_hd__o211a_1)
     1    0.00                           _0305_ (net)
                  0.04    0.00    0.55 ^ _2280_/D (sky130_fd_sc_hd__dfrtp_1)
                                  0.55   data arrival time

                  0.15    0.00    0.00   clock clk (rise edge)
                          0.00    0.00   clock network delay (ideal)
                          0.25    0.25   clock uncertainty
                          0.00    0.25   clock reconvergence pessimism
                                  0.25 ^ _2280_/CLK (sky130_fd_sc_hd__dfrtp_1)
                         -0.02    0.23   library hold time
                                  0.23   data required time
-----------------------------------------------------------------------------
                                  0.23   data required time
                                 -0.55   data arrival time
-----------------------------------------------------------------------------
                                  0.32   slack (MET)


Startpoint: _2101_ (rising edge-triggered flip-flop clocked by clk)
Endpoint: _2101_ (rising edge-triggered flip-flop clocked by clk)
Path Group: clk
Path Type: min

Fanout     Cap    Slew   Delay    Time   Description
-----------------------------------------------------------------------------
                  0.15    0.00    0.00   clock clk (rise edge)
                          0.00    0.00   clock network delay (ideal)
                  0.15    0.00    0.00 ^ _2101_/CLK (sky130_fd_sc_hd__dfxtp_1)
                  0.09    0.35    0.35 ^ _2101_/Q (sky130_fd_sc_hd__dfxtp_1)
     3    0.01                           rst_cnt[1] (net)
                  0.09    0.00    0.35 ^ _1587_/S (sky130_fd_sc_hd__mux2_1)
                  0.04    0.13    0.48 ^ _1587_/X (sky130_fd_sc_hd__mux2_1)
     1    0.00                           _0445_ (net)
                  0.04    0.00    0.48 ^ _1588_/A (sky130_fd_sc_hd__clkbuf_1)
                  0.04    0.07    0.55 ^ _1588_/X (sky130_fd_sc_hd__clkbuf_1)
     1    0.00                           _0181_ (net)
                  0.04    0.00    0.55 ^ _2101_/D (sky130_fd_sc_hd__dfxtp_1)
                                  0.55   data arrival time

                  0.15    0.00    0.00   clock clk (rise edge)
                          0.00    0.00   clock network delay (ideal)
                          0.25    0.25   clock uncertainty
                          0.00    0.25   clock reconvergence pessimism
                                  0.25 ^ _2101_/CLK (sky130_fd_sc_hd__dfxtp_1)
                         -0.02    0.23   library hold time
                                  0.23   data required time
-----------------------------------------------------------------------------
                                  0.23   data required time
                                 -0.55   data arrival time
-----------------------------------------------------------------------------
                                  0.32   slack (MET)


Startpoint: _2277_ (rising edge-triggered flip-flop clocked by clk)
Endpoint: _2277_ (rising edge-triggered flip-flop clocked by clk)
Path Group: clk
Path Type: min

Fanout     Cap    Slew   Delay    Time   Description
-----------------------------------------------------------------------------
                  0.15    0.00    0.00   clock clk (rise edge)
                          0.00    0.00   clock network delay (ideal)
                  0.15    0.00    0.00 ^ _2277_/CLK (sky130_fd_sc_hd__dfrtp_1)
                  0.06    0.39    0.39 v _2277_/Q (sky130_fd_sc_hd__dfrtp_1)
     3    0.01                           dual_watchdog_inst.watchdog_fc.falling_edge_timeout.assert_time[13] (net)
                  0.06    0.00    0.39 v _1958_/B1 (sky130_fd_sc_hd__a21oi_1)
                  0.09    0.11    0.50 ^ _1958_/Y (sky130_fd_sc_hd__a21oi_1)
     1    0.00                           _0668_ (net)
                  0.09    0.00    0.50 ^ _1961_/B (sky130_fd_sc_hd__nor3_1)
                  0.03    0.05    0.55 v _1961_/Y (sky130_fd_sc_hd__nor3_1)
     1    0.00                           _0302_ (net)
                  0.03    0.00    0.55 v _2277_/D (sky130_fd_sc_hd__dfrtp_1)
                                  0.55   data arrival time

                  0.15    0.00    0.00   clock clk (rise edge)
                          0.00    0.00   clock network delay (ideal)
                          0.25    0.25   clock uncertainty
                          0.00    0.25   clock reconvergence pessimism
                                  0.25 ^ _2277_/CLK (sky130_fd_sc_hd__dfrtp_1)
                         -0.02    0.23   library hold time
                                  0.23   data required time
-----------------------------------------------------------------------------
                                  0.23   data required time
                                 -0.55   data arrival time
-----------------------------------------------------------------------------
                                  0.32   slack (MET)


Startpoint: _2152_ (rising edge-triggered flip-flop clocked by clk)
Endpoint: _2152_ (rising edge-triggered flip-flop clocked by clk)
Path Group: clk
Path Type: min

Fanout     Cap    Slew   Delay    Time   Description
-----------------------------------------------------------------------------
                  0.15    0.00    0.00   clock clk (rise edge)
                          0.00    0.00   clock network delay (ideal)
                  0.15    0.00    0.00 ^ _2152_/CLK (sky130_fd_sc_hd__dfrtp_1)
                  0.05    0.39    0.39 v _2152_/Q (sky130_fd_sc_hd__dfrtp_1)
     3    0.01                           dual_watchdog_inst.watchdog_fc.rising_edge_timeout.assert_time[5] (net)
                  0.05    0.00    0.39 v _1109_/B1 (sky130_fd_sc_hd__a21oi_1)
                  0.09    0.11    0.49 ^ _1109_/Y (sky130_fd_sc_hd__a21oi_1)
     1    0.00                           _0790_ (net)
                  0.09    0.00    0.49 ^ _1110_/B1 (sky130_fd_sc_hd__a211oi_1)
                  0.04    0.05    0.55 v _1110_/Y (sky130_fd_sc_hd__a211oi_1)
     1    0.00                           _0232_ (net)
                  0.04    0.00    0.55 v _2152_/D (sky130_fd_sc_hd__dfrtp_1)
                                  0.55   data arrival time

                  0.15    0.00    0.00   clock clk (rise edge)
                          0.00    0.00   clock network delay (ideal)
                          0.25    0.25   clock uncertainty
                          0.00    0.25   clock reconvergence pessimism
                                  0.25 ^ _2152_/CLK (sky130_fd_sc_hd__dfrtp_1)
                         -0.02    0.23   library hold time
                                  0.23   data required time
-----------------------------------------------------------------------------
                                  0.23   data required time
                                 -0.55   data arrival time
-----------------------------------------------------------------------------
                                  0.32   slack (MET)


Startpoint: _2257_ (rising edge-triggered flip-flop clocked by clk)
Endpoint: _2257_ (rising edge-triggered flip-flop clocked by clk)
Path Group: clk
Path Type: min

Fanout     Cap    Slew   Delay    Time   Description
-----------------------------------------------------------------------------
                  0.15    0.00    0.00   clock clk (rise edge)
                          0.00    0.00   clock network delay (ideal)
                  0.15    0.00    0.00 ^ _2257_/CLK (sky130_fd_sc_hd__dfrtp_2)
                  0.12    0.42    0.42 ^ _2257_/Q (sky130_fd_sc_hd__dfrtp_2)
     7    0.02                           dual_watchdog_inst.watchdog_fc.rising_edge_timeout.internal_count[20] (net)
                  0.12    0.00    0.42 ^ _1283_/A1 (sky130_fd_sc_hd__o21ba_1)
                  0.04    0.13    0.55 ^ _1283_/X (sky130_fd_sc_hd__o21ba_1)
     1    0.00                           _0042_ (net)
                  0.04    0.00    0.55 ^ _2257_/D (sky130_fd_sc_hd__dfrtp_2)
                                  0.55   data arrival time

                  0.15    0.00    0.00   clock clk (rise edge)
                          0.00    0.00   clock network delay (ideal)
                          0.25    0.25   clock uncertainty
                          0.00    0.25   clock reconvergence pessimism
                                  0.25 ^ _2257_/CLK (sky130_fd_sc_hd__dfrtp_2)
                         -0.02    0.23   library hold time
                                  0.23   data required time
-----------------------------------------------------------------------------
                                  0.23   data required time
                                 -0.55   data arrival time
-----------------------------------------------------------------------------
                                  0.32   slack (MET)


Startpoint: _2082_ (rising edge-triggered flip-flop clocked by clk)
Endpoint: _2082_ (rising edge-triggered flip-flop clocked by clk)
Path Group: clk
Path Type: min

Fanout     Cap    Slew   Delay    Time   Description
-----------------------------------------------------------------------------
                  0.15    0.00    0.00   clock clk (rise edge)
                          0.00    0.00   clock network delay (ideal)
                  0.15    0.00    0.00 ^ _2082_/CLK (sky130_fd_sc_hd__dfxtp_1)
                  0.04    0.32    0.32 v _2082_/Q (sky130_fd_sc_hd__dfxtp_1)
     3    0.01                           uart_tx_jetson_inst.prescale_reg[5] (net)
                  0.04    0.00    0.32 v _1529_/B1 (sky130_fd_sc_hd__o21ai_1)
                  0.08    0.06    0.39 ^ _1529_/Y (sky130_fd_sc_hd__o21ai_1)
     1    0.00                           _0406_ (net)
                  0.08    0.00    0.39 ^ _1530_/A2 (sky130_fd_sc_hd__a21o_1)
                  0.04    0.11    0.49 ^ _1530_/X (sky130_fd_sc_hd__a21o_1)
     1    0.00                           _0407_ (net)
                  0.04    0.00    0.49 ^ _1531_/A2 (sky130_fd_sc_hd__a21oi_1)
                  0.03    0.05    0.54 v _1531_/Y (sky130_fd_sc_hd__a21oi_1)
     1    0.00                           _0162_ (net)
                  0.03    0.00    0.54 v _2082_/D (sky130_fd_sc_hd__dfxtp_1)
                                  0.54   data arrival time

                  0.15    0.00    0.00   clock clk (rise edge)
                          0.00    0.00   clock network delay (ideal)
                          0.25    0.25   clock uncertainty
                          0.00    0.25   clock reconvergence pessimism
                                  0.25 ^ _2082_/CLK (sky130_fd_sc_hd__dfxtp_1)
                         -0.03    0.22   library hold time
                                  0.22   data required time
-----------------------------------------------------------------------------
                                  0.22   data required time
                                 -0.54   data arrival time
-----------------------------------------------------------------------------
                                  0.32   slack (MET)


Startpoint: _2195_ (rising edge-triggered flip-flop clocked by clk)
Endpoint: _2195_ (rising edge-triggered flip-flop clocked by clk)
Path Group: clk
Path Type: min

Fanout     Cap    Slew   Delay    Time   Description
-----------------------------------------------------------------------------
                  0.15    0.00    0.00   clock clk (rise edge)
                          0.00    0.00   clock network delay (ideal)
                  0.15    0.00    0.00 ^ _2195_/CLK (sky130_fd_sc_hd__dfxtp_1)
                  0.07    0.34    0.34 ^ _2195_/Q (sky130_fd_sc_hd__dfxtp_1)
     3    0.01                           uart_tx_raspi_inst.prescale_reg[9] (net)
                  0.07    0.00    0.34 ^ _1849_/A (sky130_fd_sc_hd__and2_1)
                  0.05    0.11    0.45 ^ _1849_/X (sky130_fd_sc_hd__and2_1)
     1    0.00                           _0613_ (net)
                  0.05    0.00    0.45 ^ _1850_/A2 (sky130_fd_sc_hd__o21ba_1)
                  0.04    0.10    0.55 ^ _1850_/X (sky130_fd_sc_hd__o21ba_1)
     1    0.00                           _0275_ (net)
                  0.04    0.00    0.55 ^ _2195_/D (sky130_fd_sc_hd__dfxtp_1)
                                  0.55   data arrival time

                  0.15    0.00    0.00   clock clk (rise edge)
                          0.00    0.00   clock network delay (ideal)
                          0.25    0.25   clock uncertainty
                          0.00    0.25   clock reconvergence pessimism
                                  0.25 ^ _2195_/CLK (sky130_fd_sc_hd__dfxtp_1)
                         -0.02    0.23   library hold time
                                  0.23   data required time
-----------------------------------------------------------------------------
                                  0.23   data required time
                                 -0.55   data arrival time
-----------------------------------------------------------------------------
                                  0.32   slack (MET)


Startpoint: _2229_ (rising edge-triggered flip-flop clocked by clk)
Endpoint: _2229_ (rising edge-triggered flip-flop clocked by clk)
Path Group: clk
Path Type: min

Fanout     Cap    Slew   Delay    Time   Description
-----------------------------------------------------------------------------
                  0.15    0.00    0.00   clock clk (rise edge)
                          0.00    0.00   clock network delay (ideal)
                  0.15    0.00    0.00 ^ _2229_/CLK (sky130_fd_sc_hd__dfrtp_2)
                  0.11    0.41    0.41 ^ _2229_/Q (sky130_fd_sc_hd__dfrtp_2)
     7    0.02                           dual_watchdog_inst.watchdog_fc.falling_edge_timeout.internal_count[20] (net)
                  0.11    0.00    0.41 ^ _1203_/A1 (sky130_fd_sc_hd__o21ba_1)
                  0.04    0.13    0.55 ^ _1203_/X (sky130_fd_sc_hd__o21ba_1)
     1    0.00                           _0015_ (net)
                  0.04    0.00    0.55 ^ _2229_/D (sky130_fd_sc_hd__dfrtp_2)
                                  0.55   data arrival time

                  0.15    0.00    0.00   clock clk (rise edge)
                          0.00    0.00   clock network delay (ideal)
                          0.25    0.25   clock uncertainty
                          0.00    0.25   clock reconvergence pessimism
                                  0.25 ^ _2229_/CLK (sky130_fd_sc_hd__dfrtp_2)
                         -0.02    0.23   library hold time
                                  0.23   data required time
-----------------------------------------------------------------------------
                                  0.23   data required time
                                 -0.55   data arrival time
-----------------------------------------------------------------------------
                                  0.32   slack (MET)


Startpoint: _2058_ (rising edge-triggered flip-flop clocked by clk)
Endpoint: _2058_ (rising edge-triggered flip-flop clocked by clk)
Path Group: clk
Path Type: min

Fanout     Cap    Slew   Delay    Time   Description
-----------------------------------------------------------------------------
                  0.15    0.00    0.00   clock clk (rise edge)
                          0.00    0.00   clock network delay (ideal)
                  0.15    0.00    0.00 ^ _2058_/CLK (sky130_fd_sc_hd__dfxtp_1)
                  0.04    0.32    0.32 v _2058_/Q (sky130_fd_sc_hd__dfxtp_1)
     3    0.01                           uart_rx_raspi_inst.prescale_reg[5] (net)
                  0.04    0.00    0.32 v _1440_/B1 (sky130_fd_sc_hd__o21ai_1)
                  0.08    0.06    0.39 ^ _1440_/Y (sky130_fd_sc_hd__o21ai_1)
     1    0.00                           _0341_ (net)
                  0.08    0.00    0.39 ^ _1441_/A2 (sky130_fd_sc_hd__a21o_1)
                  0.04    0.11    0.49 ^ _1441_/X (sky130_fd_sc_hd__a21o_1)
     1    0.00                           _0342_ (net)
                  0.04    0.00    0.49 ^ _1442_/A2 (sky130_fd_sc_hd__a21oi_1)
                  0.03    0.05    0.54 v _1442_/Y (sky130_fd_sc_hd__a21oi_1)
     1    0.00                           _0138_ (net)
                  0.03    0.00    0.54 v _2058_/D (sky130_fd_sc_hd__dfxtp_1)
                                  0.54   data arrival time

                  0.15    0.00    0.00   clock clk (rise edge)
                          0.00    0.00   clock network delay (ideal)
                          0.25    0.25   clock uncertainty
                          0.00    0.25   clock reconvergence pessimism
                                  0.25 ^ _2058_/CLK (sky130_fd_sc_hd__dfxtp_1)
                         -0.03    0.22   library hold time
                                  0.22   data required time
-----------------------------------------------------------------------------
                                  0.22   data required time
                                 -0.54   data arrival time
-----------------------------------------------------------------------------
                                  0.32   slack (MET)


Startpoint: _2228_ (rising edge-triggered flip-flop clocked by clk)
Endpoint: _2228_ (rising edge-triggered flip-flop clocked by clk)
Path Group: clk
Path Type: min

Fanout     Cap    Slew   Delay    Time   Description
-----------------------------------------------------------------------------
                  0.15    0.00    0.00   clock clk (rise edge)
                          0.00    0.00   clock network delay (ideal)
                  0.15    0.00    0.00 ^ _2228_/CLK (sky130_fd_sc_hd__dfrtp_1)
                  0.14    0.41    0.41 ^ _2228_/Q (sky130_fd_sc_hd__dfrtp_1)
     6    0.01                           dual_watchdog_inst.watchdog_fc.falling_edge_timeout.internal_count[19] (net)
                  0.14    0.00    0.41 ^ _1199_/B1 (sky130_fd_sc_hd__a21oi_1)
                  0.04    0.05    0.46 v _1199_/Y (sky130_fd_sc_hd__a21oi_1)
     1    0.00                           _0854_ (net)
                  0.04    0.00    0.46 v _1201_/A (sky130_fd_sc_hd__nor2_1)
                  0.07    0.08    0.54 ^ _1201_/Y (sky130_fd_sc_hd__nor2_1)
     1    0.00                           _0013_ (net)
                  0.07    0.00    0.54 ^ _2228_/D (sky130_fd_sc_hd__dfrtp_1)
                                  0.54   data arrival time

                  0.15    0.00    0.00   clock clk (rise edge)
                          0.00    0.00   clock network delay (ideal)
                          0.25    0.25   clock uncertainty
                          0.00    0.25   clock reconvergence pessimism
                                  0.25 ^ _2228_/CLK (sky130_fd_sc_hd__dfrtp_1)
                         -0.03    0.22   library hold time
                                  0.22   data required time
-----------------------------------------------------------------------------
                                  0.22   data required time
                                 -0.54   data arrival time
-----------------------------------------------------------------------------
                                  0.32   slack (MET)


Startpoint: _2137_ (rising edge-triggered flip-flop clocked by clk)
Endpoint: _2137_ (rising edge-triggered flip-flop clocked by clk)
Path Group: clk
Path Type: min

Fanout     Cap    Slew   Delay    Time   Description
-----------------------------------------------------------------------------
                  0.15    0.00    0.00   clock clk (rise edge)
                          0.00    0.00   clock network delay (ideal)
                  0.15    0.00    0.00 ^ _2137_/CLK (sky130_fd_sc_hd__dfxtp_1)
                  0.07    0.35    0.35 v _2137_/Q (sky130_fd_sc_hd__dfxtp_1)
     5    0.01                           uart_rx_jetson_inst.prescale_reg[9] (net)
                  0.07    0.00    0.35 v _1720_/A (sky130_fd_sc_hd__xor2_1)
                  0.11    0.15    0.50 ^ _1720_/X (sky130_fd_sc_hd__xor2_1)
     1    0.00                           _0542_ (net)
                  0.11    0.00    0.50 ^ _1721_/C1 (sky130_fd_sc_hd__a211oi_1)
                  0.04    0.05    0.54 v _1721_/Y (sky130_fd_sc_hd__a211oi_1)
     1    0.00                           _0217_ (net)
                  0.04    0.00    0.54 v _2137_/D (sky130_fd_sc_hd__dfxtp_1)
                                  0.54   data arrival time

                  0.15    0.00    0.00   clock clk (rise edge)
                          0.00    0.00   clock network delay (ideal)
                          0.25    0.25   clock uncertainty
                          0.00    0.25   clock reconvergence pessimism
                                  0.25 ^ _2137_/CLK (sky130_fd_sc_hd__dfxtp_1)
                         -0.03    0.22   library hold time
                                  0.22   data required time
-----------------------------------------------------------------------------
                                  0.22   data required time
                                 -0.54   data arrival time
-----------------------------------------------------------------------------
                                  0.32   slack (MET)


Startpoint: _2197_ (rising edge-triggered flip-flop clocked by clk)
Endpoint: _2197_ (rising edge-triggered flip-flop clocked by clk)
Path Group: clk
Path Type: min

Fanout     Cap    Slew   Delay    Time   Description
-----------------------------------------------------------------------------
                  0.15    0.00    0.00   clock clk (rise edge)
                          0.00    0.00   clock network delay (ideal)
                  0.15    0.00    0.00 ^ _2197_/CLK (sky130_fd_sc_hd__dfxtp_1)
                  0.06    0.34    0.34 v _2197_/Q (sky130_fd_sc_hd__dfxtp_1)
     5    0.01                           uart_tx_raspi_inst.prescale_reg[11] (net)
                  0.06    0.00    0.34 v _1854_/A (sky130_fd_sc_hd__nor2_1)
                  0.08    0.10    0.44 ^ _1854_/Y (sky130_fd_sc_hd__nor2_1)
     1    0.00                           _0616_ (net)
                  0.08    0.00    0.44 ^ _1856_/A1 (sky130_fd_sc_hd__o21ba_1)
                  0.04    0.12    0.56 ^ _1856_/X (sky130_fd_sc_hd__o21ba_1)
     1    0.00                           _0277_ (net)
                  0.04    0.00    0.56 ^ _2197_/D (sky130_fd_sc_hd__dfxtp_1)
                                  0.56   data arrival time

                  0.15    0.00    0.00   clock clk (rise edge)
                          0.00    0.00   clock network delay (ideal)
                          0.25    0.25   clock uncertainty
                          0.00    0.25   clock reconvergence pessimism
                                  0.25 ^ _2197_/CLK (sky130_fd_sc_hd__dfxtp_1)
                         -0.02    0.23   library hold time
                                  0.23   data required time
-----------------------------------------------------------------------------
                                  0.23   data required time
                                 -0.56   data arrival time
-----------------------------------------------------------------------------
                                  0.32   slack (MET)


Startpoint: _2223_ (rising edge-triggered flip-flop clocked by clk)
Endpoint: _2223_ (rising edge-triggered flip-flop clocked by clk)
Path Group: clk
Path Type: min

Fanout     Cap    Slew   Delay    Time   Description
-----------------------------------------------------------------------------
                  0.15    0.00    0.00   clock clk (rise edge)
                          0.00    0.00   clock network delay (ideal)
                  0.15    0.00    0.00 ^ _2223_/CLK (sky130_fd_sc_hd__dfrtp_2)
                  0.09    0.40    0.40 ^ _2223_/Q (sky130_fd_sc_hd__dfrtp_2)
     7    0.02                           dual_watchdog_inst.watchdog_fc.falling_edge_timeout.internal_count[14] (net)
                  0.09    0.00    0.40 ^ _1188_/A1 (sky130_fd_sc_hd__o211a_1)
                  0.04    0.15    0.55 ^ _1188_/X (sky130_fd_sc_hd__o211a_1)
     1    0.00                           _0008_ (net)
                  0.04    0.00    0.55 ^ _2223_/D (sky130_fd_sc_hd__dfrtp_2)
                                  0.55   data arrival time

                  0.15    0.00    0.00   clock clk (rise edge)
                          0.00    0.00   clock network delay (ideal)
                          0.25    0.25   clock uncertainty
                          0.00    0.25   clock reconvergence pessimism
                                  0.25 ^ _2223_/CLK (sky130_fd_sc_hd__dfrtp_2)
                         -0.02    0.23   library hold time
                                  0.23   data required time
-----------------------------------------------------------------------------
                                  0.23   data required time
                                 -0.55   data arrival time
-----------------------------------------------------------------------------
                                  0.32   slack (MET)


Startpoint: _2270_ (rising edge-triggered flip-flop clocked by clk)
Endpoint: _2270_ (rising edge-triggered flip-flop clocked by clk)
Path Group: clk
Path Type: min

Fanout     Cap    Slew   Delay    Time   Description
-----------------------------------------------------------------------------
                  0.15    0.00    0.00   clock clk (rise edge)
                          0.00    0.00   clock network delay (ideal)
                  0.15    0.00    0.00 ^ _2270_/CLK (sky130_fd_sc_hd__dfrtp_1)
                  0.06    0.40    0.40 v _2270_/Q (sky130_fd_sc_hd__dfrtp_1)
     4    0.01                           dual_watchdog_inst.watchdog_fc.falling_edge_timeout.assert_time[6] (net)
                  0.06    0.00    0.40 v _1936_/B1 (sky130_fd_sc_hd__a21oi_1)
                  0.09    0.11    0.51 ^ _1936_/Y (sky130_fd_sc_hd__a21oi_1)
     1    0.00                           _0653_ (net)
                  0.09    0.00    0.51 ^ _1938_/B (sky130_fd_sc_hd__nor3_1)
                  0.03    0.05    0.56 v _1938_/Y (sky130_fd_sc_hd__nor3_1)
     1    0.00                           _0295_ (net)
                  0.03    0.00    0.56 v _2270_/D (sky130_fd_sc_hd__dfrtp_1)
                                  0.56   data arrival time

                  0.15    0.00    0.00   clock clk (rise edge)
                          0.00    0.00   clock network delay (ideal)
                          0.25    0.25   clock uncertainty
                          0.00    0.25   clock reconvergence pessimism
                                  0.25 ^ _2270_/CLK (sky130_fd_sc_hd__dfrtp_1)
                         -0.02    0.23   library hold time
                                  0.23   data required time
-----------------------------------------------------------------------------
                                  0.23   data required time
                                 -0.56   data arrival time
-----------------------------------------------------------------------------
                                  0.32   slack (MET)


Startpoint: _2175_ (rising edge-triggered flip-flop clocked by clk)
Endpoint: _2175_ (rising edge-triggered flip-flop clocked by clk)
Path Group: clk
Path Type: min

Fanout     Cap    Slew   Delay    Time   Description
-----------------------------------------------------------------------------
                  0.15    0.00    0.00   clock clk (rise edge)
                          0.00    0.00   clock network delay (ideal)
                  0.15    0.00    0.00 ^ _2175_/CLK (sky130_fd_sc_hd__dfxtp_1)
                  0.07    0.34    0.34 ^ _2175_/Q (sky130_fd_sc_hd__dfxtp_1)
     2    0.01                           net6 (net)
                  0.07    0.00    0.34 ^ _1783_/B1 (sky130_fd_sc_hd__o21a_1)
                  0.04    0.11    0.45 ^ _1783_/X (sky130_fd_sc_hd__o21a_1)
     1    0.00                           _0567_ (net)
                  0.04    0.00    0.45 ^ _1784_/B1 (sky130_fd_sc_hd__a311o_1)
                  0.05    0.10    0.55 ^ _1784_/X (sky130_fd_sc_hd__a311o_1)
     1    0.00                           _0255_ (net)
                  0.05    0.00    0.55 ^ _2175_/D (sky130_fd_sc_hd__dfxtp_1)
                                  0.55   data arrival time

                  0.15    0.00    0.00   clock clk (rise edge)
                          0.00    0.00   clock network delay (ideal)
                          0.25    0.25   clock uncertainty
                          0.00    0.25   clock reconvergence pessimism
                                  0.25 ^ _2175_/CLK (sky130_fd_sc_hd__dfxtp_1)
                         -0.02    0.23   library hold time
                                  0.23   data required time
-----------------------------------------------------------------------------
                                  0.23   data required time
                                 -0.55   data arrival time
-----------------------------------------------------------------------------
                                  0.32   slack (MET)


Startpoint: _2172_ (rising edge-triggered flip-flop clocked by clk)
Endpoint: _2172_ (rising edge-triggered flip-flop clocked by clk)
Path Group: clk
Path Type: min

Fanout     Cap    Slew   Delay    Time   Description
-----------------------------------------------------------------------------
                  0.15    0.00    0.00   clock clk (rise edge)
                          0.00    0.00   clock network delay (ideal)
                  0.15    0.00    0.00 ^ _2172_/CLK (sky130_fd_sc_hd__dfrtp_1)
                  0.11    0.39    0.39 ^ _2172_/Q (sky130_fd_sc_hd__dfrtp_1)
     4    0.01                           dual_watchdog_inst.watchdog_fc.rising_edge_timeout.assert_time[25] (net)
                  0.11    0.00    0.39 ^ _1057_/B2 (sky130_fd_sc_hd__o221a_1)
                  0.05    0.17    0.55 ^ _1057_/X (sky130_fd_sc_hd__o221a_1)
     1    0.00                           _0252_ (net)
                  0.05    0.00    0.55 ^ _2172_/D (sky130_fd_sc_hd__dfrtp_1)
                                  0.55   data arrival time

                  0.15    0.00    0.00   clock clk (rise edge)
                          0.00    0.00   clock network delay (ideal)
                          0.25    0.25   clock uncertainty
                          0.00    0.25   clock reconvergence pessimism
                                  0.25 ^ _2172_/CLK (sky130_fd_sc_hd__dfrtp_1)
                         -0.02    0.23   library hold time
                                  0.23   data required time
-----------------------------------------------------------------------------
                                  0.23   data required time
                                 -0.55   data arrival time
-----------------------------------------------------------------------------
                                  0.32   slack (MET)


Startpoint: _2062_ (rising edge-triggered flip-flop clocked by clk)
Endpoint: _2062_ (rising edge-triggered flip-flop clocked by clk)
Path Group: clk
Path Type: min

Fanout     Cap    Slew   Delay    Time   Description
-----------------------------------------------------------------------------
                  0.15    0.00    0.00   clock clk (rise edge)
                          0.00    0.00   clock network delay (ideal)
                  0.15    0.00    0.00 ^ _2062_/CLK (sky130_fd_sc_hd__dfxtp_1)
                  0.07    0.35    0.35 v _2062_/Q (sky130_fd_sc_hd__dfxtp_1)
     5    0.01                           uart_rx_raspi_inst.prescale_reg[9] (net)
                  0.07    0.00    0.35 v _1454_/A (sky130_fd_sc_hd__xor2_1)
                  0.10    0.15    0.50 ^ _1454_/X (sky130_fd_sc_hd__xor2_1)
     1    0.00                           _0351_ (net)
                  0.10    0.00    0.50 ^ _1455_/C1 (sky130_fd_sc_hd__a211oi_1)
                  0.04    0.05    0.55 v _1455_/Y (sky130_fd_sc_hd__a211oi_1)
     1    0.00                           _0142_ (net)
                  0.04    0.00    0.55 v _2062_/D (sky130_fd_sc_hd__dfxtp_1)
                                  0.55   data arrival time

                  0.15    0.00    0.00   clock clk (rise edge)
                          0.00    0.00   clock network delay (ideal)
                          0.25    0.25   clock uncertainty
                          0.00    0.25   clock reconvergence pessimism
                                  0.25 ^ _2062_/CLK (sky130_fd_sc_hd__dfxtp_1)
                         -0.03    0.22   library hold time
                                  0.22   data required time
-----------------------------------------------------------------------------
                                  0.22   data required time
                                 -0.55   data arrival time
-----------------------------------------------------------------------------
                                  0.32   slack (MET)


Startpoint: _2096_ (rising edge-triggered flip-flop clocked by clk)
Endpoint: _2096_ (rising edge-triggered flip-flop clocked by clk)
Path Group: clk
Path Type: min

Fanout     Cap    Slew   Delay    Time   Description
-----------------------------------------------------------------------------
                  0.15    0.00    0.00   clock clk (rise edge)
                          0.00    0.00   clock network delay (ideal)
                  0.15    0.00    0.00 ^ _2096_/CLK (sky130_fd_sc_hd__dfxtp_1)
                  0.05    0.34    0.34 v _2096_/Q (sky130_fd_sc_hd__dfxtp_1)
     4    0.01                           uart_tx_jetson_inst.bit_cnt[0] (net)
                  0.05    0.00    0.34 v _1506_/A (sky130_fd_sc_hd__inv_2)
                  0.06    0.07    0.41 ^ _1506_/Y (sky130_fd_sc_hd__inv_2)
     2    0.01                           _0388_ (net)
                  0.06    0.00    0.41 ^ _1574_/A1 (sky130_fd_sc_hd__o21a_1)
                  0.04    0.11    0.52 ^ _1574_/X (sky130_fd_sc_hd__o21a_1)
     1    0.00                           _0437_ (net)
                  0.04    0.00    0.52 ^ _1575_/B (sky130_fd_sc_hd__nor2_1)
                  0.02    0.03    0.55 v _1575_/Y (sky130_fd_sc_hd__nor2_1)
     1    0.00                           _0176_ (net)
                  0.02    0.00    0.55 v _2096_/D (sky130_fd_sc_hd__dfxtp_1)
                                  0.55   data arrival time

                  0.15    0.00    0.00   clock clk (rise edge)
                          0.00    0.00   clock network delay (ideal)
                          0.25    0.25   clock uncertainty
                          0.00    0.25   clock reconvergence pessimism
                                  0.25 ^ _2096_/CLK (sky130_fd_sc_hd__dfxtp_1)
                         -0.02    0.23   library hold time
                                  0.23   data required time
-----------------------------------------------------------------------------
                                  0.23   data required time
                                 -0.55   data arrival time
-----------------------------------------------------------------------------
                                  0.32   slack (MET)


Startpoint: _2089_ (rising edge-triggered flip-flop clocked by clk)
Endpoint: _2089_ (rising edge-triggered flip-flop clocked by clk)
Path Group: clk
Path Type: min

Fanout     Cap    Slew   Delay    Time   Description
-----------------------------------------------------------------------------
                  0.15    0.00    0.00   clock clk (rise edge)
                          0.00    0.00   clock network delay (ideal)
                  0.15    0.00    0.00 ^ _2089_/CLK (sky130_fd_sc_hd__dfxtp_1)
                  0.08    0.35    0.35 ^ _2089_/Q (sky130_fd_sc_hd__dfxtp_1)
     3    0.01                           uart_tx_jetson_inst.prescale_reg[12] (net)
                  0.08    0.00    0.35 ^ _1554_/B1 (sky130_fd_sc_hd__o21a_1)
                  0.04    0.11    0.46 ^ _1554_/X (sky130_fd_sc_hd__o21a_1)
     1    0.00                           _0424_ (net)
                  0.04    0.00    0.46 ^ _1555_/A2 (sky130_fd_sc_hd__o21ba_1)
                  0.04    0.10    0.56 ^ _1555_/X (sky130_fd_sc_hd__o21ba_1)
     1    0.00                           _0169_ (net)
                  0.04    0.00    0.56 ^ _2089_/D (sky130_fd_sc_hd__dfxtp_1)
                                  0.56   data arrival time

                  0.15    0.00    0.00   clock clk (rise edge)
                          0.00    0.00   clock network delay (ideal)
                          0.25    0.25   clock uncertainty
                          0.00    0.25   clock reconvergence pessimism
                                  0.25 ^ _2089_/CLK (sky130_fd_sc_hd__dfxtp_1)
                         -0.02    0.23   library hold time
                                  0.23   data required time
-----------------------------------------------------------------------------
                                  0.23   data required time
                                 -0.56   data arrival time
-----------------------------------------------------------------------------
                                  0.32   slack (MET)


Startpoint: _2282_ (rising edge-triggered flip-flop clocked by clk)
Endpoint: _2282_ (rising edge-triggered flip-flop clocked by clk)
Path Group: clk
Path Type: min

Fanout     Cap    Slew   Delay    Time   Description
-----------------------------------------------------------------------------
                  0.15    0.00    0.00   clock clk (rise edge)
                          0.00    0.00   clock network delay (ideal)
                  0.15    0.00    0.00 ^ _2282_/CLK (sky130_fd_sc_hd__dfrtp_1)
                  0.06    0.39    0.39 v _2282_/Q (sky130_fd_sc_hd__dfrtp_1)
     4    0.01                           dual_watchdog_inst.watchdog_fc.falling_edge_timeout.assert_time[18] (net)
                  0.06    0.00    0.39 v _1975_/B1 (sky130_fd_sc_hd__a21oi_1)
                  0.09    0.11    0.51 ^ _1975_/Y (sky130_fd_sc_hd__a21oi_1)
     1    0.00                           _0680_ (net)
                  0.09    0.00    0.51 ^ _1977_/B (sky130_fd_sc_hd__nor3_1)
                  0.03    0.05    0.56 v _1977_/Y (sky130_fd_sc_hd__nor3_1)
     1    0.00                           _0307_ (net)
                  0.03    0.00    0.56 v _2282_/D (sky130_fd_sc_hd__dfrtp_1)
                                  0.56   data arrival time

                  0.15    0.00    0.00   clock clk (rise edge)
                          0.00    0.00   clock network delay (ideal)
                          0.25    0.25   clock uncertainty
                          0.00    0.25   clock reconvergence pessimism
                                  0.25 ^ _2282_/CLK (sky130_fd_sc_hd__dfrtp_1)
                         -0.02    0.23   library hold time
                                  0.23   data required time
-----------------------------------------------------------------------------
                                  0.23   data required time
                                 -0.56   data arrival time
-----------------------------------------------------------------------------
                                  0.32   slack (MET)


Startpoint: _2091_ (rising edge-triggered flip-flop clocked by clk)
Endpoint: _2091_ (rising edge-triggered flip-flop clocked by clk)
Path Group: clk
Path Type: min

Fanout     Cap    Slew   Delay    Time   Description
-----------------------------------------------------------------------------
                  0.15    0.00    0.00   clock clk (rise edge)
                          0.00    0.00   clock network delay (ideal)
                  0.15    0.00    0.00 ^ _2091_/CLK (sky130_fd_sc_hd__dfxtp_1)
                  0.07    0.34    0.34 ^ _2091_/Q (sky130_fd_sc_hd__dfxtp_1)
     3    0.01                           uart_tx_jetson_inst.prescale_reg[14] (net)
                  0.07    0.00    0.34 ^ _1561_/A (sky130_fd_sc_hd__nor2_1)
                  0.04    0.06    0.41 v _1561_/Y (sky130_fd_sc_hd__nor2_1)
     2    0.01                           _0429_ (net)
                  0.04    0.00    0.41 v _1562_/A2 (sky130_fd_sc_hd__o21ba_1)
                  0.03    0.15    0.55 v _1562_/X (sky130_fd_sc_hd__o21ba_1)
     1    0.00                           _0171_ (net)
                  0.03    0.00    0.55 v _2091_/D (sky130_fd_sc_hd__dfxtp_1)
                                  0.55   data arrival time

                  0.15    0.00    0.00   clock clk (rise edge)
                          0.00    0.00   clock network delay (ideal)
                          0.25    0.25   clock uncertainty
                          0.00    0.25   clock reconvergence pessimism
                                  0.25 ^ _2091_/CLK (sky130_fd_sc_hd__dfxtp_1)
                         -0.02    0.23   library hold time
                                  0.23   data required time
-----------------------------------------------------------------------------
                                  0.23   data required time
                                 -0.55   data arrival time
-----------------------------------------------------------------------------
                                  0.33   slack (MET)


Startpoint: _2146_ (rising edge-triggered flip-flop clocked by clk)
Endpoint: _2146_ (rising edge-triggered flip-flop clocked by clk)
Path Group: clk
Path Type: min

Fanout     Cap    Slew   Delay    Time   Description
-----------------------------------------------------------------------------
                  0.15    0.00    0.00   clock clk (rise edge)
                          0.00    0.00   clock network delay (ideal)
                  0.15    0.00    0.00 ^ _2146_/CLK (sky130_fd_sc_hd__dfxtp_1)
                  0.04    0.32    0.32 v _2146_/Q (sky130_fd_sc_hd__dfxtp_1)
     3    0.01                           uart_rx_jetson_inst.prescale_reg[18] (net)
                  0.04    0.00    0.32 v _1744_/C (sky130_fd_sc_hd__and3b_1)
                  0.03    0.16    0.48 v _1744_/X (sky130_fd_sc_hd__and3b_1)
     1    0.00                           _0557_ (net)
                  0.03    0.00    0.48 v _1745_/A (sky130_fd_sc_hd__clkbuf_1)
                  0.02    0.07    0.56 v _1745_/X (sky130_fd_sc_hd__clkbuf_1)
     1    0.00                           _0226_ (net)
                  0.02    0.00    0.56 v _2146_/D (sky130_fd_sc_hd__dfxtp_1)
                                  0.56   data arrival time

                  0.15    0.00    0.00   clock clk (rise edge)
                          0.00    0.00   clock network delay (ideal)
                          0.25    0.25   clock uncertainty
                          0.00    0.25   clock reconvergence pessimism
                                  0.25 ^ _2146_/CLK (sky130_fd_sc_hd__dfxtp_1)
                         -0.02    0.23   library hold time
                                  0.23   data required time
-----------------------------------------------------------------------------
                                  0.23   data required time
                                 -0.56   data arrival time
-----------------------------------------------------------------------------
                                  0.33   slack (MET)


Startpoint: _2204_ (rising edge-triggered flip-flop clocked by clk)
Endpoint: _2204_ (rising edge-triggered flip-flop clocked by clk)
Path Group: clk
Path Type: min

Fanout     Cap    Slew   Delay    Time   Description
-----------------------------------------------------------------------------
                  0.15    0.00    0.00   clock clk (rise edge)
                          0.00    0.00   clock network delay (ideal)
                  0.15    0.00    0.00 ^ _2204_/CLK (sky130_fd_sc_hd__dfxtp_1)
                  0.04    0.32    0.32 v _2204_/Q (sky130_fd_sc_hd__dfxtp_1)
     3    0.01                           uart_tx_raspi_inst.prescale_reg[18] (net)
                  0.04    0.00    0.32 v _1872_/C (sky130_fd_sc_hd__and3b_1)
                  0.03    0.16    0.48 v _1872_/X (sky130_fd_sc_hd__and3b_1)
     1    0.00                           _0627_ (net)
                  0.03    0.00    0.48 v _1873_/A (sky130_fd_sc_hd__clkbuf_1)
                  0.02    0.07    0.56 v _1873_/X (sky130_fd_sc_hd__clkbuf_1)
     1    0.00                           _0284_ (net)
                  0.02    0.00    0.56 v _2204_/D (sky130_fd_sc_hd__dfxtp_1)
                                  0.56   data arrival time

                  0.15    0.00    0.00   clock clk (rise edge)
                          0.00    0.00   clock network delay (ideal)
                          0.25    0.25   clock uncertainty
                          0.00    0.25   clock reconvergence pessimism
                                  0.25 ^ _2204_/CLK (sky130_fd_sc_hd__dfxtp_1)
                         -0.02    0.23   library hold time
                                  0.23   data required time
-----------------------------------------------------------------------------
                                  0.23   data required time
                                 -0.56   data arrival time
-----------------------------------------------------------------------------
                                  0.33   slack (MET)


Startpoint: _2141_ (rising edge-triggered flip-flop clocked by clk)
Endpoint: _2141_ (rising edge-triggered flip-flop clocked by clk)
Path Group: clk
Path Type: min

Fanout     Cap    Slew   Delay    Time   Description
-----------------------------------------------------------------------------
                  0.15    0.00    0.00   clock clk (rise edge)
                          0.00    0.00   clock network delay (ideal)
                  0.15    0.00    0.00 ^ _2141_/CLK (sky130_fd_sc_hd__dfxtp_1)
                  0.08    0.35    0.35 ^ _2141_/Q (sky130_fd_sc_hd__dfxtp_1)
     3    0.01                           uart_rx_jetson_inst.prescale_reg[13] (net)
                  0.08    0.00    0.35 ^ _1733_/B1 (sky130_fd_sc_hd__o21a_1)
                  0.04    0.11    0.46 ^ _1733_/X (sky130_fd_sc_hd__o21a_1)
     1    0.00                           _0551_ (net)
                  0.04    0.00    0.46 ^ _1734_/A2 (sky130_fd_sc_hd__o21ba_1)
                  0.04    0.10    0.56 ^ _1734_/X (sky130_fd_sc_hd__o21ba_1)
     1    0.00                           _0221_ (net)
                  0.04    0.00    0.56 ^ _2141_/D (sky130_fd_sc_hd__dfxtp_1)
                                  0.56   data arrival time

                  0.15    0.00    0.00   clock clk (rise edge)
                          0.00    0.00   clock network delay (ideal)
                          0.25    0.25   clock uncertainty
                          0.00    0.25   clock reconvergence pessimism
                                  0.25 ^ _2141_/CLK (sky130_fd_sc_hd__dfxtp_1)
                         -0.02    0.23   library hold time
                                  0.23   data required time
-----------------------------------------------------------------------------
                                  0.23   data required time
                                 -0.56   data arrival time
-----------------------------------------------------------------------------
                                  0.33   slack (MET)


Startpoint: _2066_ (rising edge-triggered flip-flop clocked by clk)
Endpoint: _2066_ (rising edge-triggered flip-flop clocked by clk)
Path Group: clk
Path Type: min

Fanout     Cap    Slew   Delay    Time   Description
-----------------------------------------------------------------------------
                  0.15    0.00    0.00   clock clk (rise edge)
                          0.00    0.00   clock network delay (ideal)
                  0.15    0.00    0.00 ^ _2066_/CLK (sky130_fd_sc_hd__dfxtp_1)
                  0.09    0.35    0.35 ^ _2066_/Q (sky130_fd_sc_hd__dfxtp_1)
     3    0.01                           uart_rx_raspi_inst.prescale_reg[13] (net)
                  0.09    0.00    0.35 ^ _1467_/B1 (sky130_fd_sc_hd__o21a_1)
                  0.04    0.11    0.47 ^ _1467_/X (sky130_fd_sc_hd__o21a_1)
     1    0.00                           _0360_ (net)
                  0.04    0.00    0.47 ^ _1468_/A2 (sky130_fd_sc_hd__o21ba_1)
                  0.04    0.10    0.56 ^ _1468_/X (sky130_fd_sc_hd__o21ba_1)
     1    0.00                           _0146_ (net)
                  0.04    0.00    0.56 ^ _2066_/D (sky130_fd_sc_hd__dfxtp_1)
                                  0.56   data arrival time

                  0.15    0.00    0.00   clock clk (rise edge)
                          0.00    0.00   clock network delay (ideal)
                          0.25    0.25   clock uncertainty
                          0.00    0.25   clock reconvergence pessimism
                                  0.25 ^ _2066_/CLK (sky130_fd_sc_hd__dfxtp_1)
                         -0.02    0.23   library hold time
                                  0.23   data required time
-----------------------------------------------------------------------------
                                  0.23   data required time
                                 -0.56   data arrival time
-----------------------------------------------------------------------------
                                  0.33   slack (MET)


Startpoint: _2189_ (rising edge-triggered flip-flop clocked by clk)
Endpoint: _2189_ (rising edge-triggered flip-flop clocked by clk)
Path Group: clk
Path Type: min

Fanout     Cap    Slew   Delay    Time   Description
-----------------------------------------------------------------------------
                  0.15    0.00    0.00   clock clk (rise edge)
                          0.00    0.00   clock network delay (ideal)
                  0.15    0.00    0.00 ^ _2189_/CLK (sky130_fd_sc_hd__dfxtp_1)
                  0.03    0.32    0.32 v _2189_/Q (sky130_fd_sc_hd__dfxtp_1)
     2    0.00                           uart_tx_raspi_inst.prescale_reg[3] (net)
                  0.03    0.00    0.32 v _1827_/A (sky130_fd_sc_hd__nand2_1)
                  0.04    0.05    0.37 ^ _1827_/Y (sky130_fd_sc_hd__nand2_1)
     1    0.00                           _0597_ (net)
                  0.04    0.00    0.37 ^ _1828_/A2 (sky130_fd_sc_hd__a21oi_1)
                  0.04    0.05    0.42 v _1828_/Y (sky130_fd_sc_hd__a21oi_1)
     1    0.00                           _0598_ (net)
                  0.04    0.00    0.42 v _1829_/A2 (sky130_fd_sc_hd__o21a_1)
                  0.03    0.15    0.56 v _1829_/X (sky130_fd_sc_hd__o21a_1)
     1    0.00                           _0269_ (net)
                  0.03    0.00    0.56 v _2189_/D (sky130_fd_sc_hd__dfxtp_1)
                                  0.56   data arrival time

                  0.15    0.00    0.00   clock clk (rise edge)
                          0.00    0.00   clock network delay (ideal)
                          0.25    0.25   clock uncertainty
                          0.00    0.25   clock reconvergence pessimism
                                  0.25 ^ _2189_/CLK (sky130_fd_sc_hd__dfxtp_1)
                         -0.02    0.23   library hold time
                                  0.23   data required time
-----------------------------------------------------------------------------
                                  0.23   data required time
                                 -0.56   data arrival time
-----------------------------------------------------------------------------
                                  0.34   slack (MET)


Startpoint: _2256_ (rising edge-triggered flip-flop clocked by clk)
Endpoint: _2256_ (rising edge-triggered flip-flop clocked by clk)
Path Group: clk
Path Type: min

Fanout     Cap    Slew   Delay    Time   Description
-----------------------------------------------------------------------------
                  0.15    0.00    0.00   clock clk (rise edge)
                          0.00    0.00   clock network delay (ideal)
                  0.15    0.00    0.00 ^ _2256_/CLK (sky130_fd_sc_hd__dfrtp_1)
                  0.15    0.42    0.42 ^ _2256_/Q (sky130_fd_sc_hd__dfrtp_1)
     6    0.02                           dual_watchdog_inst.watchdog_fc.rising_edge_timeout.internal_count[19] (net)
                  0.15    0.00    0.42 ^ _1279_/A (sky130_fd_sc_hd__nor2_1)
                  0.04    0.06    0.48 v _1279_/Y (sky130_fd_sc_hd__nor2_1)
     1    0.00                           _0907_ (net)
                  0.04    0.00    0.48 v _1281_/A (sky130_fd_sc_hd__nor2_1)
                  0.07    0.08    0.56 ^ _1281_/Y (sky130_fd_sc_hd__nor2_1)
     1    0.00                           _0040_ (net)
                  0.07    0.00    0.56 ^ _2256_/D (sky130_fd_sc_hd__dfrtp_1)
                                  0.56   data arrival time

                  0.15    0.00    0.00   clock clk (rise edge)
                          0.00    0.00   clock network delay (ideal)
                          0.25    0.25   clock uncertainty
                          0.00    0.25   clock reconvergence pessimism
                                  0.25 ^ _2256_/CLK (sky130_fd_sc_hd__dfrtp_1)
                         -0.03    0.22   library hold time
                                  0.22   data required time
-----------------------------------------------------------------------------
                                  0.22   data required time
                                 -0.56   data arrival time
-----------------------------------------------------------------------------
                                  0.34   slack (MET)


Startpoint: _2264_ (rising edge-triggered flip-flop clocked by clk)
Endpoint: _2264_ (rising edge-triggered flip-flop clocked by clk)
Path Group: clk
Path Type: min

Fanout     Cap    Slew   Delay    Time   Description
-----------------------------------------------------------------------------
                  0.15    0.00    0.00   clock clk (rise edge)
                          0.00    0.00   clock network delay (ideal)
                  0.15    0.00    0.00 ^ _2264_/CLK (sky130_fd_sc_hd__dfstp_1)
                  0.09    0.42    0.42 v _2264_/Q (sky130_fd_sc_hd__dfstp_1)
     7    0.02                           dual_watchdog_inst.watchdog_fc.falling_edge_timeout.assert_time[0] (net)
                  0.09    0.00    0.42 v _1917_/A1 (sky130_fd_sc_hd__o21ai_1)
                  0.08    0.14    0.56 ^ _1917_/Y (sky130_fd_sc_hd__o21ai_1)
     1    0.00                           _0289_ (net)
                  0.08    0.00    0.56 ^ _2264_/D (sky130_fd_sc_hd__dfstp_1)
                                  0.56   data arrival time

                  0.15    0.00    0.00   clock clk (rise edge)
                          0.00    0.00   clock network delay (ideal)
                          0.25    0.25   clock uncertainty
                          0.00    0.25   clock reconvergence pessimism
                                  0.25 ^ _2264_/CLK (sky130_fd_sc_hd__dfstp_1)
                         -0.03    0.22   library hold time
                                  0.22   data required time
-----------------------------------------------------------------------------
                                  0.22   data required time
                                 -0.56   data arrival time
-----------------------------------------------------------------------------
                                  0.34   slack (MET)


Startpoint: _2071_ (rising edge-triggered flip-flop clocked by clk)
Endpoint: _2071_ (rising edge-triggered flip-flop clocked by clk)
Path Group: clk
Path Type: min

Fanout     Cap    Slew   Delay    Time   Description
-----------------------------------------------------------------------------
                  0.15    0.00    0.00   clock clk (rise edge)
                          0.00    0.00   clock network delay (ideal)
                  0.15    0.00    0.00 ^ _2071_/CLK (sky130_fd_sc_hd__dfxtp_1)
                  0.05    0.33    0.33 v _2071_/Q (sky130_fd_sc_hd__dfxtp_1)
     3    0.01                           uart_rx_raspi_inst.prescale_reg[18] (net)
                  0.05    0.00    0.33 v _1478_/C (sky130_fd_sc_hd__and3b_1)
                  0.03    0.16    0.50 v _1478_/X (sky130_fd_sc_hd__and3b_1)
     1    0.00                           _0366_ (net)
                  0.03    0.00    0.50 v _1479_/A (sky130_fd_sc_hd__clkbuf_1)
                  0.02    0.07    0.57 v _1479_/X (sky130_fd_sc_hd__clkbuf_1)
     1    0.00                           _0151_ (net)
                  0.02    0.00    0.57 v _2071_/D (sky130_fd_sc_hd__dfxtp_1)
                                  0.57   data arrival time

                  0.15    0.00    0.00   clock clk (rise edge)
                          0.00    0.00   clock network delay (ideal)
                          0.25    0.25   clock uncertainty
                          0.00    0.25   clock reconvergence pessimism
                                  0.25 ^ _2071_/CLK (sky130_fd_sc_hd__dfxtp_1)
                         -0.02    0.23   library hold time
                                  0.23   data required time
-----------------------------------------------------------------------------
                                  0.23   data required time
                                 -0.57   data arrival time
-----------------------------------------------------------------------------
                                  0.34   slack (MET)


Startpoint: _2099_ (rising edge-triggered flip-flop clocked by clk)
Endpoint: _2099_ (rising edge-triggered flip-flop clocked by clk)
Path Group: clk
Path Type: min

Fanout     Cap    Slew   Delay    Time   Description
-----------------------------------------------------------------------------
                  0.15    0.00    0.00   clock clk (rise edge)
                          0.00    0.00   clock network delay (ideal)
                  0.15    0.00    0.00 ^ _2099_/CLK (sky130_fd_sc_hd__dfxtp_1)
                  0.04    0.32    0.32 v _2099_/Q (sky130_fd_sc_hd__dfxtp_1)
     3    0.01                           uart_tx_jetson_inst.bit_cnt[3] (net)
                  0.04    0.00    0.32 v _1584_/A1_N (sky130_fd_sc_hd__o2bb2a_1)
                  0.05    0.22    0.54 ^ _1584_/X (sky130_fd_sc_hd__o2bb2a_1)
     1    0.00                           _0444_ (net)
                  0.05    0.00    0.54 ^ _1585_/B (sky130_fd_sc_hd__nor2_1)
                  0.02    0.03    0.57 v _1585_/Y (sky130_fd_sc_hd__nor2_1)
     1    0.00                           _0179_ (net)
                  0.02    0.00    0.57 v _2099_/D (sky130_fd_sc_hd__dfxtp_1)
                                  0.57   data arrival time

                  0.15    0.00    0.00   clock clk (rise edge)
                          0.00    0.00   clock network delay (ideal)
                          0.25    0.25   clock uncertainty
                          0.00    0.25   clock reconvergence pessimism
                                  0.25 ^ _2099_/CLK (sky130_fd_sc_hd__dfxtp_1)
                         -0.02    0.23   library hold time
                                  0.23   data required time
-----------------------------------------------------------------------------
                                  0.23   data required time
                                 -0.57   data arrival time
-----------------------------------------------------------------------------
                                  0.34   slack (MET)


Startpoint: _2171_ (rising edge-triggered flip-flop clocked by clk)
Endpoint: _2171_ (rising edge-triggered flip-flop clocked by clk)
Path Group: clk
Path Type: min

Fanout     Cap    Slew   Delay    Time   Description
-----------------------------------------------------------------------------
                  0.15    0.00    0.00   clock clk (rise edge)
                          0.00    0.00   clock network delay (ideal)
                  0.15    0.00    0.00 ^ _2171_/CLK (sky130_fd_sc_hd__dfrtp_1)
                  0.08    0.41    0.41 v _2171_/Q (sky130_fd_sc_hd__dfrtp_1)
     5    0.01                           dual_watchdog_inst.watchdog_fc.rising_edge_timeout.assert_time[24] (net)
                  0.08    0.00    0.41 v _1060_/B1 (sky130_fd_sc_hd__a21oi_1)
                  0.10    0.12    0.53 ^ _1060_/Y (sky130_fd_sc_hd__a21oi_1)
     1    0.00                           _0760_ (net)
                  0.10    0.00    0.53 ^ _1061_/C (sky130_fd_sc_hd__nor3_1)
                  0.03    0.05    0.58 v _1061_/Y (sky130_fd_sc_hd__nor3_1)
     1    0.00                           _0251_ (net)
                  0.03    0.00    0.58 v _2171_/D (sky130_fd_sc_hd__dfrtp_1)
                                  0.58   data arrival time

                  0.15    0.00    0.00   clock clk (rise edge)
                          0.00    0.00   clock network delay (ideal)
                          0.25    0.25   clock uncertainty
                          0.00    0.25   clock reconvergence pessimism
                                  0.25 ^ _2171_/CLK (sky130_fd_sc_hd__dfrtp_1)
                         -0.02    0.23   library hold time
                                  0.23   data required time
-----------------------------------------------------------------------------
                                  0.23   data required time
                                 -0.58   data arrival time
-----------------------------------------------------------------------------
                                  0.35   slack (MET)


Startpoint: _2052_ (rising edge-triggered flip-flop clocked by clk)
Endpoint: _2052_ (rising edge-triggered flip-flop clocked by clk)
Path Group: clk
Path Type: min

Fanout     Cap    Slew   Delay    Time   Description
-----------------------------------------------------------------------------
                  0.15    0.00    0.00   clock clk (rise edge)
                          0.00    0.00   clock network delay (ideal)
                  0.15    0.00    0.00 ^ _2052_/CLK (sky130_fd_sc_hd__dfxtp_1)
                  0.05    0.33    0.33 v _2052_/Q (sky130_fd_sc_hd__dfxtp_1)
     4    0.01                           uart_rx_raspi_inst.bit_cnt[3] (net)
                  0.05    0.00    0.33 v _1418_/A1_N (sky130_fd_sc_hd__o2bb2a_1)
                  0.05    0.22    0.56 ^ _1418_/X (sky130_fd_sc_hd__o2bb2a_1)
     1    0.00                           _0325_ (net)
                  0.05    0.00    0.56 ^ _1419_/B (sky130_fd_sc_hd__nor2_1)
                  0.02    0.03    0.59 v _1419_/Y (sky130_fd_sc_hd__nor2_1)
     1    0.00                           _0132_ (net)
                  0.02    0.00    0.59 v _2052_/D (sky130_fd_sc_hd__dfxtp_1)
                                  0.59   data arrival time

                  0.15    0.00    0.00   clock clk (rise edge)
                          0.00    0.00   clock network delay (ideal)
                          0.25    0.25   clock uncertainty
                          0.00    0.25   clock reconvergence pessimism
                                  0.25 ^ _2052_/CLK (sky130_fd_sc_hd__dfxtp_1)
                         -0.02    0.23   library hold time
                                  0.23   data required time
-----------------------------------------------------------------------------
                                  0.23   data required time
                                 -0.59   data arrival time
-----------------------------------------------------------------------------
                                  0.36   slack (MET)


Startpoint: _2138_ (rising edge-triggered flip-flop clocked by clk)
Endpoint: _2138_ (rising edge-triggered flip-flop clocked by clk)
Path Group: clk
Path Type: min

Fanout     Cap    Slew   Delay    Time   Description
-----------------------------------------------------------------------------
                  0.15    0.00    0.00   clock clk (rise edge)
                          0.00    0.00   clock network delay (ideal)
                  0.15    0.00    0.00 ^ _2138_/CLK (sky130_fd_sc_hd__dfxtp_1)
                  0.05    0.33    0.33 v _2138_/Q (sky130_fd_sc_hd__dfxtp_1)
     4    0.01                           uart_rx_jetson_inst.prescale_reg[10] (net)
                  0.05    0.00    0.33 v _1723_/B1 (sky130_fd_sc_hd__o21a_1)
                  0.03    0.09    0.43 v _1723_/X (sky130_fd_sc_hd__o21a_1)
     1    0.00                           _0544_ (net)
                  0.03    0.00    0.43 v _1724_/A2 (sky130_fd_sc_hd__o21ai_1)
                  0.08    0.10    0.53 ^ _1724_/Y (sky130_fd_sc_hd__o21ai_1)
     1    0.00                           _0545_ (net)
                  0.08    0.00    0.53 ^ _1725_/A2 (sky130_fd_sc_hd__a21oi_1)
                  0.04    0.06    0.59 v _1725_/Y (sky130_fd_sc_hd__a21oi_1)
     1    0.00                           _0218_ (net)
                  0.04    0.00    0.59 v _2138_/D (sky130_fd_sc_hd__dfxtp_1)
                                  0.59   data arrival time

                  0.15    0.00    0.00   clock clk (rise edge)
                          0.00    0.00   clock network delay (ideal)
                          0.25    0.25   clock uncertainty
                          0.00    0.25   clock reconvergence pessimism
                                  0.25 ^ _2138_/CLK (sky130_fd_sc_hd__dfxtp_1)
                         -0.03    0.22   library hold time
                                  0.22   data required time
-----------------------------------------------------------------------------
                                  0.22   data required time
                                 -0.59   data arrival time
-----------------------------------------------------------------------------
                                  0.36   slack (MET)


Startpoint: _2191_ (rising edge-triggered flip-flop clocked by clk)
Endpoint: _2191_ (rising edge-triggered flip-flop clocked by clk)
Path Group: clk
Path Type: min

Fanout     Cap    Slew   Delay    Time   Description
-----------------------------------------------------------------------------
                  0.15    0.00    0.00   clock clk (rise edge)
                          0.00    0.00   clock network delay (ideal)
                  0.15    0.00    0.00 ^ _2191_/CLK (sky130_fd_sc_hd__dfxtp_1)
                  0.04    0.32    0.32 v _2191_/Q (sky130_fd_sc_hd__dfxtp_1)
     3    0.01                           uart_tx_raspi_inst.prescale_reg[5] (net)
                  0.04    0.00    0.32 v _1835_/B1 (sky130_fd_sc_hd__o21ai_1)
                  0.07    0.06    0.38 ^ _1835_/Y (sky130_fd_sc_hd__o21ai_1)
     1    0.00                           _0603_ (net)
                  0.07    0.00    0.38 ^ _1836_/A2 (sky130_fd_sc_hd__a21oi_1)
                  0.04    0.06    0.45 v _1836_/Y (sky130_fd_sc_hd__a21oi_1)
     1    0.00                           _0604_ (net)
                  0.04    0.00    0.45 v _1837_/A2 (sky130_fd_sc_hd__o21a_1)
                  0.03    0.15    0.59 v _1837_/X (sky130_fd_sc_hd__o21a_1)
     1    0.00                           _0271_ (net)
                  0.03    0.00    0.59 v _2191_/D (sky130_fd_sc_hd__dfxtp_1)
                                  0.59   data arrival time

                  0.15    0.00    0.00   clock clk (rise edge)
                          0.00    0.00   clock network delay (ideal)
                          0.25    0.25   clock uncertainty
                          0.00    0.25   clock reconvergence pessimism
                                  0.25 ^ _2191_/CLK (sky130_fd_sc_hd__dfxtp_1)
                         -0.02    0.23   library hold time
                                  0.23   data required time
-----------------------------------------------------------------------------
                                  0.23   data required time
                                 -0.59   data arrival time
-----------------------------------------------------------------------------
                                  0.37   slack (MET)


Startpoint: _2188_ (rising edge-triggered flip-flop clocked by clk)
Endpoint: _2188_ (rising edge-triggered flip-flop clocked by clk)
Path Group: clk
Path Type: min

Fanout     Cap    Slew   Delay    Time   Description
-----------------------------------------------------------------------------
                  0.15    0.00    0.00   clock clk (rise edge)
                          0.00    0.00   clock network delay (ideal)
                  0.15    0.00    0.00 ^ _2188_/CLK (sky130_fd_sc_hd__dfxtp_1)
                  0.04    0.32    0.32 v _2188_/Q (sky130_fd_sc_hd__dfxtp_1)
     3    0.01                           uart_tx_raspi_inst.prescale_reg[2] (net)
                  0.04    0.00    0.32 v _1823_/B1 (sky130_fd_sc_hd__o21ai_1)
                  0.07    0.06    0.38 ^ _1823_/Y (sky130_fd_sc_hd__o21ai_1)
     1    0.00                           _0594_ (net)
                  0.07    0.00    0.38 ^ _1824_/A2 (sky130_fd_sc_hd__a21oi_1)
                  0.04    0.06    0.45 v _1824_/Y (sky130_fd_sc_hd__a21oi_1)
     1    0.00                           _0595_ (net)
                  0.04    0.00    0.45 v _1826_/A2 (sky130_fd_sc_hd__o21a_1)
                  0.03    0.15    0.60 v _1826_/X (sky130_fd_sc_hd__o21a_1)
     1    0.00                           _0268_ (net)
                  0.03    0.00    0.60 v _2188_/D (sky130_fd_sc_hd__dfxtp_1)
                                  0.60   data arrival time

                  0.15    0.00    0.00   clock clk (rise edge)
                          0.00    0.00   clock network delay (ideal)
                          0.25    0.25   clock uncertainty
                          0.00    0.25   clock reconvergence pessimism
                                  0.25 ^ _2188_/CLK (sky130_fd_sc_hd__dfxtp_1)
                         -0.02    0.23   library hold time
                                  0.23   data required time
-----------------------------------------------------------------------------
                                  0.23   data required time
                                 -0.60   data arrival time
-----------------------------------------------------------------------------
                                  0.37   slack (MET)


Startpoint: _2127_ (rising edge-triggered flip-flop clocked by clk)
Endpoint: _2127_ (rising edge-triggered flip-flop clocked by clk)
Path Group: clk
Path Type: min

Fanout     Cap    Slew   Delay    Time   Description
-----------------------------------------------------------------------------
                  0.15    0.00    0.00   clock clk (rise edge)
                          0.00    0.00   clock network delay (ideal)
                  0.15    0.00    0.00 ^ _2127_/CLK (sky130_fd_sc_hd__dfxtp_1)
                  0.06    0.34    0.34 v _2127_/Q (sky130_fd_sc_hd__dfxtp_1)
     4    0.01                           uart_rx_jetson_inst.bit_cnt[3] (net)
                  0.06    0.00    0.34 v _1684_/A1_N (sky130_fd_sc_hd__o2bb2a_1)
                  0.05    0.23    0.57 ^ _1684_/X (sky130_fd_sc_hd__o2bb2a_1)
     1    0.00                           _0516_ (net)
                  0.05    0.00    0.57 ^ _1685_/B (sky130_fd_sc_hd__nor2_1)
                  0.02    0.03    0.60 v _1685_/Y (sky130_fd_sc_hd__nor2_1)
     1    0.00                           _0207_ (net)
                  0.02    0.00    0.60 v _2127_/D (sky130_fd_sc_hd__dfxtp_1)
                                  0.60   data arrival time

                  0.15    0.00    0.00   clock clk (rise edge)
                          0.00    0.00   clock network delay (ideal)
                          0.25    0.25   clock uncertainty
                          0.00    0.25   clock reconvergence pessimism
                                  0.25 ^ _2127_/CLK (sky130_fd_sc_hd__dfxtp_1)
                         -0.02    0.23   library hold time
                                  0.23   data required time
-----------------------------------------------------------------------------
                                  0.23   data required time
                                 -0.60   data arrival time
-----------------------------------------------------------------------------
                                  0.37   slack (MET)


Startpoint: _2063_ (rising edge-triggered flip-flop clocked by clk)
Endpoint: _2063_ (rising edge-triggered flip-flop clocked by clk)
Path Group: clk
Path Type: min

Fanout     Cap    Slew   Delay    Time   Description
-----------------------------------------------------------------------------
                  0.15    0.00    0.00   clock clk (rise edge)
                          0.00    0.00   clock network delay (ideal)
                  0.15    0.00    0.00 ^ _2063_/CLK (sky130_fd_sc_hd__dfxtp_1)
                  0.05    0.34    0.34 v _2063_/Q (sky130_fd_sc_hd__dfxtp_1)
     4    0.01                           uart_rx_raspi_inst.prescale_reg[10] (net)
                  0.05    0.00    0.34 v _1457_/B1 (sky130_fd_sc_hd__o21a_1)
                  0.03    0.09    0.43 v _1457_/X (sky130_fd_sc_hd__o21a_1)
     1    0.00                           _0353_ (net)
                  0.03    0.00    0.43 v _1458_/A2 (sky130_fd_sc_hd__o21ai_1)
                  0.08    0.10    0.53 ^ _1458_/Y (sky130_fd_sc_hd__o21ai_1)
     1    0.00                           _0354_ (net)
                  0.08    0.00    0.53 ^ _1459_/A2 (sky130_fd_sc_hd__a21oi_1)
                  0.04    0.06    0.59 v _1459_/Y (sky130_fd_sc_hd__a21oi_1)
     1    0.00                           _0143_ (net)
                  0.04    0.00    0.59 v _2063_/D (sky130_fd_sc_hd__dfxtp_1)
                                  0.59   data arrival time

                  0.15    0.00    0.00   clock clk (rise edge)
                          0.00    0.00   clock network delay (ideal)
                          0.25    0.25   clock uncertainty
                          0.00    0.25   clock reconvergence pessimism
                                  0.25 ^ _2063_/CLK (sky130_fd_sc_hd__dfxtp_1)
                         -0.03    0.22   library hold time
                                  0.22   data required time
-----------------------------------------------------------------------------
                                  0.22   data required time
                                 -0.59   data arrival time
-----------------------------------------------------------------------------
                                  0.37   slack (MET)


Startpoint: _2221_ (rising edge-triggered flip-flop clocked by clk)
Endpoint: _2221_ (rising edge-triggered flip-flop clocked by clk)
Path Group: clk
Path Type: min

Fanout     Cap    Slew   Delay    Time   Description
-----------------------------------------------------------------------------
                  0.15    0.00    0.00   clock clk (rise edge)
                          0.00    0.00   clock network delay (ideal)
                  0.15    0.00    0.00 ^ _2221_/CLK (sky130_fd_sc_hd__dfrtp_1)
                  0.11    0.38    0.38 ^ _2221_/Q (sky130_fd_sc_hd__dfrtp_1)
     4    0.01                           dual_watchdog_inst.watchdog_fc.falling_edge_timeout.internal_count[12] (net)
                  0.11    0.00    0.38 ^ _1122_/A (sky130_fd_sc_hd__inv_2)
                  0.03    0.05    0.43 v _1122_/Y (sky130_fd_sc_hd__inv_2)
     3    0.01                           _0797_ (net)
                  0.03    0.00    0.43 v _1180_/A (sky130_fd_sc_hd__nand2_1)
                  0.04    0.05    0.48 ^ _1180_/Y (sky130_fd_sc_hd__nand2_1)
     1    0.00                           _0842_ (net)
                  0.04    0.00    0.48 ^ _1181_/B1 (sky130_fd_sc_hd__o211a_1)
                  0.04    0.12    0.60 ^ _1181_/X (sky130_fd_sc_hd__o211a_1)
     1    0.00                           _0006_ (net)
                  0.04    0.00    0.60 ^ _2221_/D (sky130_fd_sc_hd__dfrtp_1)
                                  0.60   data arrival time

                  0.15    0.00    0.00   clock clk (rise edge)
                          0.00    0.00   clock network delay (ideal)
                          0.25    0.25   clock uncertainty
                          0.00    0.25   clock reconvergence pessimism
                                  0.25 ^ _2221_/CLK (sky130_fd_sc_hd__dfrtp_1)
                         -0.02    0.23   library hold time
                                  0.23   data required time
-----------------------------------------------------------------------------
                                  0.23   data required time
                                 -0.60   data arrival time
-----------------------------------------------------------------------------
                                  0.37   slack (MET)


Startpoint: _2116_ (rising edge-triggered flip-flop clocked by clk)
Endpoint: _2116_ (rising edge-triggered flip-flop clocked by clk)
Path Group: clk
Path Type: min

Fanout     Cap    Slew   Delay    Time   Description
-----------------------------------------------------------------------------
                  0.15    0.00    0.00   clock clk (rise edge)
                          0.00    0.00   clock network delay (ideal)
                  0.15    0.00    0.00 ^ _2116_/CLK (sky130_fd_sc_hd__dfxtp_1)
                  0.06    0.33    0.33 ^ _2116_/Q (sky130_fd_sc_hd__dfxtp_1)
     2    0.00                           uart_rx_jetson_inst.m_axis_tdata_reg[0] (net)
                  0.06    0.00    0.33 ^ _1637_/A0 (sky130_fd_sc_hd__mux2_1)
                  0.04    0.11    0.44 ^ _1637_/X (sky130_fd_sc_hd__mux2_1)
     1    0.00                           _0480_ (net)
                  0.04    0.00    0.44 ^ _1638_/B (sky130_fd_sc_hd__and2b_1)
                  0.04    0.10    0.54 ^ _1638_/X (sky130_fd_sc_hd__and2b_1)
     1    0.00                           _0481_ (net)
                  0.04    0.00    0.54 ^ _1639_/A (sky130_fd_sc_hd__clkbuf_1)
                  0.04    0.07    0.61 ^ _1639_/X (sky130_fd_sc_hd__clkbuf_1)
     1    0.00                           _0196_ (net)
                  0.04    0.00    0.61 ^ _2116_/D (sky130_fd_sc_hd__dfxtp_1)
                                  0.61   data arrival time

                  0.15    0.00    0.00   clock clk (rise edge)
                          0.00    0.00   clock network delay (ideal)
                          0.25    0.25   clock uncertainty
                          0.00    0.25   clock reconvergence pessimism
                                  0.25 ^ _2116_/CLK (sky130_fd_sc_hd__dfxtp_1)
                         -0.02    0.23   library hold time
                                  0.23   data required time
-----------------------------------------------------------------------------
                                  0.23   data required time
                                 -0.61   data arrival time
-----------------------------------------------------------------------------
                                  0.37   slack (MET)


Startpoint: _2121_ (rising edge-triggered flip-flop clocked by clk)
Endpoint: _2121_ (rising edge-triggered flip-flop clocked by clk)
Path Group: clk
Path Type: min

Fanout     Cap    Slew   Delay    Time   Description
-----------------------------------------------------------------------------
                  0.15    0.00    0.00   clock clk (rise edge)
                          0.00    0.00   clock network delay (ideal)
                  0.15    0.00    0.00 ^ _2121_/CLK (sky130_fd_sc_hd__dfxtp_1)
                  0.06    0.33    0.33 ^ _2121_/Q (sky130_fd_sc_hd__dfxtp_1)
     2    0.00                           uart_rx_jetson_inst.m_axis_tdata_reg[5] (net)
                  0.06    0.00    0.33 ^ _1652_/A0 (sky130_fd_sc_hd__mux2_1)
                  0.04    0.11    0.44 ^ _1652_/X (sky130_fd_sc_hd__mux2_1)
     1    0.00                           _0490_ (net)
                  0.04    0.00    0.44 ^ _1653_/B (sky130_fd_sc_hd__and2b_1)
                  0.04    0.10    0.54 ^ _1653_/X (sky130_fd_sc_hd__and2b_1)
     1    0.00                           _0491_ (net)
                  0.04    0.00    0.54 ^ _1654_/A (sky130_fd_sc_hd__clkbuf_1)
                  0.03    0.07    0.61 ^ _1654_/X (sky130_fd_sc_hd__clkbuf_1)
     1    0.00                           _0201_ (net)
                  0.03    0.00    0.61 ^ _2121_/D (sky130_fd_sc_hd__dfxtp_1)
                                  0.61   data arrival time

                  0.15    0.00    0.00   clock clk (rise edge)
                          0.00    0.00   clock network delay (ideal)
                          0.25    0.25   clock uncertainty
                          0.00    0.25   clock reconvergence pessimism
                                  0.25 ^ _2121_/CLK (sky130_fd_sc_hd__dfxtp_1)
                         -0.02    0.23   library hold time
                                  0.23   data required time
-----------------------------------------------------------------------------
                                  0.23   data required time
                                 -0.61   data arrival time
-----------------------------------------------------------------------------
                                  0.37   slack (MET)


Startpoint: _2123_ (rising edge-triggered flip-flop clocked by clk)
Endpoint: _2123_ (rising edge-triggered flip-flop clocked by clk)
Path Group: clk
Path Type: min

Fanout     Cap    Slew   Delay    Time   Description
-----------------------------------------------------------------------------
                  0.15    0.00    0.00   clock clk (rise edge)
                          0.00    0.00   clock network delay (ideal)
                  0.15    0.00    0.00 ^ _2123_/CLK (sky130_fd_sc_hd__dfxtp_1)
                  0.06    0.33    0.33 ^ _2123_/Q (sky130_fd_sc_hd__dfxtp_1)
     2    0.00                           uart_rx_jetson_inst.m_axis_tdata_reg[7] (net)
                  0.06    0.00    0.33 ^ _1658_/A0 (sky130_fd_sc_hd__mux2_1)
                  0.04    0.11    0.44 ^ _1658_/X (sky130_fd_sc_hd__mux2_1)
     1    0.00                           _0494_ (net)
                  0.04    0.00    0.44 ^ _1659_/B (sky130_fd_sc_hd__and2b_1)
                  0.04    0.10    0.54 ^ _1659_/X (sky130_fd_sc_hd__and2b_1)
     1    0.00                           _0495_ (net)
                  0.04    0.00    0.54 ^ _1660_/A (sky130_fd_sc_hd__clkbuf_1)
                  0.04    0.07    0.61 ^ _1660_/X (sky130_fd_sc_hd__clkbuf_1)
     1    0.00                           _0203_ (net)
                  0.04    0.00    0.61 ^ _2123_/D (sky130_fd_sc_hd__dfxtp_1)
                                  0.61   data arrival time

                  0.15    0.00    0.00   clock clk (rise edge)
                          0.00    0.00   clock network delay (ideal)
                          0.25    0.25   clock uncertainty
                          0.00    0.25   clock reconvergence pessimism
                                  0.25 ^ _2123_/CLK (sky130_fd_sc_hd__dfxtp_1)
                         -0.02    0.23   library hold time
                                  0.23   data required time
-----------------------------------------------------------------------------
                                  0.23   data required time
                                 -0.61   data arrival time
-----------------------------------------------------------------------------
                                  0.38   slack (MET)


Startpoint: _2108_ (rising edge-triggered flip-flop clocked by clk)
Endpoint: _2041_ (rising edge-triggered flip-flop clocked by clk)
Path Group: clk
Path Type: min

Fanout     Cap    Slew   Delay    Time   Description
-----------------------------------------------------------------------------
                  0.15    0.00    0.00   clock clk (rise edge)
                          0.00    0.00   clock network delay (ideal)
                  0.15    0.00    0.00 ^ _2108_/CLK (sky130_fd_sc_hd__dfxtp_1)
                  0.06    0.33    0.33 ^ _2108_/Q (sky130_fd_sc_hd__dfxtp_1)
     2    0.00                           uart_rx_raspi_inst.data_reg[0] (net)
                  0.06    0.00    0.33 ^ _1369_/A0 (sky130_fd_sc_hd__mux2_1)
                  0.04    0.11    0.44 ^ _1369_/X (sky130_fd_sc_hd__mux2_1)
     1    0.00                           _0978_ (net)
                  0.04    0.00    0.44 ^ _1370_/B (sky130_fd_sc_hd__and2b_1)
                  0.04    0.10    0.54 ^ _1370_/X (sky130_fd_sc_hd__and2b_1)
     1    0.00                           _0979_ (net)
                  0.04    0.00    0.54 ^ _1371_/A (sky130_fd_sc_hd__clkbuf_1)
                  0.03    0.07    0.61 ^ _1371_/X (sky130_fd_sc_hd__clkbuf_1)
     1    0.00                           _0121_ (net)
                  0.03    0.00    0.61 ^ _2041_/D (sky130_fd_sc_hd__dfxtp_1)
                                  0.61   data arrival time

                  0.15    0.00    0.00   clock clk (rise edge)
                          0.00    0.00   clock network delay (ideal)
                          0.25    0.25   clock uncertainty
                          0.00    0.25   clock reconvergence pessimism
                                  0.25 ^ _2041_/CLK (sky130_fd_sc_hd__dfxtp_1)
                         -0.02    0.23   library hold time
                                  0.23   data required time
-----------------------------------------------------------------------------
                                  0.23   data required time
                                 -0.61   data arrival time
-----------------------------------------------------------------------------
                                  0.38   slack (MET)


Startpoint: _2046_ (rising edge-triggered flip-flop clocked by clk)
Endpoint: _2046_ (rising edge-triggered flip-flop clocked by clk)
Path Group: clk
Path Type: min

Fanout     Cap    Slew   Delay    Time   Description
-----------------------------------------------------------------------------
                  0.15    0.00    0.00   clock clk (rise edge)
                          0.00    0.00   clock network delay (ideal)
                  0.15    0.00    0.00 ^ _2046_/CLK (sky130_fd_sc_hd__dfxtp_1)
                  0.06    0.33    0.33 ^ _2046_/Q (sky130_fd_sc_hd__dfxtp_1)
     2    0.00                           uart_rx_raspi_inst.m_axis_tdata_reg[5] (net)
                  0.06    0.00    0.33 ^ _1385_/A1 (sky130_fd_sc_hd__mux2_1)
                  0.04    0.11    0.44 ^ _1385_/X (sky130_fd_sc_hd__mux2_1)
     1    0.00                           _0989_ (net)
                  0.04    0.00    0.44 ^ _1386_/B (sky130_fd_sc_hd__and2b_1)
                  0.04    0.10    0.54 ^ _1386_/X (sky130_fd_sc_hd__and2b_1)
     1    0.00                           _0990_ (net)
                  0.04    0.00    0.54 ^ _1387_/A (sky130_fd_sc_hd__clkbuf_1)
                  0.04    0.07    0.61 ^ _1387_/X (sky130_fd_sc_hd__clkbuf_1)
     1    0.00                           _0126_ (net)
                  0.04    0.00    0.61 ^ _2046_/D (sky130_fd_sc_hd__dfxtp_1)
                                  0.61   data arrival time

                  0.15    0.00    0.00   clock clk (rise edge)
                          0.00    0.00   clock network delay (ideal)
                          0.25    0.25   clock uncertainty
                          0.00    0.25   clock reconvergence pessimism
                                  0.25 ^ _2046_/CLK (sky130_fd_sc_hd__dfxtp_1)
                         -0.02    0.23   library hold time
                                  0.23   data required time
-----------------------------------------------------------------------------
                                  0.23   data required time
                                 -0.61   data arrival time
-----------------------------------------------------------------------------
                                  0.38   slack (MET)


Startpoint: _2042_ (rising edge-triggered flip-flop clocked by clk)
Endpoint: _2042_ (rising edge-triggered flip-flop clocked by clk)
Path Group: clk
Path Type: min

Fanout     Cap    Slew   Delay    Time   Description
-----------------------------------------------------------------------------
                  0.15    0.00    0.00   clock clk (rise edge)
                          0.00    0.00   clock network delay (ideal)
                  0.15    0.00    0.00 ^ _2042_/CLK (sky130_fd_sc_hd__dfxtp_1)
                  0.06    0.33    0.33 ^ _2042_/Q (sky130_fd_sc_hd__dfxtp_1)
     2    0.00                           uart_rx_raspi_inst.m_axis_tdata_reg[1] (net)
                  0.06    0.00    0.33 ^ _1372_/A1 (sky130_fd_sc_hd__mux2_1)
                  0.04    0.11    0.44 ^ _1372_/X (sky130_fd_sc_hd__mux2_1)
     1    0.00                           _0980_ (net)
                  0.04    0.00    0.44 ^ _1373_/B (sky130_fd_sc_hd__and2b_1)
                  0.04    0.10    0.54 ^ _1373_/X (sky130_fd_sc_hd__and2b_1)
     1    0.00                           _0981_ (net)
                  0.04    0.00    0.54 ^ _1374_/A (sky130_fd_sc_hd__clkbuf_1)
                  0.04    0.07    0.61 ^ _1374_/X (sky130_fd_sc_hd__clkbuf_1)
     1    0.00                           _0122_ (net)
                  0.04    0.00    0.61 ^ _2042_/D (sky130_fd_sc_hd__dfxtp_1)
                                  0.61   data arrival time

                  0.15    0.00    0.00   clock clk (rise edge)
                          0.00    0.00   clock network delay (ideal)
                          0.25    0.25   clock uncertainty
                          0.00    0.25   clock reconvergence pessimism
                                  0.25 ^ _2042_/CLK (sky130_fd_sc_hd__dfxtp_1)
                         -0.02    0.23   library hold time
                                  0.23   data required time
-----------------------------------------------------------------------------
                                  0.23   data required time
                                 -0.61   data arrival time
-----------------------------------------------------------------------------
                                  0.38   slack (MET)


Startpoint: _2117_ (rising edge-triggered flip-flop clocked by clk)
Endpoint: _2117_ (rising edge-triggered flip-flop clocked by clk)
Path Group: clk
Path Type: min

Fanout     Cap    Slew   Delay    Time   Description
-----------------------------------------------------------------------------
                  0.15    0.00    0.00   clock clk (rise edge)
                          0.00    0.00   clock network delay (ideal)
                  0.15    0.00    0.00 ^ _2117_/CLK (sky130_fd_sc_hd__dfxtp_1)
                  0.06    0.33    0.33 ^ _2117_/Q (sky130_fd_sc_hd__dfxtp_1)
     2    0.00                           uart_rx_jetson_inst.m_axis_tdata_reg[1] (net)
                  0.06    0.00    0.33 ^ _1640_/A0 (sky130_fd_sc_hd__mux2_1)
                  0.04    0.11    0.44 ^ _1640_/X (sky130_fd_sc_hd__mux2_1)
     1    0.00                           _0482_ (net)
                  0.04    0.00    0.44 ^ _1641_/B (sky130_fd_sc_hd__and2b_1)
                  0.04    0.10    0.54 ^ _1641_/X (sky130_fd_sc_hd__and2b_1)
     1    0.00                           _0483_ (net)
                  0.04    0.00    0.54 ^ _1642_/A (sky130_fd_sc_hd__clkbuf_1)
                  0.04    0.07    0.61 ^ _1642_/X (sky130_fd_sc_hd__clkbuf_1)
     1    0.00                           _0197_ (net)
                  0.04    0.00    0.61 ^ _2117_/D (sky130_fd_sc_hd__dfxtp_1)
                                  0.61   data arrival time

                  0.15    0.00    0.00   clock clk (rise edge)
                          0.00    0.00   clock network delay (ideal)
                          0.25    0.25   clock uncertainty
                          0.00    0.25   clock reconvergence pessimism
                                  0.25 ^ _2117_/CLK (sky130_fd_sc_hd__dfxtp_1)
                         -0.02    0.23   library hold time
                                  0.23   data required time
-----------------------------------------------------------------------------
                                  0.23   data required time
                                 -0.61   data arrival time
-----------------------------------------------------------------------------
                                  0.38   slack (MET)


Startpoint: _2119_ (rising edge-triggered flip-flop clocked by clk)
Endpoint: _2119_ (rising edge-triggered flip-flop clocked by clk)
Path Group: clk
Path Type: min

Fanout     Cap    Slew   Delay    Time   Description
-----------------------------------------------------------------------------
                  0.15    0.00    0.00   clock clk (rise edge)
                          0.00    0.00   clock network delay (ideal)
                  0.15    0.00    0.00 ^ _2119_/CLK (sky130_fd_sc_hd__dfxtp_1)
                  0.06    0.33    0.33 ^ _2119_/Q (sky130_fd_sc_hd__dfxtp_1)
     2    0.01                           uart_rx_jetson_inst.m_axis_tdata_reg[3] (net)
                  0.06    0.00    0.33 ^ _1646_/A0 (sky130_fd_sc_hd__mux2_1)
                  0.04    0.11    0.44 ^ _1646_/X (sky130_fd_sc_hd__mux2_1)
     1    0.00                           _0486_ (net)
                  0.04    0.00    0.44 ^ _1647_/B (sky130_fd_sc_hd__and2b_1)
                  0.04    0.10    0.54 ^ _1647_/X (sky130_fd_sc_hd__and2b_1)
     1    0.00                           _0487_ (net)
                  0.04    0.00    0.54 ^ _1648_/A (sky130_fd_sc_hd__clkbuf_1)
                  0.04    0.07    0.61 ^ _1648_/X (sky130_fd_sc_hd__clkbuf_1)
     1    0.00                           _0199_ (net)
                  0.04    0.00    0.61 ^ _2119_/D (sky130_fd_sc_hd__dfxtp_1)
                                  0.61   data arrival time

                  0.15    0.00    0.00   clock clk (rise edge)
                          0.00    0.00   clock network delay (ideal)
                          0.25    0.25   clock uncertainty
                          0.00    0.25   clock reconvergence pessimism
                                  0.25 ^ _2119_/CLK (sky130_fd_sc_hd__dfxtp_1)
                         -0.02    0.23   library hold time
                                  0.23   data required time
-----------------------------------------------------------------------------
                                  0.23   data required time
                                 -0.61   data arrival time
-----------------------------------------------------------------------------
                                  0.38   slack (MET)


Startpoint: _2169_ (rising edge-triggered flip-flop clocked by clk)
Endpoint: _2169_ (rising edge-triggered flip-flop clocked by clk)
Path Group: clk
Path Type: min

Fanout     Cap    Slew   Delay    Time   Description
-----------------------------------------------------------------------------
                  0.15    0.00    0.00   clock clk (rise edge)
                          0.00    0.00   clock network delay (ideal)
                  0.15    0.00    0.00 ^ _2169_/CLK (sky130_fd_sc_hd__dfrtp_1)
                  0.09    0.37    0.37 ^ _2169_/Q (sky130_fd_sc_hd__dfrtp_1)
     4    0.01                           dual_watchdog_inst.watchdog_fc.rising_edge_timeout.assert_time[22] (net)
                  0.09    0.00    0.37 ^ _1062_/A (sky130_fd_sc_hd__and4_1)
                  0.08    0.19    0.56 ^ _1062_/X (sky130_fd_sc_hd__and4_1)
     2    0.01                           _0761_ (net)
                  0.08    0.00    0.56 ^ _1065_/B (sky130_fd_sc_hd__nor3b_1)
                  0.03    0.05    0.61 v _1065_/Y (sky130_fd_sc_hd__nor3b_1)
     1    0.00                           _0249_ (net)
                  0.03    0.00    0.61 v _2169_/D (sky130_fd_sc_hd__dfrtp_1)
                                  0.61   data arrival time

                  0.15    0.00    0.00   clock clk (rise edge)
                          0.00    0.00   clock network delay (ideal)
                          0.25    0.25   clock uncertainty
                          0.00    0.25   clock reconvergence pessimism
                                  0.25 ^ _2169_/CLK (sky130_fd_sc_hd__dfrtp_1)
                         -0.02    0.23   library hold time
                                  0.23   data required time
-----------------------------------------------------------------------------
                                  0.23   data required time
                                 -0.61   data arrival time
-----------------------------------------------------------------------------
                                  0.38   slack (MET)


Startpoint: _2047_ (rising edge-triggered flip-flop clocked by clk)
Endpoint: _2047_ (rising edge-triggered flip-flop clocked by clk)
Path Group: clk
Path Type: min

Fanout     Cap    Slew   Delay    Time   Description
-----------------------------------------------------------------------------
                  0.15    0.00    0.00   clock clk (rise edge)
                          0.00    0.00   clock network delay (ideal)
                  0.15    0.00    0.00 ^ _2047_/CLK (sky130_fd_sc_hd__dfxtp_1)
                  0.06    0.33    0.33 ^ _2047_/Q (sky130_fd_sc_hd__dfxtp_1)
     2    0.00                           uart_rx_raspi_inst.m_axis_tdata_reg[6] (net)
                  0.06    0.00    0.33 ^ _1388_/A1 (sky130_fd_sc_hd__mux2_1)
                  0.04    0.11    0.44 ^ _1388_/X (sky130_fd_sc_hd__mux2_1)
     1    0.00                           _0991_ (net)
                  0.04    0.00    0.44 ^ _1389_/B (sky130_fd_sc_hd__and2b_1)
                  0.04    0.10    0.54 ^ _1389_/X (sky130_fd_sc_hd__and2b_1)
     1    0.00                           _0992_ (net)
                  0.04    0.00    0.54 ^ _1390_/A (sky130_fd_sc_hd__clkbuf_1)
                  0.04    0.07    0.61 ^ _1390_/X (sky130_fd_sc_hd__clkbuf_1)
     1    0.00                           _0127_ (net)
                  0.04    0.00    0.61 ^ _2047_/D (sky130_fd_sc_hd__dfxtp_1)
                                  0.61   data arrival time

                  0.15    0.00    0.00   clock clk (rise edge)
                          0.00    0.00   clock network delay (ideal)
                          0.25    0.25   clock uncertainty
                          0.00    0.25   clock reconvergence pessimism
                                  0.25 ^ _2047_/CLK (sky130_fd_sc_hd__dfxtp_1)
                         -0.02    0.23   library hold time
                                  0.23   data required time
-----------------------------------------------------------------------------
                                  0.23   data required time
                                 -0.61   data arrival time
-----------------------------------------------------------------------------
                                  0.38   slack (MET)


Startpoint: _2120_ (rising edge-triggered flip-flop clocked by clk)
Endpoint: _2120_ (rising edge-triggered flip-flop clocked by clk)
Path Group: clk
Path Type: min

Fanout     Cap    Slew   Delay    Time   Description
-----------------------------------------------------------------------------
                  0.15    0.00    0.00   clock clk (rise edge)
                          0.00    0.00   clock network delay (ideal)
                  0.15    0.00    0.00 ^ _2120_/CLK (sky130_fd_sc_hd__dfxtp_1)
                  0.06    0.33    0.33 ^ _2120_/Q (sky130_fd_sc_hd__dfxtp_1)
     2    0.00                           uart_rx_jetson_inst.m_axis_tdata_reg[4] (net)
                  0.06    0.00    0.33 ^ _1649_/A0 (sky130_fd_sc_hd__mux2_1)
                  0.04    0.11    0.44 ^ _1649_/X (sky130_fd_sc_hd__mux2_1)
     1    0.00                           _0488_ (net)
                  0.04    0.00    0.44 ^ _1650_/B (sky130_fd_sc_hd__and2b_1)
                  0.04    0.10    0.54 ^ _1650_/X (sky130_fd_sc_hd__and2b_1)
     1    0.00                           _0489_ (net)
                  0.04    0.00    0.54 ^ _1651_/A (sky130_fd_sc_hd__clkbuf_1)
                  0.04    0.07    0.61 ^ _1651_/X (sky130_fd_sc_hd__clkbuf_1)
     1    0.00                           _0200_ (net)
                  0.04    0.00    0.61 ^ _2120_/D (sky130_fd_sc_hd__dfxtp_1)
                                  0.61   data arrival time

                  0.15    0.00    0.00   clock clk (rise edge)
                          0.00    0.00   clock network delay (ideal)
                          0.25    0.25   clock uncertainty
                          0.00    0.25   clock reconvergence pessimism
                                  0.25 ^ _2120_/CLK (sky130_fd_sc_hd__dfxtp_1)
                         -0.02    0.23   library hold time
                                  0.23   data required time
-----------------------------------------------------------------------------
                                  0.23   data required time
                                 -0.61   data arrival time
-----------------------------------------------------------------------------
                                  0.38   slack (MET)


Startpoint: _2118_ (rising edge-triggered flip-flop clocked by clk)
Endpoint: _2118_ (rising edge-triggered flip-flop clocked by clk)
Path Group: clk
Path Type: min

Fanout     Cap    Slew   Delay    Time   Description
-----------------------------------------------------------------------------
                  0.15    0.00    0.00   clock clk (rise edge)
                          0.00    0.00   clock network delay (ideal)
                  0.15    0.00    0.00 ^ _2118_/CLK (sky130_fd_sc_hd__dfxtp_1)
                  0.06    0.34    0.34 ^ _2118_/Q (sky130_fd_sc_hd__dfxtp_1)
     2    0.01                           uart_rx_jetson_inst.m_axis_tdata_reg[2] (net)
                  0.06    0.00    0.34 ^ _1643_/A0 (sky130_fd_sc_hd__mux2_1)
                  0.04    0.11    0.44 ^ _1643_/X (sky130_fd_sc_hd__mux2_1)
     1    0.00                           _0484_ (net)
                  0.04    0.00    0.44 ^ _1644_/B (sky130_fd_sc_hd__and2b_1)
                  0.04    0.10    0.54 ^ _1644_/X (sky130_fd_sc_hd__and2b_1)
     1    0.00                           _0485_ (net)
                  0.04    0.00    0.54 ^ _1645_/A (sky130_fd_sc_hd__clkbuf_1)
                  0.04    0.07    0.61 ^ _1645_/X (sky130_fd_sc_hd__clkbuf_1)
     1    0.00                           _0198_ (net)
                  0.04    0.00    0.61 ^ _2118_/D (sky130_fd_sc_hd__dfxtp_1)
                                  0.61   data arrival time

                  0.15    0.00    0.00   clock clk (rise edge)
                          0.00    0.00   clock network delay (ideal)
                          0.25    0.25   clock uncertainty
                          0.00    0.25   clock reconvergence pessimism
                                  0.25 ^ _2118_/CLK (sky130_fd_sc_hd__dfxtp_1)
                         -0.02    0.23   library hold time
                                  0.23   data required time
-----------------------------------------------------------------------------
                                  0.23   data required time
                                 -0.61   data arrival time
-----------------------------------------------------------------------------
                                  0.38   slack (MET)


Startpoint: _2044_ (rising edge-triggered flip-flop clocked by clk)
Endpoint: _2044_ (rising edge-triggered flip-flop clocked by clk)
Path Group: clk
Path Type: min

Fanout     Cap    Slew   Delay    Time   Description
-----------------------------------------------------------------------------
                  0.15    0.00    0.00   clock clk (rise edge)
                          0.00    0.00   clock network delay (ideal)
                  0.15    0.00    0.00 ^ _2044_/CLK (sky130_fd_sc_hd__dfxtp_1)
                  0.06    0.33    0.33 ^ _2044_/Q (sky130_fd_sc_hd__dfxtp_1)
     2    0.00                           uart_rx_raspi_inst.m_axis_tdata_reg[3] (net)
                  0.06    0.00    0.33 ^ _1378_/A1 (sky130_fd_sc_hd__mux2_1)
                  0.04    0.11    0.44 ^ _1378_/X (sky130_fd_sc_hd__mux2_1)
     1    0.00                           _0984_ (net)
                  0.04    0.00    0.44 ^ _1379_/B (sky130_fd_sc_hd__and2b_1)
                  0.04    0.10    0.55 ^ _1379_/X (sky130_fd_sc_hd__and2b_1)
     1    0.00                           _0985_ (net)
                  0.04    0.00    0.55 ^ _1380_/A (sky130_fd_sc_hd__clkbuf_1)
                  0.04    0.07    0.62 ^ _1380_/X (sky130_fd_sc_hd__clkbuf_1)
     1    0.00                           _0124_ (net)
                  0.04    0.00    0.62 ^ _2044_/D (sky130_fd_sc_hd__dfxtp_1)
                                  0.62   data arrival time

                  0.15    0.00    0.00   clock clk (rise edge)
                          0.00    0.00   clock network delay (ideal)
                          0.25    0.25   clock uncertainty
                          0.00    0.25   clock reconvergence pessimism
                                  0.25 ^ _2044_/CLK (sky130_fd_sc_hd__dfxtp_1)
                         -0.02    0.23   library hold time
                                  0.23   data required time
-----------------------------------------------------------------------------
                                  0.23   data required time
                                 -0.62   data arrival time
-----------------------------------------------------------------------------
                                  0.38   slack (MET)


Startpoint: _2048_ (rising edge-triggered flip-flop clocked by clk)
Endpoint: _2048_ (rising edge-triggered flip-flop clocked by clk)
Path Group: clk
Path Type: min

Fanout     Cap    Slew   Delay    Time   Description
-----------------------------------------------------------------------------
                  0.15    0.00    0.00   clock clk (rise edge)
                          0.00    0.00   clock network delay (ideal)
                  0.15    0.00    0.00 ^ _2048_/CLK (sky130_fd_sc_hd__dfxtp_1)
                  0.06    0.33    0.33 ^ _2048_/Q (sky130_fd_sc_hd__dfxtp_1)
     2    0.00                           uart_rx_raspi_inst.m_axis_tdata_reg[7] (net)
                  0.06    0.00    0.33 ^ _1391_/A1 (sky130_fd_sc_hd__mux2_1)
                  0.04    0.11    0.44 ^ _1391_/X (sky130_fd_sc_hd__mux2_1)
     1    0.00                           _0993_ (net)
                  0.04    0.00    0.44 ^ _1392_/B (sky130_fd_sc_hd__and2b_1)
                  0.04    0.10    0.55 ^ _1392_/X (sky130_fd_sc_hd__and2b_1)
     1    0.00                           _0994_ (net)
                  0.04    0.00    0.55 ^ _1393_/A (sky130_fd_sc_hd__clkbuf_1)
                  0.04    0.07    0.62 ^ _1393_/X (sky130_fd_sc_hd__clkbuf_1)
     1    0.00                           _0128_ (net)
                  0.04    0.00    0.62 ^ _2048_/D (sky130_fd_sc_hd__dfxtp_1)
                                  0.62   data arrival time

                  0.15    0.00    0.00   clock clk (rise edge)
                          0.00    0.00   clock network delay (ideal)
                          0.25    0.25   clock uncertainty
                          0.00    0.25   clock reconvergence pessimism
                                  0.25 ^ _2048_/CLK (sky130_fd_sc_hd__dfxtp_1)
                         -0.02    0.23   library hold time
                                  0.23   data required time
-----------------------------------------------------------------------------
                                  0.23   data required time
                                 -0.62   data arrival time
-----------------------------------------------------------------------------
                                  0.38   slack (MET)


Startpoint: _2122_ (rising edge-triggered flip-flop clocked by clk)
Endpoint: _2122_ (rising edge-triggered flip-flop clocked by clk)
Path Group: clk
Path Type: min

Fanout     Cap    Slew   Delay    Time   Description
-----------------------------------------------------------------------------
                  0.15    0.00    0.00   clock clk (rise edge)
                          0.00    0.00   clock network delay (ideal)
                  0.15    0.00    0.00 ^ _2122_/CLK (sky130_fd_sc_hd__dfxtp_1)
                  0.06    0.34    0.34 ^ _2122_/Q (sky130_fd_sc_hd__dfxtp_1)
     2    0.01                           uart_rx_jetson_inst.m_axis_tdata_reg[6] (net)
                  0.06    0.00    0.34 ^ _1655_/A0 (sky130_fd_sc_hd__mux2_1)
                  0.04    0.11    0.44 ^ _1655_/X (sky130_fd_sc_hd__mux2_1)
     1    0.00                           _0492_ (net)
                  0.04    0.00    0.44 ^ _1656_/B (sky130_fd_sc_hd__and2b_1)
                  0.04    0.10    0.55 ^ _1656_/X (sky130_fd_sc_hd__and2b_1)
     1    0.00                           _0493_ (net)
                  0.04    0.00    0.55 ^ _1657_/A (sky130_fd_sc_hd__clkbuf_1)
                  0.04    0.07    0.62 ^ _1657_/X (sky130_fd_sc_hd__clkbuf_1)
     1    0.00                           _0202_ (net)
                  0.04    0.00    0.62 ^ _2122_/D (sky130_fd_sc_hd__dfxtp_1)
                                  0.62   data arrival time

                  0.15    0.00    0.00   clock clk (rise edge)
                          0.00    0.00   clock network delay (ideal)
                          0.25    0.25   clock uncertainty
                          0.00    0.25   clock reconvergence pessimism
                                  0.25 ^ _2122_/CLK (sky130_fd_sc_hd__dfxtp_1)
                         -0.02    0.23   library hold time
                                  0.23   data required time
-----------------------------------------------------------------------------
                                  0.23   data required time
                                 -0.62   data arrival time
-----------------------------------------------------------------------------
                                  0.38   slack (MET)


Startpoint: _2045_ (rising edge-triggered flip-flop clocked by clk)
Endpoint: _2045_ (rising edge-triggered flip-flop clocked by clk)
Path Group: clk
Path Type: min

Fanout     Cap    Slew   Delay    Time   Description
-----------------------------------------------------------------------------
                  0.15    0.00    0.00   clock clk (rise edge)
                          0.00    0.00   clock network delay (ideal)
                  0.15    0.00    0.00 ^ _2045_/CLK (sky130_fd_sc_hd__dfxtp_1)
                  0.06    0.34    0.34 ^ _2045_/Q (sky130_fd_sc_hd__dfxtp_1)
     2    0.01                           uart_rx_raspi_inst.m_axis_tdata_reg[4] (net)
                  0.06    0.00    0.34 ^ _1382_/A1 (sky130_fd_sc_hd__mux2_1)
                  0.04    0.11    0.45 ^ _1382_/X (sky130_fd_sc_hd__mux2_1)
     1    0.00                           _0987_ (net)
                  0.04    0.00    0.45 ^ _1383_/B (sky130_fd_sc_hd__and2b_1)
                  0.04    0.10    0.55 ^ _1383_/X (sky130_fd_sc_hd__and2b_1)
     1    0.00                           _0988_ (net)
                  0.04    0.00    0.55 ^ _1384_/A (sky130_fd_sc_hd__clkbuf_1)
                  0.03    0.07    0.62 ^ _1384_/X (sky130_fd_sc_hd__clkbuf_1)
     1    0.00                           _0125_ (net)
                  0.03    0.00    0.62 ^ _2045_/D (sky130_fd_sc_hd__dfxtp_1)
                                  0.62   data arrival time

                  0.15    0.00    0.00   clock clk (rise edge)
                          0.00    0.00   clock network delay (ideal)
                          0.25    0.25   clock uncertainty
                          0.00    0.25   clock reconvergence pessimism
                                  0.25 ^ _2045_/CLK (sky130_fd_sc_hd__dfxtp_1)
                         -0.02    0.23   library hold time
                                  0.23   data required time
-----------------------------------------------------------------------------
                                  0.23   data required time
                                 -0.62   data arrival time
-----------------------------------------------------------------------------
                                  0.38   slack (MET)


Startpoint: _2043_ (rising edge-triggered flip-flop clocked by clk)
Endpoint: _2043_ (rising edge-triggered flip-flop clocked by clk)
Path Group: clk
Path Type: min

Fanout     Cap    Slew   Delay    Time   Description
-----------------------------------------------------------------------------
                  0.15    0.00    0.00   clock clk (rise edge)
                          0.00    0.00   clock network delay (ideal)
                  0.15    0.00    0.00 ^ _2043_/CLK (sky130_fd_sc_hd__dfxtp_1)
                  0.06    0.34    0.34 ^ _2043_/Q (sky130_fd_sc_hd__dfxtp_1)
     2    0.01                           uart_rx_raspi_inst.m_axis_tdata_reg[2] (net)
                  0.06    0.00    0.34 ^ _1375_/A1 (sky130_fd_sc_hd__mux2_1)
                  0.04    0.11    0.45 ^ _1375_/X (sky130_fd_sc_hd__mux2_1)
     1    0.00                           _0982_ (net)
                  0.04    0.00    0.45 ^ _1376_/B (sky130_fd_sc_hd__and2b_1)
                  0.04    0.10    0.55 ^ _1376_/X (sky130_fd_sc_hd__and2b_1)
     1    0.00                           _0983_ (net)
                  0.04    0.00    0.55 ^ _1377_/A (sky130_fd_sc_hd__clkbuf_1)
                  0.04    0.07    0.62 ^ _1377_/X (sky130_fd_sc_hd__clkbuf_1)
     1    0.00                           _0123_ (net)
                  0.04    0.00    0.62 ^ _2043_/D (sky130_fd_sc_hd__dfxtp_1)
                                  0.62   data arrival time

                  0.15    0.00    0.00   clock clk (rise edge)
                          0.00    0.00   clock network delay (ideal)
                          0.25    0.25   clock uncertainty
                          0.00    0.25   clock reconvergence pessimism
                                  0.25 ^ _2043_/CLK (sky130_fd_sc_hd__dfxtp_1)
                         -0.02    0.23   library hold time
                                  0.23   data required time
-----------------------------------------------------------------------------
                                  0.23   data required time
                                 -0.62   data arrival time
-----------------------------------------------------------------------------
                                  0.39   slack (MET)


Startpoint: _2230_ (rising edge-triggered flip-flop clocked by clk)
Endpoint: _2230_ (rising edge-triggered flip-flop clocked by clk)
Path Group: clk
Path Type: min

Fanout     Cap    Slew   Delay    Time   Description
-----------------------------------------------------------------------------
                  0.15    0.00    0.00   clock clk (rise edge)
                          0.00    0.00   clock network delay (ideal)
                  0.15    0.00    0.00 ^ _2230_/CLK (sky130_fd_sc_hd__dfrtp_1)
                  0.13    0.40    0.40 ^ _2230_/Q (sky130_fd_sc_hd__dfrtp_1)
     5    0.01                           dual_watchdog_inst.watchdog_fc.falling_edge_timeout.internal_count[21] (net)
                  0.13    0.00    0.40 ^ _1206_/B1 (sky130_fd_sc_hd__a21o_1)
                  0.04    0.09    0.49 ^ _1206_/X (sky130_fd_sc_hd__a21o_1)
     1    0.00                           _0859_ (net)
                  0.04    0.00    0.49 ^ _1207_/B1 (sky130_fd_sc_hd__o211a_1)
                  0.04    0.12    0.62 ^ _1207_/X (sky130_fd_sc_hd__o211a_1)
     1    0.00                           _0016_ (net)
                  0.04    0.00    0.62 ^ _2230_/D (sky130_fd_sc_hd__dfrtp_1)
                                  0.62   data arrival time

                  0.15    0.00    0.00   clock clk (rise edge)
                          0.00    0.00   clock network delay (ideal)
                          0.25    0.25   clock uncertainty
                          0.00    0.25   clock reconvergence pessimism
                                  0.25 ^ _2230_/CLK (sky130_fd_sc_hd__dfrtp_1)
                         -0.02    0.23   library hold time
                                  0.23   data required time
-----------------------------------------------------------------------------
                                  0.23   data required time
                                 -0.62   data arrival time
-----------------------------------------------------------------------------
                                  0.39   slack (MET)


Startpoint: _2258_ (rising edge-triggered flip-flop clocked by clk)
Endpoint: _2258_ (rising edge-triggered flip-flop clocked by clk)
Path Group: clk
Path Type: min

Fanout     Cap    Slew   Delay    Time   Description
-----------------------------------------------------------------------------
                  0.15    0.00    0.00   clock clk (rise edge)
                          0.00    0.00   clock network delay (ideal)
                  0.15    0.00    0.00 ^ _2258_/CLK (sky130_fd_sc_hd__dfrtp_1)
                  0.13    0.40    0.40 ^ _2258_/Q (sky130_fd_sc_hd__dfrtp_1)
     5    0.01                           dual_watchdog_inst.watchdog_fc.rising_edge_timeout.internal_count[21] (net)
                  0.13    0.00    0.40 ^ _1286_/B1 (sky130_fd_sc_hd__a21o_1)
                  0.04    0.09    0.50 ^ _1286_/X (sky130_fd_sc_hd__a21o_1)
     1    0.00                           _0912_ (net)
                  0.04    0.00    0.50 ^ _1287_/B1 (sky130_fd_sc_hd__o211a_1)
                  0.04    0.12    0.62 ^ _1287_/X (sky130_fd_sc_hd__o211a_1)
     1    0.00                           _0043_ (net)
                  0.04    0.00    0.62 ^ _2258_/D (sky130_fd_sc_hd__dfrtp_1)
                                  0.62   data arrival time

                  0.15    0.00    0.00   clock clk (rise edge)
                          0.00    0.00   clock network delay (ideal)
                          0.25    0.25   clock uncertainty
                          0.00    0.25   clock reconvergence pessimism
                                  0.25 ^ _2258_/CLK (sky130_fd_sc_hd__dfrtp_1)
                         -0.02    0.23   library hold time
                                  0.23   data required time
-----------------------------------------------------------------------------
                                  0.23   data required time
                                 -0.62   data arrival time
-----------------------------------------------------------------------------
                                  0.39   slack (MET)


Startpoint: _2132_ (rising edge-triggered flip-flop clocked by clk)
Endpoint: _2132_ (rising edge-triggered flip-flop clocked by clk)
Path Group: clk
Path Type: min

Fanout     Cap    Slew   Delay    Time   Description
-----------------------------------------------------------------------------
                  0.15    0.00    0.00   clock clk (rise edge)
                          0.00    0.00   clock network delay (ideal)
                  0.15    0.00    0.00 ^ _2132_/CLK (sky130_fd_sc_hd__dfxtp_1)
                  0.06    0.34    0.34 v _2132_/Q (sky130_fd_sc_hd__dfxtp_1)
     4    0.01                           uart_rx_jetson_inst.prescale_reg[4] (net)
                  0.06    0.00    0.34 v _1702_/A (sky130_fd_sc_hd__xor2_1)
                  0.10    0.14    0.48 ^ _1702_/X (sky130_fd_sc_hd__xor2_1)
     1    0.00                           _0529_ (net)
                  0.10    0.00    0.48 ^ _1703_/A2 (sky130_fd_sc_hd__o21a_1)
                  0.04    0.11    0.59 ^ _1703_/X (sky130_fd_sc_hd__o21a_1)
     1    0.00                           _0530_ (net)
                  0.04    0.00    0.59 ^ _1704_/B (sky130_fd_sc_hd__nor2_1)
                  0.02    0.03    0.62 v _1704_/Y (sky130_fd_sc_hd__nor2_1)
     1    0.00                           _0212_ (net)
                  0.02    0.00    0.62 v _2132_/D (sky130_fd_sc_hd__dfxtp_1)
                                  0.62   data arrival time

                  0.15    0.00    0.00   clock clk (rise edge)
                          0.00    0.00   clock network delay (ideal)
                          0.25    0.25   clock uncertainty
                          0.00    0.25   clock reconvergence pessimism
                                  0.25 ^ _2132_/CLK (sky130_fd_sc_hd__dfxtp_1)
                         -0.02    0.23   library hold time
                                  0.23   data required time
-----------------------------------------------------------------------------
                                  0.23   data required time
                                 -0.62   data arrival time
-----------------------------------------------------------------------------
                                  0.39   slack (MET)


Startpoint: _2254_ (rising edge-triggered flip-flop clocked by clk)
Endpoint: _2254_ (rising edge-triggered flip-flop clocked by clk)
Path Group: clk
Path Type: min

Fanout     Cap    Slew   Delay    Time   Description
-----------------------------------------------------------------------------
                  0.15    0.00    0.00   clock clk (rise edge)
                          0.00    0.00   clock network delay (ideal)
                  0.15    0.00    0.00 ^ _2254_/CLK (sky130_fd_sc_hd__dfrtp_1)
                  0.06    0.35    0.35 ^ _2254_/Q (sky130_fd_sc_hd__dfrtp_1)
     2    0.00                           dual_watchdog_inst.watchdog_fc.rising_edge_timeout.internal_count[17] (net)
                  0.06    0.00    0.35 ^ _1272_/B1 (sky130_fd_sc_hd__a21o_1)
                  0.03    0.07    0.42 ^ _1272_/X (sky130_fd_sc_hd__a21o_1)
     1    0.00                           _0902_ (net)
                  0.03    0.00    0.42 ^ _1274_/B (sky130_fd_sc_hd__and3_1)
                  0.05    0.13    0.55 ^ _1274_/X (sky130_fd_sc_hd__and3_1)
     1    0.00                           _0904_ (net)
                  0.05    0.00    0.55 ^ _1275_/A (sky130_fd_sc_hd__clkbuf_1)
                  0.04    0.07    0.62 ^ _1275_/X (sky130_fd_sc_hd__clkbuf_1)
     1    0.00                           _0038_ (net)
                  0.04    0.00    0.62 ^ _2254_/D (sky130_fd_sc_hd__dfrtp_1)
                                  0.62   data arrival time

                  0.15    0.00    0.00   clock clk (rise edge)
                          0.00    0.00   clock network delay (ideal)
                          0.25    0.25   clock uncertainty
                          0.00    0.25   clock reconvergence pessimism
                                  0.25 ^ _2254_/CLK (sky130_fd_sc_hd__dfrtp_1)
                         -0.02    0.23   library hold time
                                  0.23   data required time
-----------------------------------------------------------------------------
                                  0.23   data required time
                                 -0.62   data arrival time
-----------------------------------------------------------------------------
                                  0.39   slack (MET)


Startpoint: _2147_ (rising edge-triggered flip-flop clocked by clk)
Endpoint: _2147_ (rising edge-triggered flip-flop clocked by clk)
Path Group: clk
Path Type: min

Fanout     Cap    Slew   Delay    Time   Description
-----------------------------------------------------------------------------
                  0.15    0.00    0.00   clock clk (rise edge)
                          0.00    0.00   clock network delay (ideal)
                  0.15    0.00    0.00 ^ _2147_/CLK (sky130_fd_sc_hd__dfstp_1)
                  0.06    0.40    0.40 v _2147_/Q (sky130_fd_sc_hd__dfstp_1)
     5    0.01                           dual_watchdog_inst.watchdog_fc.rising_edge_timeout.assert_time[0] (net)
                  0.06    0.00    0.40 v _1119_/B (sky130_fd_sc_hd__and2b_1)
                  0.04    0.16    0.56 v _1119_/X (sky130_fd_sc_hd__and2b_1)
     2    0.01                           _0796_ (net)
                  0.04    0.00    0.56 v _1121_/B (sky130_fd_sc_hd__nor2_1)
                  0.08    0.08    0.64 ^ _1121_/Y (sky130_fd_sc_hd__nor2_1)
     1    0.00                           _0227_ (net)
                  0.08    0.00    0.64 ^ _2147_/D (sky130_fd_sc_hd__dfstp_1)
                                  0.64   data arrival time

                  0.15    0.00    0.00   clock clk (rise edge)
                          0.00    0.00   clock network delay (ideal)
                          0.25    0.25   clock uncertainty
                          0.00    0.25   clock reconvergence pessimism
                                  0.25 ^ _2147_/CLK (sky130_fd_sc_hd__dfstp_1)
                         -0.03    0.22   library hold time
                                  0.22   data required time
-----------------------------------------------------------------------------
                                  0.22   data required time
                                 -0.64   data arrival time
-----------------------------------------------------------------------------
                                  0.41   slack (MET)


Startpoint: _2074_ (rising edge-triggered flip-flop clocked by clk)
Endpoint: _2074_ (rising edge-triggered flip-flop clocked by clk)
Path Group: clk
Path Type: min

Fanout     Cap    Slew   Delay    Time   Description
-----------------------------------------------------------------------------
                  0.15    0.00    0.00   clock clk (rise edge)
                          0.00    0.00   clock network delay (ideal)
                  0.15    0.00    0.00 ^ _2074_/CLK (sky130_fd_sc_hd__dfxtp_1)
                  0.13    0.38    0.38 ^ _2074_/Q (sky130_fd_sc_hd__dfxtp_1)
     2    0.01                           net5 (net)
                  0.13    0.00    0.38 ^ _1496_/A1 (sky130_fd_sc_hd__mux2_1)
                  0.03    0.13    0.51 ^ _1496_/X (sky130_fd_sc_hd__mux2_1)
     1    0.00                           _0381_ (net)
                  0.03    0.00    0.51 ^ _1497_/B (sky130_fd_sc_hd__or2_1)
                  0.04    0.08    0.59 ^ _1497_/X (sky130_fd_sc_hd__or2_1)
     1    0.00                           _0382_ (net)
                  0.04    0.00    0.59 ^ _1498_/A (sky130_fd_sc_hd__clkbuf_1)
                  0.03    0.07    0.66 ^ _1498_/X (sky130_fd_sc_hd__clkbuf_1)
     1    0.00                           _0154_ (net)
                  0.03    0.00    0.66 ^ _2074_/D (sky130_fd_sc_hd__dfxtp_1)
                                  0.66   data arrival time

                  0.15    0.00    0.00   clock clk (rise edge)
                          0.00    0.00   clock network delay (ideal)
                          0.25    0.25   clock uncertainty
                          0.00    0.25   clock reconvergence pessimism
                                  0.25 ^ _2074_/CLK (sky130_fd_sc_hd__dfxtp_1)
                         -0.02    0.23   library hold time
                                  0.23   data required time
-----------------------------------------------------------------------------
                                  0.23   data required time
                                 -0.66   data arrival time
-----------------------------------------------------------------------------
                                  0.42   slack (MET)


Startpoint: _2263_ (rising edge-triggered flip-flop clocked by clk)
Endpoint: _2263_ (rising edge-triggered flip-flop clocked by clk)
Path Group: clk
Path Type: min

Fanout     Cap    Slew   Delay    Time   Description
-----------------------------------------------------------------------------
                  0.15    0.00    0.00   clock clk (rise edge)
                          0.00    0.00   clock network delay (ideal)
                  0.15    0.00    0.00 ^ _2263_/CLK (sky130_fd_sc_hd__dfrtp_1)
                  0.08    0.37    0.37 ^ _2263_/Q (sky130_fd_sc_hd__dfrtp_1)
     3    0.01                           dual_watchdog_inst.watchdog_fc.rising_edge_timeout.internal_count[26] (net)
                  0.08    0.00    0.37 ^ _1301_/B1 (sky130_fd_sc_hd__a31o_1)
                  0.03    0.09    0.45 ^ _1301_/X (sky130_fd_sc_hd__a31o_1)
     1    0.00                           _0922_ (net)
                  0.03    0.00    0.45 ^ _1303_/B (sky130_fd_sc_hd__and3_1)
                  0.05    0.13    0.58 ^ _1303_/X (sky130_fd_sc_hd__and3_1)
     1    0.00                           _0924_ (net)
                  0.05    0.00    0.58 ^ _1304_/A (sky130_fd_sc_hd__clkbuf_1)
                  0.04    0.07    0.65 ^ _1304_/X (sky130_fd_sc_hd__clkbuf_1)
     1    0.00                           _0048_ (net)
                  0.04    0.00    0.65 ^ _2263_/D (sky130_fd_sc_hd__dfrtp_1)
                                  0.65   data arrival time

                  0.15    0.00    0.00   clock clk (rise edge)
                          0.00    0.00   clock network delay (ideal)
                          0.25    0.25   clock uncertainty
                          0.00    0.25   clock reconvergence pessimism
                                  0.25 ^ _2263_/CLK (sky130_fd_sc_hd__dfrtp_1)
                         -0.02    0.23   library hold time
                                  0.23   data required time
-----------------------------------------------------------------------------
                                  0.23   data required time
                                 -0.65   data arrival time
-----------------------------------------------------------------------------
                                  0.42   slack (MET)


Startpoint: _2173_ (rising edge-triggered flip-flop clocked by clk)
Endpoint: _2173_ (rising edge-triggered flip-flop clocked by clk)
Path Group: clk
Path Type: min

Fanout     Cap    Slew   Delay    Time   Description
-----------------------------------------------------------------------------
                  0.15    0.00    0.00   clock clk (rise edge)
                          0.00    0.00   clock network delay (ideal)
                  0.15    0.00    0.00 ^ _2173_/CLK (sky130_fd_sc_hd__dfrtp_1)
                  0.08    0.37    0.37 ^ _2173_/Q (sky130_fd_sc_hd__dfrtp_1)
     3    0.01                           dual_watchdog_inst.watchdog_fc.rising_edge_timeout.assert_time[26] (net)
                  0.08    0.00    0.37 ^ _1049_/A (sky130_fd_sc_hd__nand4_1)
                  0.06    0.07    0.43 v _1049_/Y (sky130_fd_sc_hd__nand4_1)
     1    0.00                           _0751_ (net)
                  0.06    0.00    0.43 v _1051_/B (sky130_fd_sc_hd__and3_1)
                  0.03    0.15    0.58 v _1051_/X (sky130_fd_sc_hd__and3_1)
     1    0.00                           _0753_ (net)
                  0.03    0.00    0.58 v _1052_/A (sky130_fd_sc_hd__clkbuf_1)
                  0.02    0.07    0.66 v _1052_/X (sky130_fd_sc_hd__clkbuf_1)
     1    0.00                           _0253_ (net)
                  0.02    0.00    0.66 v _2173_/D (sky130_fd_sc_hd__dfrtp_1)
                                  0.66   data arrival time

                  0.15    0.00    0.00   clock clk (rise edge)
                          0.00    0.00   clock network delay (ideal)
                          0.25    0.25   clock uncertainty
                          0.00    0.25   clock reconvergence pessimism
                                  0.25 ^ _2173_/CLK (sky130_fd_sc_hd__dfrtp_1)
                         -0.01    0.24   library hold time
                                  0.24   data required time
-----------------------------------------------------------------------------
                                  0.24   data required time
                                 -0.66   data arrival time
-----------------------------------------------------------------------------
                                  0.42   slack (MET)


Startpoint: _2075_ (rising edge-triggered flip-flop clocked by clk)
Endpoint: _2075_ (rising edge-triggered flip-flop clocked by clk)
Path Group: clk
Path Type: min

Fanout     Cap    Slew   Delay    Time   Description
-----------------------------------------------------------------------------
                  0.15    0.00    0.00   clock clk (rise edge)
                          0.00    0.00   clock network delay (ideal)
                  0.15    0.00    0.00 ^ _2075_/CLK (sky130_fd_sc_hd__dfxtp_1)
                  0.08    0.35    0.35 ^ _2075_/Q (sky130_fd_sc_hd__dfxtp_1)
     3    0.01                           uart_tx_jetson_inst.s_axis_tready_reg (net)
                  0.08    0.00    0.35 ^ _1501_/A1 (sky130_fd_sc_hd__a21o_1)
                  0.03    0.10    0.45 ^ _1501_/X (sky130_fd_sc_hd__a21o_1)
     1    0.00                           _0385_ (net)
                  0.03    0.00    0.45 ^ _1502_/C (sky130_fd_sc_hd__and3b_1)
                  0.05    0.13    0.59 ^ _1502_/X (sky130_fd_sc_hd__and3b_1)
     1    0.00                           _0386_ (net)
                  0.05    0.00    0.59 ^ _1503_/A (sky130_fd_sc_hd__clkbuf_1)
                  0.04    0.07    0.66 ^ _1503_/X (sky130_fd_sc_hd__clkbuf_1)
     1    0.00                           _0155_ (net)
                  0.04    0.00    0.66 ^ _2075_/D (sky130_fd_sc_hd__dfxtp_1)
                                  0.66   data arrival time

                  0.15    0.00    0.00   clock clk (rise edge)
                          0.00    0.00   clock network delay (ideal)
                          0.25    0.25   clock uncertainty
                          0.00    0.25   clock reconvergence pessimism
                                  0.25 ^ _2075_/CLK (sky130_fd_sc_hd__dfxtp_1)
                         -0.02    0.23   library hold time
                                  0.23   data required time
-----------------------------------------------------------------------------
                                  0.23   data required time
                                 -0.66   data arrival time
-----------------------------------------------------------------------------
                                  0.42   slack (MET)


Startpoint: _2267_ (rising edge-triggered flip-flop clocked by clk)
Endpoint: _2267_ (rising edge-triggered flip-flop clocked by clk)
Path Group: clk
Path Type: min

Fanout     Cap    Slew   Delay    Time   Description
-----------------------------------------------------------------------------
                  0.15    0.00    0.00   clock clk (rise edge)
                          0.00    0.00   clock network delay (ideal)
                  0.15    0.00    0.00 ^ _2267_/CLK (sky130_fd_sc_hd__dfrtp_1)
                  0.08    0.36    0.36 ^ _2267_/Q (sky130_fd_sc_hd__dfrtp_1)
     3    0.01                           dual_watchdog_inst.watchdog_fc.falling_edge_timeout.assert_time[3] (net)
                  0.08    0.00    0.36 ^ _1927_/B1 (sky130_fd_sc_hd__a31o_1)
                  0.04    0.09    0.45 ^ _1927_/X (sky130_fd_sc_hd__a31o_1)
     1    0.00                           _0647_ (net)
                  0.04    0.00    0.45 ^ _1928_/C (sky130_fd_sc_hd__and3_1)
                  0.05    0.13    0.58 ^ _1928_/X (sky130_fd_sc_hd__and3_1)
     1    0.00                           _0648_ (net)
                  0.05    0.00    0.58 ^ _1929_/A (sky130_fd_sc_hd__clkbuf_1)
                  0.04    0.07    0.65 ^ _1929_/X (sky130_fd_sc_hd__clkbuf_1)
     1    0.00                           _0292_ (net)
                  0.04    0.00    0.65 ^ _2267_/D (sky130_fd_sc_hd__dfrtp_1)
                                  0.65   data arrival time

                  0.15    0.00    0.00   clock clk (rise edge)
                          0.00    0.00   clock network delay (ideal)
                          0.25    0.25   clock uncertainty
                          0.00    0.25   clock reconvergence pessimism
                                  0.25 ^ _2267_/CLK (sky130_fd_sc_hd__dfrtp_1)
                         -0.02    0.23   library hold time
                                  0.23   data required time
-----------------------------------------------------------------------------
                                  0.23   data required time
                                 -0.65   data arrival time
-----------------------------------------------------------------------------
                                  0.42   slack (MET)


Startpoint: _2290_ (rising edge-triggered flip-flop clocked by clk)
Endpoint: _2290_ (rising edge-triggered flip-flop clocked by clk)
Path Group: clk
Path Type: min

Fanout     Cap    Slew   Delay    Time   Description
-----------------------------------------------------------------------------
                  0.15    0.00    0.00   clock clk (rise edge)
                          0.00    0.00   clock network delay (ideal)
                  0.15    0.00    0.00 ^ _2290_/CLK (sky130_fd_sc_hd__dfrtp_1)
                  0.08    0.36    0.36 ^ _2290_/Q (sky130_fd_sc_hd__dfrtp_1)
     3    0.01                           dual_watchdog_inst.watchdog_fc.falling_edge_timeout.assert_time[26] (net)
                  0.08    0.00    0.36 ^ _2002_/B1 (sky130_fd_sc_hd__a31o_1)
                  0.04    0.09    0.45 ^ _2002_/X (sky130_fd_sc_hd__a31o_1)
     1    0.00                           _0699_ (net)
                  0.04    0.00    0.45 ^ _2004_/B (sky130_fd_sc_hd__and3_1)
                  0.05    0.13    0.58 ^ _2004_/X (sky130_fd_sc_hd__and3_1)
     1    0.00                           _0701_ (net)
                  0.05    0.00    0.58 ^ _2005_/A (sky130_fd_sc_hd__clkbuf_1)
                  0.04    0.07    0.65 ^ _2005_/X (sky130_fd_sc_hd__clkbuf_1)
     1    0.00                           _0315_ (net)
                  0.04    0.00    0.65 ^ _2290_/D (sky130_fd_sc_hd__dfrtp_1)
                                  0.65   data arrival time

                  0.15    0.00    0.00   clock clk (rise edge)
                          0.00    0.00   clock network delay (ideal)
                          0.25    0.25   clock uncertainty
                          0.00    0.25   clock reconvergence pessimism
                                  0.25 ^ _2290_/CLK (sky130_fd_sc_hd__dfrtp_1)
                         -0.02    0.23   library hold time
                                  0.23   data required time
-----------------------------------------------------------------------------
                                  0.23   data required time
                                 -0.65   data arrival time
-----------------------------------------------------------------------------
                                  0.42   slack (MET)


Startpoint: _2215_ (rising edge-triggered flip-flop clocked by clk)
Endpoint: _2215_ (rising edge-triggered flip-flop clocked by clk)
Path Group: clk
Path Type: min

Fanout     Cap    Slew   Delay    Time   Description
-----------------------------------------------------------------------------
                  0.15    0.00    0.00   clock clk (rise edge)
                          0.00    0.00   clock network delay (ideal)
                  0.15    0.00    0.00 ^ _2215_/CLK (sky130_fd_sc_hd__dfrtp_1)
                  0.09    0.38    0.38 ^ _2215_/Q (sky130_fd_sc_hd__dfrtp_1)
     4    0.01                           dual_watchdog_inst.watchdog_fc.falling_edge_timeout.internal_count[6] (net)
                  0.09    0.00    0.38 ^ _1162_/B1 (sky130_fd_sc_hd__a21o_1)
                  0.03    0.08    0.46 ^ _1162_/X (sky130_fd_sc_hd__a21o_1)
     1    0.00                           _0830_ (net)
                  0.03    0.00    0.46 ^ _1164_/B (sky130_fd_sc_hd__and3_1)
                  0.05    0.12    0.58 ^ _1164_/X (sky130_fd_sc_hd__and3_1)
     1    0.00                           _0832_ (net)
                  0.05    0.00    0.58 ^ _1165_/A (sky130_fd_sc_hd__clkbuf_1)
                  0.04    0.07    0.66 ^ _1165_/X (sky130_fd_sc_hd__clkbuf_1)
     1    0.00                           _0026_ (net)
                  0.04    0.00    0.66 ^ _2215_/D (sky130_fd_sc_hd__dfrtp_1)
                                  0.66   data arrival time

                  0.15    0.00    0.00   clock clk (rise edge)
                          0.00    0.00   clock network delay (ideal)
                          0.25    0.25   clock uncertainty
                          0.00    0.25   clock reconvergence pessimism
                                  0.25 ^ _2215_/CLK (sky130_fd_sc_hd__dfrtp_1)
                         -0.02    0.23   library hold time
                                  0.23   data required time
-----------------------------------------------------------------------------
                                  0.23   data required time
                                 -0.66   data arrival time
-----------------------------------------------------------------------------
                                  0.42   slack (MET)


Startpoint: _2166_ (rising edge-triggered flip-flop clocked by clk)
Endpoint: _2166_ (rising edge-triggered flip-flop clocked by clk)
Path Group: clk
Path Type: min

Fanout     Cap    Slew   Delay    Time   Description
-----------------------------------------------------------------------------
                  0.15    0.00    0.00   clock clk (rise edge)
                          0.00    0.00   clock network delay (ideal)
                  0.15    0.00    0.00 ^ _2166_/CLK (sky130_fd_sc_hd__dfrtp_1)
                  0.08    0.36    0.36 ^ _2166_/Q (sky130_fd_sc_hd__dfrtp_1)
     3    0.01                           dual_watchdog_inst.watchdog_fc.rising_edge_timeout.assert_time[19] (net)
                  0.08    0.00    0.36 ^ _1072_/B1 (sky130_fd_sc_hd__a31o_1)
                  0.03    0.09    0.45 ^ _1072_/X (sky130_fd_sc_hd__a31o_1)
     1    0.00                           _0767_ (net)
                  0.03    0.00    0.45 ^ _1073_/C (sky130_fd_sc_hd__and3b_1)
                  0.05    0.14    0.58 ^ _1073_/X (sky130_fd_sc_hd__and3b_1)
     1    0.00                           _0768_ (net)
                  0.05    0.00    0.58 ^ _1074_/A (sky130_fd_sc_hd__clkbuf_1)
                  0.04    0.07    0.66 ^ _1074_/X (sky130_fd_sc_hd__clkbuf_1)
     1    0.00                           _0246_ (net)
                  0.04    0.00    0.66 ^ _2166_/D (sky130_fd_sc_hd__dfrtp_1)
                                  0.66   data arrival time

                  0.15    0.00    0.00   clock clk (rise edge)
                          0.00    0.00   clock network delay (ideal)
                          0.25    0.25   clock uncertainty
                          0.00    0.25   clock reconvergence pessimism
                                  0.25 ^ _2166_/CLK (sky130_fd_sc_hd__dfrtp_1)
                         -0.02    0.23   library hold time
                                  0.23   data required time
-----------------------------------------------------------------------------
                                  0.23   data required time
                                 -0.66   data arrival time
-----------------------------------------------------------------------------
                                  0.43   slack (MET)


Startpoint: _2157_ (rising edge-triggered flip-flop clocked by clk)
Endpoint: _2157_ (rising edge-triggered flip-flop clocked by clk)
Path Group: clk
Path Type: min

Fanout     Cap    Slew   Delay    Time   Description
-----------------------------------------------------------------------------
                  0.15    0.00    0.00   clock clk (rise edge)
                          0.00    0.00   clock network delay (ideal)
                  0.15    0.00    0.00 ^ _2157_/CLK (sky130_fd_sc_hd__dfrtp_1)
                  0.08    0.36    0.36 ^ _2157_/Q (sky130_fd_sc_hd__dfrtp_1)
     3    0.01                           dual_watchdog_inst.watchdog_fc.rising_edge_timeout.assert_time[10] (net)
                  0.08    0.00    0.36 ^ _1094_/B1 (sky130_fd_sc_hd__a31o_1)
                  0.04    0.09    0.45 ^ _1094_/X (sky130_fd_sc_hd__a31o_1)
     1    0.00                           _0780_ (net)
                  0.04    0.00    0.45 ^ _1095_/C (sky130_fd_sc_hd__and3b_1)
                  0.05    0.14    0.58 ^ _1095_/X (sky130_fd_sc_hd__and3b_1)
     1    0.00                           _0781_ (net)
                  0.05    0.00    0.58 ^ _1096_/A (sky130_fd_sc_hd__clkbuf_1)
                  0.04    0.07    0.66 ^ _1096_/X (sky130_fd_sc_hd__clkbuf_1)
     1    0.00                           _0237_ (net)
                  0.04    0.00    0.66 ^ _2157_/D (sky130_fd_sc_hd__dfrtp_1)
                                  0.66   data arrival time

                  0.15    0.00    0.00   clock clk (rise edge)
                          0.00    0.00   clock network delay (ideal)
                          0.25    0.25   clock uncertainty
                          0.00    0.25   clock reconvergence pessimism
                                  0.25 ^ _2157_/CLK (sky130_fd_sc_hd__dfrtp_1)
                         -0.02    0.23   library hold time
                                  0.23   data required time
-----------------------------------------------------------------------------
                                  0.23   data required time
                                 -0.66   data arrival time
-----------------------------------------------------------------------------
                                  0.43   slack (MET)


Startpoint: _2243_ (rising edge-triggered flip-flop clocked by clk)
Endpoint: _2243_ (rising edge-triggered flip-flop clocked by clk)
Path Group: clk
Path Type: min

Fanout     Cap    Slew   Delay    Time   Description
-----------------------------------------------------------------------------
                  0.15    0.00    0.00   clock clk (rise edge)
                          0.00    0.00   clock network delay (ideal)
                  0.15    0.00    0.00 ^ _2243_/CLK (sky130_fd_sc_hd__dfrtp_1)
                  0.09    0.38    0.38 ^ _2243_/Q (sky130_fd_sc_hd__dfrtp_1)
     4    0.01                           dual_watchdog_inst.watchdog_fc.rising_edge_timeout.internal_count[6] (net)
                  0.09    0.00    0.38 ^ _1238_/B1 (sky130_fd_sc_hd__a21o_1)
                  0.03    0.08    0.46 ^ _1238_/X (sky130_fd_sc_hd__a21o_1)
     1    0.00                           _0879_ (net)
                  0.03    0.00    0.46 ^ _1240_/B (sky130_fd_sc_hd__and3_1)
                  0.05    0.13    0.58 ^ _1240_/X (sky130_fd_sc_hd__and3_1)
     1    0.00                           _0881_ (net)
                  0.05    0.00    0.58 ^ _1241_/A (sky130_fd_sc_hd__clkbuf_1)
                  0.04    0.07    0.66 ^ _1241_/X (sky130_fd_sc_hd__clkbuf_1)
     1    0.00                           _0053_ (net)
                  0.04    0.00    0.66 ^ _2243_/D (sky130_fd_sc_hd__dfrtp_1)
                                  0.66   data arrival time

                  0.15    0.00    0.00   clock clk (rise edge)
                          0.00    0.00   clock network delay (ideal)
                          0.25    0.25   clock uncertainty
                          0.00    0.25   clock reconvergence pessimism
                                  0.25 ^ _2243_/CLK (sky130_fd_sc_hd__dfrtp_1)
                         -0.02    0.23   library hold time
                                  0.23   data required time
-----------------------------------------------------------------------------
                                  0.23   data required time
                                 -0.66   data arrival time
-----------------------------------------------------------------------------
                                  0.43   slack (MET)


Startpoint: _2154_ (rising edge-triggered flip-flop clocked by clk)
Endpoint: _2154_ (rising edge-triggered flip-flop clocked by clk)
Path Group: clk
Path Type: min

Fanout     Cap    Slew   Delay    Time   Description
-----------------------------------------------------------------------------
                  0.15    0.00    0.00   clock clk (rise edge)
                          0.00    0.00   clock network delay (ideal)
                  0.15    0.00    0.00 ^ _2154_/CLK (sky130_fd_sc_hd__dfrtp_1)
                  0.07    0.36    0.36 ^ _2154_/Q (sky130_fd_sc_hd__dfrtp_1)
     3    0.01                           dual_watchdog_inst.watchdog_fc.rising_edge_timeout.assert_time[7] (net)
                  0.07    0.00    0.36 ^ _1103_/A (sky130_fd_sc_hd__or2_1)
                  0.03    0.09    0.45 ^ _1103_/X (sky130_fd_sc_hd__or2_1)
     1    0.00                           _0786_ (net)
                  0.03    0.00    0.45 ^ _1104_/C (sky130_fd_sc_hd__and3b_1)
                  0.05    0.14    0.59 ^ _1104_/X (sky130_fd_sc_hd__and3b_1)
     1    0.00                           _0787_ (net)
                  0.05    0.00    0.59 ^ _1105_/A (sky130_fd_sc_hd__clkbuf_1)
                  0.04    0.07    0.66 ^ _1105_/X (sky130_fd_sc_hd__clkbuf_1)
     1    0.00                           _0234_ (net)
                  0.04    0.00    0.66 ^ _2154_/D (sky130_fd_sc_hd__dfrtp_1)
                                  0.66   data arrival time

                  0.15    0.00    0.00   clock clk (rise edge)
                          0.00    0.00   clock network delay (ideal)
                          0.25    0.25   clock uncertainty
                          0.00    0.25   clock reconvergence pessimism
                                  0.25 ^ _2154_/CLK (sky130_fd_sc_hd__dfrtp_1)
                         -0.02    0.23   library hold time
                                  0.23   data required time
-----------------------------------------------------------------------------
                                  0.23   data required time
                                 -0.66   data arrival time
-----------------------------------------------------------------------------
                                  0.43   slack (MET)


Startpoint: _2163_ (rising edge-triggered flip-flop clocked by clk)
Endpoint: _2163_ (rising edge-triggered flip-flop clocked by clk)
Path Group: clk
Path Type: min

Fanout     Cap    Slew   Delay    Time   Description
-----------------------------------------------------------------------------
                  0.15    0.00    0.00   clock clk (rise edge)
                          0.00    0.00   clock network delay (ideal)
                  0.15    0.00    0.00 ^ _2163_/CLK (sky130_fd_sc_hd__dfrtp_1)
                  0.08    0.36    0.36 ^ _2163_/Q (sky130_fd_sc_hd__dfrtp_1)
     3    0.01                           dual_watchdog_inst.watchdog_fc.rising_edge_timeout.assert_time[16] (net)
                  0.08    0.00    0.36 ^ _1079_/B1 (sky130_fd_sc_hd__a31o_1)
                  0.04    0.09    0.45 ^ _1079_/X (sky130_fd_sc_hd__a31o_1)
     1    0.00                           _0771_ (net)
                  0.04    0.00    0.45 ^ _1080_/C (sky130_fd_sc_hd__and3b_1)
                  0.05    0.14    0.59 ^ _1080_/X (sky130_fd_sc_hd__and3b_1)
     1    0.00                           _0772_ (net)
                  0.05    0.00    0.59 ^ _1081_/A (sky130_fd_sc_hd__clkbuf_1)
                  0.04    0.07    0.66 ^ _1081_/X (sky130_fd_sc_hd__clkbuf_1)
     1    0.00                           _0243_ (net)
                  0.04    0.00    0.66 ^ _2163_/D (sky130_fd_sc_hd__dfrtp_1)
                                  0.66   data arrival time

                  0.15    0.00    0.00   clock clk (rise edge)
                          0.00    0.00   clock network delay (ideal)
                          0.25    0.25   clock uncertainty
                          0.00    0.25   clock reconvergence pessimism
                                  0.25 ^ _2163_/CLK (sky130_fd_sc_hd__dfrtp_1)
                         -0.02    0.23   library hold time
                                  0.23   data required time
-----------------------------------------------------------------------------
                                  0.23   data required time
                                 -0.66   data arrival time
-----------------------------------------------------------------------------
                                  0.43   slack (MET)


Startpoint: _2286_ (rising edge-triggered flip-flop clocked by clk)
Endpoint: _2286_ (rising edge-triggered flip-flop clocked by clk)
Path Group: clk
Path Type: min

Fanout     Cap    Slew   Delay    Time   Description
-----------------------------------------------------------------------------
                  0.15    0.00    0.00   clock clk (rise edge)
                          0.00    0.00   clock network delay (ideal)
                  0.15    0.00    0.00 ^ _2286_/CLK (sky130_fd_sc_hd__dfrtp_1)
                  0.09    0.37    0.37 ^ _2286_/Q (sky130_fd_sc_hd__dfrtp_1)
     4    0.01                           dual_watchdog_inst.watchdog_fc.falling_edge_timeout.assert_time[22] (net)
                  0.09    0.00    0.37 ^ _1988_/A (sky130_fd_sc_hd__nand2_1)
                  0.05    0.06    0.43 v _1988_/Y (sky130_fd_sc_hd__nand2_1)
     2    0.00                           _0689_ (net)
                  0.05    0.00    0.43 v _1989_/C (sky130_fd_sc_hd__and3_1)
                  0.03    0.16    0.59 v _1989_/X (sky130_fd_sc_hd__and3_1)
     1    0.00                           _0690_ (net)
                  0.03    0.00    0.59 v _1990_/A (sky130_fd_sc_hd__clkbuf_1)
                  0.02    0.07    0.67 v _1990_/X (sky130_fd_sc_hd__clkbuf_1)
     1    0.00                           _0311_ (net)
                  0.02    0.00    0.67 v _2286_/D (sky130_fd_sc_hd__dfrtp_1)
                                  0.67   data arrival time

                  0.15    0.00    0.00   clock clk (rise edge)
                          0.00    0.00   clock network delay (ideal)
                          0.25    0.25   clock uncertainty
                          0.00    0.25   clock reconvergence pessimism
                                  0.25 ^ _2286_/CLK (sky130_fd_sc_hd__dfrtp_1)
                         -0.01    0.24   library hold time
                                  0.24   data required time
-----------------------------------------------------------------------------
                                  0.24   data required time
                                 -0.67   data arrival time
-----------------------------------------------------------------------------
                                  0.43   slack (MET)


Startpoint: _2278_ (rising edge-triggered flip-flop clocked by clk)
Endpoint: _2278_ (rising edge-triggered flip-flop clocked by clk)
Path Group: clk
Path Type: min

Fanout     Cap    Slew   Delay    Time   Description
-----------------------------------------------------------------------------
                  0.15    0.00    0.00   clock clk (rise edge)
                          0.00    0.00   clock network delay (ideal)
                  0.15    0.00    0.00 ^ _2278_/CLK (sky130_fd_sc_hd__dfrtp_1)
                  0.09    0.37    0.37 ^ _2278_/Q (sky130_fd_sc_hd__dfrtp_1)
     4    0.01                           dual_watchdog_inst.watchdog_fc.falling_edge_timeout.assert_time[14] (net)
                  0.09    0.00    0.37 ^ _1963_/A (sky130_fd_sc_hd__nand2_1)
                  0.05    0.06    0.43 v _1963_/Y (sky130_fd_sc_hd__nand2_1)
     2    0.00                           _0672_ (net)
                  0.05    0.00    0.43 v _1964_/C (sky130_fd_sc_hd__and3_1)
                  0.03    0.16    0.59 v _1964_/X (sky130_fd_sc_hd__and3_1)
     1    0.00                           _0673_ (net)
                  0.03    0.00    0.59 v _1965_/A (sky130_fd_sc_hd__clkbuf_1)
                  0.03    0.08    0.67 v _1965_/X (sky130_fd_sc_hd__clkbuf_1)
     1    0.00                           _0303_ (net)
                  0.03    0.00    0.67 v _2278_/D (sky130_fd_sc_hd__dfrtp_1)
                                  0.67   data arrival time

                  0.15    0.00    0.00   clock clk (rise edge)
                          0.00    0.00   clock network delay (ideal)
                          0.25    0.25   clock uncertainty
                          0.00    0.25   clock reconvergence pessimism
                                  0.25 ^ _2278_/CLK (sky130_fd_sc_hd__dfrtp_1)
                         -0.01    0.24   library hold time
                                  0.24   data required time
-----------------------------------------------------------------------------
                                  0.24   data required time
                                 -0.67   data arrival time
-----------------------------------------------------------------------------
                                  0.43   slack (MET)


Startpoint: _2272_ (rising edge-triggered flip-flop clocked by clk)
Endpoint: _2272_ (rising edge-triggered flip-flop clocked by clk)
Path Group: clk
Path Type: min

Fanout     Cap    Slew   Delay    Time   Description
-----------------------------------------------------------------------------
                  0.15    0.00    0.00   clock clk (rise edge)
                          0.00    0.00   clock network delay (ideal)
                  0.15    0.00    0.00 ^ _2272_/CLK (sky130_fd_sc_hd__dfrtp_1)
                  0.09    0.37    0.37 ^ _2272_/Q (sky130_fd_sc_hd__dfrtp_1)
     4    0.01                           dual_watchdog_inst.watchdog_fc.falling_edge_timeout.assert_time[8] (net)
                  0.09    0.00    0.37 ^ _1943_/A (sky130_fd_sc_hd__nand2_1)
                  0.05    0.06    0.43 v _1943_/Y (sky130_fd_sc_hd__nand2_1)
     2    0.00                           _0658_ (net)
                  0.05    0.00    0.43 v _1944_/C (sky130_fd_sc_hd__and3_1)
                  0.03    0.16    0.59 v _1944_/X (sky130_fd_sc_hd__and3_1)
     1    0.00                           _0659_ (net)
                  0.03    0.00    0.59 v _1945_/A (sky130_fd_sc_hd__clkbuf_1)
                  0.02    0.07    0.67 v _1945_/X (sky130_fd_sc_hd__clkbuf_1)
     1    0.00                           _0297_ (net)
                  0.02    0.00    0.67 v _2272_/D (sky130_fd_sc_hd__dfrtp_1)
                                  0.67   data arrival time

                  0.15    0.00    0.00   clock clk (rise edge)
                          0.00    0.00   clock network delay (ideal)
                          0.25    0.25   clock uncertainty
                          0.00    0.25   clock reconvergence pessimism
                                  0.25 ^ _2272_/CLK (sky130_fd_sc_hd__dfrtp_1)
                         -0.01    0.24   library hold time
                                  0.24   data required time
-----------------------------------------------------------------------------
                                  0.24   data required time
                                 -0.67   data arrival time
-----------------------------------------------------------------------------
                                  0.43   slack (MET)


Startpoint: _2235_ (rising edge-triggered flip-flop clocked by clk)
Endpoint: _2235_ (rising edge-triggered flip-flop clocked by clk)
Path Group: clk
Path Type: min

Fanout     Cap    Slew   Delay    Time   Description
-----------------------------------------------------------------------------
                  0.15    0.00    0.00   clock clk (rise edge)
                          0.00    0.00   clock network delay (ideal)
                  0.15    0.00    0.00 ^ _2235_/CLK (sky130_fd_sc_hd__dfrtp_1)
                  0.09    0.37    0.37 ^ _2235_/Q (sky130_fd_sc_hd__dfrtp_1)
     3    0.01                           dual_watchdog_inst.watchdog_fc.falling_edge_timeout.internal_count[26] (net)
                  0.09    0.00    0.37 ^ _1221_/B1 (sky130_fd_sc_hd__a31o_1)
                  0.03    0.09    0.46 ^ _1221_/X (sky130_fd_sc_hd__a31o_1)
     1    0.00                           _0869_ (net)
                  0.03    0.00    0.46 ^ _1223_/B (sky130_fd_sc_hd__and3_1)
                  0.05    0.13    0.59 ^ _1223_/X (sky130_fd_sc_hd__and3_1)
     1    0.00                           _0871_ (net)
                  0.05    0.00    0.59 ^ _1224_/A (sky130_fd_sc_hd__clkbuf_1)
                  0.04    0.07    0.66 ^ _1224_/X (sky130_fd_sc_hd__clkbuf_1)
     1    0.00                           _0021_ (net)
                  0.04    0.00    0.66 ^ _2235_/D (sky130_fd_sc_hd__dfrtp_1)
                                  0.66   data arrival time

                  0.15    0.00    0.00   clock clk (rise edge)
                          0.00    0.00   clock network delay (ideal)
                          0.25    0.25   clock uncertainty
                          0.00    0.25   clock reconvergence pessimism
                                  0.25 ^ _2235_/CLK (sky130_fd_sc_hd__dfrtp_1)
                         -0.02    0.23   library hold time
                                  0.23   data required time
-----------------------------------------------------------------------------
                                  0.23   data required time
                                 -0.66   data arrival time
-----------------------------------------------------------------------------
                                  0.43   slack (MET)


Startpoint: _2153_ (rising edge-triggered flip-flop clocked by clk)
Endpoint: _2153_ (rising edge-triggered flip-flop clocked by clk)
Path Group: clk
Path Type: min

Fanout     Cap    Slew   Delay    Time   Description
-----------------------------------------------------------------------------
                  0.15    0.00    0.00   clock clk (rise edge)
                          0.00    0.00   clock network delay (ideal)
                  0.15    0.00    0.00 ^ _2153_/CLK (sky130_fd_sc_hd__dfrtp_1)
                  0.09    0.37    0.37 ^ _2153_/Q (sky130_fd_sc_hd__dfrtp_1)
     4    0.01                           dual_watchdog_inst.watchdog_fc.rising_edge_timeout.assert_time[6] (net)
                  0.09    0.00    0.37 ^ _1106_/B1 (sky130_fd_sc_hd__a21o_1)
                  0.03    0.08    0.45 ^ _1106_/X (sky130_fd_sc_hd__a21o_1)
     1    0.00                           _0788_ (net)
                  0.03    0.00    0.45 ^ _1107_/C (sky130_fd_sc_hd__and3b_1)
                  0.05    0.14    0.59 ^ _1107_/X (sky130_fd_sc_hd__and3b_1)
     1    0.00                           _0789_ (net)
                  0.05    0.00    0.59 ^ _1108_/A (sky130_fd_sc_hd__clkbuf_1)
                  0.04    0.07    0.66 ^ _1108_/X (sky130_fd_sc_hd__clkbuf_1)
     1    0.00                           _0233_ (net)
                  0.04    0.00    0.66 ^ _2153_/D (sky130_fd_sc_hd__dfrtp_1)
                                  0.66   data arrival time

                  0.15    0.00    0.00   clock clk (rise edge)
                          0.00    0.00   clock network delay (ideal)
                          0.25    0.25   clock uncertainty
                          0.00    0.25   clock reconvergence pessimism
                                  0.25 ^ _2153_/CLK (sky130_fd_sc_hd__dfrtp_1)
                         -0.02    0.23   library hold time
                                  0.23   data required time
-----------------------------------------------------------------------------
                                  0.23   data required time
                                 -0.66   data arrival time
-----------------------------------------------------------------------------
                                  0.43   slack (MET)


Startpoint: _2150_ (rising edge-triggered flip-flop clocked by clk)
Endpoint: _2150_ (rising edge-triggered flip-flop clocked by clk)
Path Group: clk
Path Type: min

Fanout     Cap    Slew   Delay    Time   Description
-----------------------------------------------------------------------------
                  0.15    0.00    0.00   clock clk (rise edge)
                          0.00    0.00   clock network delay (ideal)
                  0.15    0.00    0.00 ^ _2150_/CLK (sky130_fd_sc_hd__dfrtp_1)
                  0.08    0.37    0.37 ^ _2150_/Q (sky130_fd_sc_hd__dfrtp_1)
     3    0.01                           dual_watchdog_inst.watchdog_fc.rising_edge_timeout.assert_time[3] (net)
                  0.08    0.00    0.37 ^ _1113_/B1 (sky130_fd_sc_hd__a31o_1)
                  0.04    0.09    0.45 ^ _1113_/X (sky130_fd_sc_hd__a31o_1)
     1    0.00                           _0792_ (net)
                  0.04    0.00    0.45 ^ _1114_/C (sky130_fd_sc_hd__and3b_1)
                  0.05    0.14    0.59 ^ _1114_/X (sky130_fd_sc_hd__and3b_1)
     1    0.00                           _0793_ (net)
                  0.05    0.00    0.59 ^ _1115_/A (sky130_fd_sc_hd__clkbuf_1)
                  0.04    0.07    0.66 ^ _1115_/X (sky130_fd_sc_hd__clkbuf_1)
     1    0.00                           _0230_ (net)
                  0.04    0.00    0.66 ^ _2150_/D (sky130_fd_sc_hd__dfrtp_1)
                                  0.66   data arrival time

                  0.15    0.00    0.00   clock clk (rise edge)
                          0.00    0.00   clock network delay (ideal)
                          0.25    0.25   clock uncertainty
                          0.00    0.25   clock reconvergence pessimism
                                  0.25 ^ _2150_/CLK (sky130_fd_sc_hd__dfrtp_1)
                         -0.02    0.23   library hold time
                                  0.23   data required time
-----------------------------------------------------------------------------
                                  0.23   data required time
                                 -0.66   data arrival time
-----------------------------------------------------------------------------
                                  0.43   slack (MET)


Startpoint: _2159_ (rising edge-triggered flip-flop clocked by clk)
Endpoint: _2159_ (rising edge-triggered flip-flop clocked by clk)
Path Group: clk
Path Type: min

Fanout     Cap    Slew   Delay    Time   Description
-----------------------------------------------------------------------------
                  0.15    0.00    0.00   clock clk (rise edge)
                          0.00    0.00   clock network delay (ideal)
                  0.15    0.00    0.00 ^ _2159_/CLK (sky130_fd_sc_hd__dfrtp_1)
                  0.09    0.37    0.37 ^ _2159_/Q (sky130_fd_sc_hd__dfrtp_1)
     4    0.01                           dual_watchdog_inst.watchdog_fc.rising_edge_timeout.assert_time[12] (net)
                  0.09    0.00    0.37 ^ _1089_/B1 (sky130_fd_sc_hd__a21o_1)
                  0.03    0.08    0.45 ^ _1089_/X (sky130_fd_sc_hd__a21o_1)
     1    0.00                           _0777_ (net)
                  0.03    0.00    0.45 ^ _1090_/C (sky130_fd_sc_hd__and3b_1)
                  0.05    0.14    0.59 ^ _1090_/X (sky130_fd_sc_hd__and3b_1)
     1    0.00                           _0778_ (net)
                  0.05    0.00    0.59 ^ _1091_/A (sky130_fd_sc_hd__clkbuf_1)
                  0.04    0.08    0.66 ^ _1091_/X (sky130_fd_sc_hd__clkbuf_1)
     1    0.00                           _0239_ (net)
                  0.04    0.00    0.66 ^ _2159_/D (sky130_fd_sc_hd__dfrtp_1)
                                  0.66   data arrival time

                  0.15    0.00    0.00   clock clk (rise edge)
                          0.00    0.00   clock network delay (ideal)
                          0.25    0.25   clock uncertainty
                          0.00    0.25   clock reconvergence pessimism
                                  0.25 ^ _2159_/CLK (sky130_fd_sc_hd__dfrtp_1)
                         -0.02    0.23   library hold time
                                  0.23   data required time
-----------------------------------------------------------------------------
                                  0.23   data required time
                                 -0.66   data arrival time
-----------------------------------------------------------------------------
                                  0.43   slack (MET)


Startpoint: _2289_ (rising edge-triggered flip-flop clocked by clk)
Endpoint: _2289_ (rising edge-triggered flip-flop clocked by clk)
Path Group: clk
Path Type: min

Fanout     Cap    Slew   Delay    Time   Description
-----------------------------------------------------------------------------
                  0.15    0.00    0.00   clock clk (rise edge)
                          0.00    0.00   clock network delay (ideal)
                  0.15    0.00    0.00 ^ _2289_/CLK (sky130_fd_sc_hd__dfrtp_1)
                  0.13    0.40    0.40 ^ _2289_/Q (sky130_fd_sc_hd__dfrtp_1)
     5    0.01                           dual_watchdog_inst.watchdog_fc.falling_edge_timeout.assert_time[25] (net)
                  0.13    0.00    0.40 ^ _1999_/B1 (sky130_fd_sc_hd__a21o_1)
                  0.03    0.09    0.49 ^ _1999_/X (sky130_fd_sc_hd__a21o_1)
     1    0.00                           _0697_ (net)
                  0.03    0.00    0.49 ^ _2000_/B (sky130_fd_sc_hd__and2b_1)
                  0.04    0.10    0.59 ^ _2000_/X (sky130_fd_sc_hd__and2b_1)
     1    0.00                           _0698_ (net)
                  0.04    0.00    0.59 ^ _2001_/A (sky130_fd_sc_hd__clkbuf_1)
                  0.04    0.07    0.66 ^ _2001_/X (sky130_fd_sc_hd__clkbuf_1)
     1    0.00                           _0314_ (net)
                  0.04    0.00    0.66 ^ _2289_/D (sky130_fd_sc_hd__dfrtp_1)
                                  0.66   data arrival time

                  0.15    0.00    0.00   clock clk (rise edge)
                          0.00    0.00   clock network delay (ideal)
                          0.25    0.25   clock uncertainty
                          0.00    0.25   clock reconvergence pessimism
                                  0.25 ^ _2289_/CLK (sky130_fd_sc_hd__dfrtp_1)
                         -0.02    0.23   library hold time
                                  0.23   data required time
-----------------------------------------------------------------------------
                                  0.23   data required time
                                 -0.66   data arrival time
-----------------------------------------------------------------------------
                                  0.43   slack (MET)


Startpoint: _2245_ (rising edge-triggered flip-flop clocked by clk)
Endpoint: _2245_ (rising edge-triggered flip-flop clocked by clk)
Path Group: clk
Path Type: min

Fanout     Cap    Slew   Delay    Time   Description
-----------------------------------------------------------------------------
                  0.15    0.00    0.00   clock clk (rise edge)
                          0.00    0.00   clock network delay (ideal)
                  0.15    0.00    0.00 ^ _2245_/CLK (sky130_fd_sc_hd__dfrtp_1)
                  0.09    0.37    0.37 ^ _2245_/Q (sky130_fd_sc_hd__dfrtp_1)
     4    0.01                           dual_watchdog_inst.watchdog_fc.rising_edge_timeout.internal_count[8] (net)
                  0.09    0.00    0.37 ^ _1244_/A (sky130_fd_sc_hd__or2_1)
                  0.03    0.09    0.46 ^ _1244_/X (sky130_fd_sc_hd__or2_1)
     1    0.00                           _0883_ (net)
                  0.03    0.00    0.46 ^ _1246_/B (sky130_fd_sc_hd__and3_1)
                  0.05    0.13    0.59 ^ _1246_/X (sky130_fd_sc_hd__and3_1)
     1    0.00                           _0885_ (net)
                  0.05    0.00    0.59 ^ _1247_/A (sky130_fd_sc_hd__clkbuf_1)
                  0.04    0.07    0.67 ^ _1247_/X (sky130_fd_sc_hd__clkbuf_1)
     1    0.00                           _0055_ (net)
                  0.04    0.00    0.67 ^ _2245_/D (sky130_fd_sc_hd__dfrtp_1)
                                  0.67   data arrival time

                  0.15    0.00    0.00   clock clk (rise edge)
                          0.00    0.00   clock network delay (ideal)
                          0.25    0.25   clock uncertainty
                          0.00    0.25   clock reconvergence pessimism
                                  0.25 ^ _2245_/CLK (sky130_fd_sc_hd__dfrtp_1)
                         -0.02    0.23   library hold time
                                  0.23   data required time
-----------------------------------------------------------------------------
                                  0.23   data required time
                                 -0.67   data arrival time
-----------------------------------------------------------------------------
                                  0.44   slack (MET)


Startpoint: _2083_ (rising edge-triggered flip-flop clocked by clk)
Endpoint: _2083_ (rising edge-triggered flip-flop clocked by clk)
Path Group: clk
Path Type: min

Fanout     Cap    Slew   Delay    Time   Description
-----------------------------------------------------------------------------
                  0.15    0.00    0.00   clock clk (rise edge)
                          0.00    0.00   clock network delay (ideal)
                  0.15    0.00    0.00 ^ _2083_/CLK (sky130_fd_sc_hd__dfxtp_1)
                  0.11    0.37    0.37 ^ _2083_/Q (sky130_fd_sc_hd__dfxtp_1)
     3    0.01                           uart_tx_jetson_inst.prescale_reg[6] (net)
                  0.11    0.00    0.37 ^ _1532_/A (sky130_fd_sc_hd__xnor2_1)
                  0.03    0.07    0.44 v _1532_/Y (sky130_fd_sc_hd__xnor2_1)
     1    0.00                           _0408_ (net)
                  0.03    0.00    0.44 v _1533_/C (sky130_fd_sc_hd__and3b_1)
                  0.03    0.16    0.60 v _1533_/X (sky130_fd_sc_hd__and3b_1)
     1    0.00                           _0409_ (net)
                  0.03    0.00    0.60 v _1534_/A (sky130_fd_sc_hd__clkbuf_1)
                  0.02    0.07    0.67 v _1534_/X (sky130_fd_sc_hd__clkbuf_1)
     1    0.00                           _0163_ (net)
                  0.02    0.00    0.67 v _2083_/D (sky130_fd_sc_hd__dfxtp_1)
                                  0.67   data arrival time

                  0.15    0.00    0.00   clock clk (rise edge)
                          0.00    0.00   clock network delay (ideal)
                          0.25    0.25   clock uncertainty
                          0.00    0.25   clock reconvergence pessimism
                                  0.25 ^ _2083_/CLK (sky130_fd_sc_hd__dfxtp_1)
                         -0.02    0.23   library hold time
                                  0.23   data required time
-----------------------------------------------------------------------------
                                  0.23   data required time
                                 -0.67   data arrival time
-----------------------------------------------------------------------------
                                  0.44   slack (MET)


Startpoint: _2231_ (rising edge-triggered flip-flop clocked by clk)
Endpoint: _2231_ (rising edge-triggered flip-flop clocked by clk)
Path Group: clk
Path Type: min

Fanout     Cap    Slew   Delay    Time   Description
-----------------------------------------------------------------------------
                  0.15    0.00    0.00   clock clk (rise edge)
                          0.00    0.00   clock network delay (ideal)
                  0.15    0.00    0.00 ^ _2231_/CLK (sky130_fd_sc_hd__dfrtp_1)
                  0.10    0.38    0.38 ^ _2231_/Q (sky130_fd_sc_hd__dfrtp_1)
     3    0.01                           dual_watchdog_inst.watchdog_fc.falling_edge_timeout.internal_count[22] (net)
                  0.10    0.00    0.38 ^ _1208_/B1 (sky130_fd_sc_hd__a31o_1)
                  0.03    0.09    0.48 ^ _1208_/X (sky130_fd_sc_hd__a31o_1)
     1    0.00                           _0860_ (net)
                  0.03    0.00    0.48 ^ _1210_/B (sky130_fd_sc_hd__and3_1)
                  0.05    0.13    0.60 ^ _1210_/X (sky130_fd_sc_hd__and3_1)
     1    0.00                           _0862_ (net)
                  0.05    0.00    0.60 ^ _1211_/A (sky130_fd_sc_hd__clkbuf_1)
                  0.04    0.07    0.68 ^ _1211_/X (sky130_fd_sc_hd__clkbuf_1)
     1    0.00                           _0017_ (net)
                  0.04    0.00    0.68 ^ _2231_/D (sky130_fd_sc_hd__dfrtp_1)
                                  0.68   data arrival time

                  0.15    0.00    0.00   clock clk (rise edge)
                          0.00    0.00   clock network delay (ideal)
                          0.25    0.25   clock uncertainty
                          0.00    0.25   clock reconvergence pessimism
                                  0.25 ^ _2231_/CLK (sky130_fd_sc_hd__dfrtp_1)
                         -0.02    0.23   library hold time
                                  0.23   data required time
-----------------------------------------------------------------------------
                                  0.23   data required time
                                 -0.68   data arrival time
-----------------------------------------------------------------------------
                                  0.45   slack (MET)


Startpoint: _2265_ (rising edge-triggered flip-flop clocked by clk)
Endpoint: _2266_ (rising edge-triggered flip-flop clocked by clk)
Path Group: clk
Path Type: min

Fanout     Cap    Slew   Delay    Time   Description
-----------------------------------------------------------------------------
                  0.15    0.00    0.00   clock clk (rise edge)
                          0.00    0.00   clock network delay (ideal)
                  0.15    0.00    0.00 ^ _2265_/CLK (sky130_fd_sc_hd__dfrtp_2)
                  0.10    0.41    0.41 ^ _2265_/Q (sky130_fd_sc_hd__dfrtp_2)
     6    0.02                           dual_watchdog_inst.watchdog_fc.falling_edge_timeout.assert_time[1] (net)
                  0.10    0.00    0.41 ^ _1922_/A (sky130_fd_sc_hd__nand3_1)
                  0.05    0.06    0.47 v _1922_/Y (sky130_fd_sc_hd__nand3_1)
     1    0.00                           _0643_ (net)
                  0.05    0.00    0.47 v _1923_/C (sky130_fd_sc_hd__and3_1)
                  0.03    0.16    0.64 v _1923_/X (sky130_fd_sc_hd__and3_1)
     1    0.00                           _0644_ (net)
                  0.03    0.00    0.64 v _1924_/A (sky130_fd_sc_hd__clkbuf_1)
                  0.03    0.08    0.71 v _1924_/X (sky130_fd_sc_hd__clkbuf_1)
     1    0.00                           _0291_ (net)
                  0.03    0.00    0.71 v _2266_/D (sky130_fd_sc_hd__dfstp_1)
                                  0.71   data arrival time

                  0.15    0.00    0.00   clock clk (rise edge)
                          0.00    0.00   clock network delay (ideal)
                          0.25    0.25   clock uncertainty
                          0.00    0.25   clock reconvergence pessimism
                                  0.25 ^ _2266_/CLK (sky130_fd_sc_hd__dfstp_1)
                          0.02    0.27   library hold time
                                  0.27   data required time
-----------------------------------------------------------------------------
                                  0.27   data required time
                                 -0.71   data arrival time
-----------------------------------------------------------------------------
                                  0.45   slack (MET)


Startpoint: _2259_ (rising edge-triggered flip-flop clocked by clk)
Endpoint: _2259_ (rising edge-triggered flip-flop clocked by clk)
Path Group: clk
Path Type: min

Fanout     Cap    Slew   Delay    Time   Description
-----------------------------------------------------------------------------
                  0.15    0.00    0.00   clock clk (rise edge)
                          0.00    0.00   clock network delay (ideal)
                  0.15    0.00    0.00 ^ _2259_/CLK (sky130_fd_sc_hd__dfrtp_1)
                  0.10    0.38    0.38 ^ _2259_/Q (sky130_fd_sc_hd__dfrtp_1)
     3    0.01                           dual_watchdog_inst.watchdog_fc.rising_edge_timeout.internal_count[22] (net)
                  0.10    0.00    0.38 ^ _1288_/B1 (sky130_fd_sc_hd__a31o_1)
                  0.04    0.09    0.48 ^ _1288_/X (sky130_fd_sc_hd__a31o_1)
     1    0.00                           _0913_ (net)
                  0.04    0.00    0.48 ^ _1290_/B (sky130_fd_sc_hd__and3_1)
                  0.05    0.13    0.60 ^ _1290_/X (sky130_fd_sc_hd__and3_1)
     1    0.00                           _0915_ (net)
                  0.05    0.00    0.60 ^ _1291_/A (sky130_fd_sc_hd__clkbuf_1)
                  0.04    0.07    0.68 ^ _1291_/X (sky130_fd_sc_hd__clkbuf_1)
     1    0.00                           _0044_ (net)
                  0.04    0.00    0.68 ^ _2259_/D (sky130_fd_sc_hd__dfrtp_1)
                                  0.68   data arrival time

                  0.15    0.00    0.00   clock clk (rise edge)
                          0.00    0.00   clock network delay (ideal)
                          0.25    0.25   clock uncertainty
                          0.00    0.25   clock reconvergence pessimism
                                  0.25 ^ _2259_/CLK (sky130_fd_sc_hd__dfrtp_1)
                         -0.02    0.23   library hold time
                                  0.23   data required time
-----------------------------------------------------------------------------
                                  0.23   data required time
                                 -0.68   data arrival time
-----------------------------------------------------------------------------
                                  0.45   slack (MET)


Startpoint: _2249_ (rising edge-triggered flip-flop clocked by clk)
Endpoint: _2249_ (rising edge-triggered flip-flop clocked by clk)
Path Group: clk
Path Type: min

Fanout     Cap    Slew   Delay    Time   Description
-----------------------------------------------------------------------------
                  0.15    0.00    0.00   clock clk (rise edge)
                          0.00    0.00   clock network delay (ideal)
                  0.15    0.00    0.00 ^ _2249_/CLK (sky130_fd_sc_hd__dfrtp_1)
                  0.10    0.38    0.38 ^ _2249_/Q (sky130_fd_sc_hd__dfrtp_1)
     5    0.01                           dual_watchdog_inst.watchdog_fc.rising_edge_timeout.internal_count[12] (net)
                  0.10    0.00    0.38 ^ _1256_/A (sky130_fd_sc_hd__or2_1)
                  0.03    0.10    0.48 ^ _1256_/X (sky130_fd_sc_hd__or2_1)
     1    0.00                           _0891_ (net)
                  0.03    0.00    0.48 ^ _1258_/B (sky130_fd_sc_hd__and3_1)
                  0.05    0.13    0.61 ^ _1258_/X (sky130_fd_sc_hd__and3_1)
     1    0.00                           _0893_ (net)
                  0.05    0.00    0.61 ^ _1259_/A (sky130_fd_sc_hd__clkbuf_1)
                  0.04    0.07    0.69 ^ _1259_/X (sky130_fd_sc_hd__clkbuf_1)
     1    0.00                           _0033_ (net)
                  0.04    0.00    0.69 ^ _2249_/D (sky130_fd_sc_hd__dfrtp_1)
                                  0.69   data arrival time

                  0.15    0.00    0.00   clock clk (rise edge)
                          0.00    0.00   clock network delay (ideal)
                          0.25    0.25   clock uncertainty
                          0.00    0.25   clock reconvergence pessimism
                                  0.25 ^ _2249_/CLK (sky130_fd_sc_hd__dfrtp_1)
                         -0.02    0.23   library hold time
                                  0.23   data required time
-----------------------------------------------------------------------------
                                  0.23   data required time
                                 -0.69   data arrival time
-----------------------------------------------------------------------------
                                  0.46   slack (MET)


Startpoint: _2031_ (rising edge-triggered flip-flop clocked by clk)
Endpoint: _2087_ (rising edge-triggered flip-flop clocked by clk)
Path Group: clk
Path Type: min

Fanout     Cap    Slew   Delay    Time   Description
-----------------------------------------------------------------------------
                  0.15    0.00    0.00   clock clk (rise edge)
                          0.00    0.00   clock network delay (ideal)
                  0.15    0.00    0.00 ^ _2031_/CLK (sky130_fd_sc_hd__dfxtp_2)
                  0.09    0.38    0.38 v _2031_/Q (sky130_fd_sc_hd__dfxtp_2)
     9    0.03                           uart_rst (net)
                  0.09    0.00    0.38 v _1549_/A_N (sky130_fd_sc_hd__and3b_1)
                  0.05    0.21    0.59 ^ _1549_/X (sky130_fd_sc_hd__and3b_1)
     1    0.00                           _0421_ (net)
                  0.05    0.00    0.59 ^ _1550_/A (sky130_fd_sc_hd__clkbuf_1)
                  0.07    0.09    0.68 ^ _1550_/X (sky130_fd_sc_hd__clkbuf_1)
     2    0.00                           _0167_ (net)
                  0.07    0.00    0.68 ^ _2087_/D (sky130_fd_sc_hd__dfxtp_1)
                                  0.68   data arrival time

                  0.15    0.00    0.00   clock clk (rise edge)
                          0.00    0.00   clock network delay (ideal)
                          0.25    0.25   clock uncertainty
                          0.00    0.25   clock reconvergence pessimism
                                  0.25 ^ _2087_/CLK (sky130_fd_sc_hd__dfxtp_1)
                         -0.02    0.23   library hold time
                                  0.23   data required time
-----------------------------------------------------------------------------
                                  0.23   data required time
                                 -0.68   data arrival time
-----------------------------------------------------------------------------
                                  0.46   slack (MET)


Startpoint: _2265_ (rising edge-triggered flip-flop clocked by clk)
Endpoint: _2265_ (rising edge-triggered flip-flop clocked by clk)
Path Group: clk
Path Type: min

Fanout     Cap    Slew   Delay    Time   Description
-----------------------------------------------------------------------------
                  0.15    0.00    0.00   clock clk (rise edge)
                          0.00    0.00   clock network delay (ideal)
                  0.15    0.00    0.00 ^ _2265_/CLK (sky130_fd_sc_hd__dfrtp_2)
                  0.10    0.41    0.41 ^ _2265_/Q (sky130_fd_sc_hd__dfrtp_2)
     6    0.02                           dual_watchdog_inst.watchdog_fc.falling_edge_timeout.assert_time[1] (net)
                  0.10    0.00    0.41 ^ _1918_/A (sky130_fd_sc_hd__xor2_1)
                  0.03    0.06    0.47 v _1918_/X (sky130_fd_sc_hd__xor2_1)
     1    0.00                           _0640_ (net)
                  0.03    0.00    0.47 v _1919_/C (sky130_fd_sc_hd__and3_1)
                  0.03    0.16    0.63 v _1919_/X (sky130_fd_sc_hd__and3_1)
     1    0.00                           _0641_ (net)
                  0.03    0.00    0.63 v _1920_/A (sky130_fd_sc_hd__clkbuf_1)
                  0.02    0.07    0.70 v _1920_/X (sky130_fd_sc_hd__clkbuf_1)
     1    0.00                           _0290_ (net)
                  0.02    0.00    0.70 v _2265_/D (sky130_fd_sc_hd__dfrtp_2)
                                  0.70   data arrival time

                  0.15    0.00    0.00   clock clk (rise edge)
                          0.00    0.00   clock network delay (ideal)
                          0.25    0.25   clock uncertainty
                          0.00    0.25   clock reconvergence pessimism
                                  0.25 ^ _2265_/CLK (sky130_fd_sc_hd__dfrtp_2)
                         -0.01    0.24   library hold time
                                  0.24   data required time
-----------------------------------------------------------------------------
                                  0.24   data required time
                                 -0.70   data arrival time
-----------------------------------------------------------------------------
                                  0.46   slack (MET)


Startpoint: _2283_ (rising edge-triggered flip-flop clocked by clk)
Endpoint: _2236_ (rising edge-triggered flip-flop clocked by clk)
Path Group: clk
Path Type: min

Fanout     Cap    Slew   Delay    Time   Description
-----------------------------------------------------------------------------
                  0.15    0.00    0.00   clock clk (rise edge)
                          0.00    0.00   clock network delay (ideal)
                  0.15    0.00    0.00 ^ _2283_/CLK (sky130_fd_sc_hd__dfrtp_1)
                  0.07    0.36    0.36 ^ _2283_/Q (sky130_fd_sc_hd__dfrtp_1)
     3    0.01                           dual_watchdog_inst.watchdog_fc.falling_edge_timeout.assert_time[19] (net)
                  0.07    0.00    0.36 ^ _1137_/C (sky130_fd_sc_hd__or4_1)
                  0.03    0.10    0.45 ^ _1137_/X (sky130_fd_sc_hd__or4_1)
     1    0.00                           _0812_ (net)
                  0.03    0.00    0.45 ^ _1143_/C (sky130_fd_sc_hd__or4_1)
                  0.03    0.08    0.53 ^ _1143_/X (sky130_fd_sc_hd__or4_1)
     1    0.00                           _0818_ (net)
                  0.03    0.00    0.53 ^ _1144_/B (sky130_fd_sc_hd__or2_1)
                  0.05    0.09    0.62 ^ _1144_/X (sky130_fd_sc_hd__or2_1)
     1    0.00                           _0819_ (net)
                  0.05    0.00    0.62 ^ _1145_/A (sky130_fd_sc_hd__buf_1)
                  0.09    0.11    0.73 ^ _1145_/X (sky130_fd_sc_hd__buf_1)
     3    0.01                           _0002_ (net)
                  0.09    0.00    0.73 ^ _2236_/D (sky130_fd_sc_hd__dfrtp_1)
                                  0.73   data arrival time

                  0.15    0.00    0.00   clock clk (rise edge)
                          0.00    0.00   clock network delay (ideal)
                          0.25    0.25   clock uncertainty
                          0.00    0.25   clock reconvergence pessimism
                                  0.25 ^ _2236_/CLK (sky130_fd_sc_hd__dfrtp_1)
                         -0.03    0.22   library hold time
                                  0.22   data required time
-----------------------------------------------------------------------------
                                  0.22   data required time
                                 -0.73   data arrival time
-----------------------------------------------------------------------------
                                  0.51   slack (MET)


Startpoint: _2190_ (rising edge-triggered flip-flop clocked by clk)
Endpoint: _2190_ (rising edge-triggered flip-flop clocked by clk)
Path Group: clk
Path Type: min

Fanout     Cap    Slew   Delay    Time   Description
-----------------------------------------------------------------------------
                  0.15    0.00    0.00   clock clk (rise edge)
                          0.00    0.00   clock network delay (ideal)
                  0.15    0.00    0.00 ^ _2190_/CLK (sky130_fd_sc_hd__dfxtp_1)
                  0.06    0.34    0.34 v _2190_/Q (sky130_fd_sc_hd__dfxtp_1)
     4    0.01                           uart_tx_raspi_inst.prescale_reg[4] (net)
                  0.06    0.00    0.34 v _1830_/A (sky130_fd_sc_hd__xnor2_1)
                  0.05    0.15    0.49 ^ _1830_/Y (sky130_fd_sc_hd__xnor2_1)
     1    0.00                           _0599_ (net)
                  0.05    0.00    0.49 ^ _1831_/A2 (sky130_fd_sc_hd__a21o_1)
                  0.03    0.10    0.58 ^ _1831_/X (sky130_fd_sc_hd__a21o_1)
     1    0.00                           _0600_ (net)
                  0.03    0.00    0.58 ^ _1832_/B (sky130_fd_sc_hd__and2_1)
                  0.05    0.10    0.69 ^ _1832_/X (sky130_fd_sc_hd__and2_1)
     1    0.00                           _0601_ (net)
                  0.05    0.00    0.69 ^ _1833_/A (sky130_fd_sc_hd__clkbuf_1)
                  0.03    0.07    0.76 ^ _1833_/X (sky130_fd_sc_hd__clkbuf_1)
     1    0.00                           _0270_ (net)
                  0.03    0.00    0.76 ^ _2190_/D (sky130_fd_sc_hd__dfxtp_1)
                                  0.76   data arrival time

                  0.15    0.00    0.00   clock clk (rise edge)
                          0.00    0.00   clock network delay (ideal)
                          0.25    0.25   clock uncertainty
                          0.00    0.25   clock reconvergence pessimism
                                  0.25 ^ _2190_/CLK (sky130_fd_sc_hd__dfxtp_1)
                         -0.02    0.23   library hold time
                                  0.23   data required time
-----------------------------------------------------------------------------
                                  0.23   data required time
                                 -0.76   data arrival time
-----------------------------------------------------------------------------
                                  0.52   slack (MET)


Startpoint: _2077_ (rising edge-triggered flip-flop clocked by clk)
Endpoint: _2077_ (rising edge-triggered flip-flop clocked by clk)
Path Group: clk
Path Type: min

Fanout     Cap    Slew   Delay    Time   Description
-----------------------------------------------------------------------------
                  0.15    0.00    0.00   clock clk (rise edge)
                          0.00    0.00   clock network delay (ideal)
                  0.15    0.00    0.00 ^ _2077_/CLK (sky130_fd_sc_hd__dfxtp_1)
                  0.09    0.35    0.35 ^ _2077_/Q (sky130_fd_sc_hd__dfxtp_1)
     4    0.01                           uart_tx_jetson_inst.prescale_reg[0] (net)
                  0.09    0.00    0.35 ^ _1508_/A (sky130_fd_sc_hd__or2_1)
                  0.04    0.10    0.45 ^ _1508_/X (sky130_fd_sc_hd__or2_1)
     1    0.00                           _0390_ (net)
                  0.04    0.00    0.45 ^ _1511_/A2 (sky130_fd_sc_hd__a21oi_1)
                  0.06    0.08    0.53 v _1511_/Y (sky130_fd_sc_hd__a21oi_1)
     3    0.01                           _0393_ (net)
                  0.06    0.00    0.53 v _1512_/B (sky130_fd_sc_hd__and2b_1)
                  0.03    0.15    0.68 v _1512_/X (sky130_fd_sc_hd__and2b_1)
     1    0.00                           _0394_ (net)
                  0.03    0.00    0.68 v _1513_/A (sky130_fd_sc_hd__clkbuf_1)
                  0.02    0.07    0.75 v _1513_/X (sky130_fd_sc_hd__clkbuf_1)
     1    0.00                           _0157_ (net)
                  0.02    0.00    0.75 v _2077_/D (sky130_fd_sc_hd__dfxtp_1)
                                  0.75   data arrival time

                  0.15    0.00    0.00   clock clk (rise edge)
                          0.00    0.00   clock network delay (ideal)
                          0.25    0.25   clock uncertainty
                          0.00    0.25   clock reconvergence pessimism
                                  0.25 ^ _2077_/CLK (sky130_fd_sc_hd__dfxtp_1)
                         -0.02    0.23   library hold time
                                  0.23   data required time
-----------------------------------------------------------------------------
                                  0.23   data required time
                                 -0.75   data arrival time
-----------------------------------------------------------------------------
                                  0.52   slack (MET)


Startpoint: _2186_ (rising edge-triggered flip-flop clocked by clk)
Endpoint: _2186_ (rising edge-triggered flip-flop clocked by clk)
Path Group: clk
Path Type: min

Fanout     Cap    Slew   Delay    Time   Description
-----------------------------------------------------------------------------
                  0.15    0.00    0.00   clock clk (rise edge)
                          0.00    0.00   clock network delay (ideal)
                  0.15    0.00    0.00 ^ _2186_/CLK (sky130_fd_sc_hd__dfxtp_1)
                  0.05    0.33    0.33 v _2186_/Q (sky130_fd_sc_hd__dfxtp_1)
     4    0.01                           uart_tx_raspi_inst.prescale_reg[0] (net)
                  0.05    0.00    0.33 v _1815_/A_N (sky130_fd_sc_hd__and2b_1)
                  0.04    0.17    0.50 ^ _1815_/X (sky130_fd_sc_hd__and2b_1)
     1    0.00                           _0588_ (net)
                  0.04    0.00    0.50 ^ _1817_/A1 (sky130_fd_sc_hd__o21a_1)
                  0.09    0.14    0.65 ^ _1817_/X (sky130_fd_sc_hd__o21a_1)
     3    0.01                           _0590_ (net)
                  0.09    0.00    0.65 ^ _1818_/B (sky130_fd_sc_hd__and2b_1)
                  0.04    0.12    0.76 ^ _1818_/X (sky130_fd_sc_hd__and2b_1)
     1    0.00                           _0591_ (net)
                  0.04    0.00    0.76 ^ _1819_/A (sky130_fd_sc_hd__clkbuf_1)
                  0.04    0.07    0.83 ^ _1819_/X (sky130_fd_sc_hd__clkbuf_1)
     1    0.00                           _0266_ (net)
                  0.04    0.00    0.83 ^ _2186_/D (sky130_fd_sc_hd__dfxtp_1)
                                  0.83   data arrival time

                  0.15    0.00    0.00   clock clk (rise edge)
                          0.00    0.00   clock network delay (ideal)
                          0.25    0.25   clock uncertainty
                          0.00    0.25   clock reconvergence pessimism
                                  0.25 ^ _2186_/CLK (sky130_fd_sc_hd__dfxtp_1)
                         -0.02    0.23   library hold time
                                  0.23   data required time
-----------------------------------------------------------------------------
                                  0.23   data required time
                                 -0.83   data arrival time
-----------------------------------------------------------------------------
                                  0.60   slack (MET)


Startpoint: _2031_ (rising edge-triggered flip-flop clocked by clk)
Endpoint: _2076_ (rising edge-triggered flip-flop clocked by clk)
Path Group: clk
Path Type: min

Fanout     Cap    Slew   Delay    Time   Description
-----------------------------------------------------------------------------
                  0.15    0.00    0.00   clock clk (rise edge)
                          0.00    0.00   clock network delay (ideal)
                  0.15    0.00    0.00 ^ _2031_/CLK (sky130_fd_sc_hd__dfxtp_2)
                  0.09    0.38    0.38 v _2031_/Q (sky130_fd_sc_hd__dfxtp_2)
     9    0.03                           uart_rst (net)
                  0.09    0.00    0.38 v _1354_/A (sky130_fd_sc_hd__buf_2)
                  0.08    0.18    0.57 v _1354_/X (sky130_fd_sc_hd__buf_2)
    10    0.03                           _0963_ (net)
                  0.08    0.00    0.57 v _1408_/A (sky130_fd_sc_hd__buf_2)
                  0.09    0.18    0.75 v _1408_/X (sky130_fd_sc_hd__buf_2)
    10    0.03                           _1008_ (net)
                  0.09    0.00    0.75 v _1504_/A (sky130_fd_sc_hd__or2_1)
                  0.05    0.22    0.97 v _1504_/X (sky130_fd_sc_hd__or2_1)
     1    0.00                           _0387_ (net)
                  0.05    0.00    0.97 v _1505_/A (sky130_fd_sc_hd__clkbuf_1)
                  0.02    0.08    1.05 v _1505_/X (sky130_fd_sc_hd__clkbuf_1)
     1    0.00                           _0156_ (net)
                  0.02    0.00    1.05 v _2076_/D (sky130_fd_sc_hd__dfxtp_1)
                                  1.05   data arrival time

                  0.15    0.00    0.00   clock clk (rise edge)
                          0.00    0.00   clock network delay (ideal)
                          0.25    0.25   clock uncertainty
                          0.00    0.25   clock reconvergence pessimism
                                  0.25 ^ _2076_/CLK (sky130_fd_sc_hd__dfxtp_1)
                         -0.02    0.23   library hold time
                                  0.23   data required time
-----------------------------------------------------------------------------
                                  0.23   data required time
                                 -1.05   data arrival time
-----------------------------------------------------------------------------
                                  0.82   slack (MET)


Startpoint: _2031_ (rising edge-triggered flip-flop clocked by clk)
Endpoint: _2072_ (rising edge-triggered flip-flop clocked by clk)
Path Group: clk
Path Type: min

Fanout     Cap    Slew   Delay    Time   Description
-----------------------------------------------------------------------------
                  0.15    0.00    0.00   clock clk (rise edge)
                          0.00    0.00   clock network delay (ideal)
                  0.15    0.00    0.00 ^ _2031_/CLK (sky130_fd_sc_hd__dfxtp_2)
                  0.09    0.38    0.38 v _2031_/Q (sky130_fd_sc_hd__dfxtp_2)
     9    0.03                           uart_rst (net)
                  0.09    0.00    0.38 v _1354_/A (sky130_fd_sc_hd__buf_2)
                  0.08    0.18    0.57 v _1354_/X (sky130_fd_sc_hd__buf_2)
    10    0.03                           _0963_ (net)
                  0.08    0.00    0.57 v _1408_/A (sky130_fd_sc_hd__buf_2)
                  0.09    0.18    0.75 v _1408_/X (sky130_fd_sc_hd__buf_2)
    10    0.03                           _1008_ (net)
                  0.09    0.00    0.75 v _1480_/A (sky130_fd_sc_hd__or2_1)
                  0.05    0.22    0.97 v _1480_/X (sky130_fd_sc_hd__or2_1)
     1    0.00                           _0367_ (net)
                  0.05    0.00    0.97 v _1481_/A (sky130_fd_sc_hd__clkbuf_1)
                  0.02    0.08    1.05 v _1481_/X (sky130_fd_sc_hd__clkbuf_1)
     1    0.00                           _0152_ (net)
                  0.02    0.00    1.05 v _2072_/D (sky130_fd_sc_hd__dfxtp_1)
                                  1.05   data arrival time

                  0.15    0.00    0.00   clock clk (rise edge)
                          0.00    0.00   clock network delay (ideal)
                          0.25    0.25   clock uncertainty
                          0.00    0.25   clock reconvergence pessimism
                                  0.25 ^ _2072_/CLK (sky130_fd_sc_hd__dfxtp_1)
                         -0.02    0.23   library hold time
                                  0.23   data required time
-----------------------------------------------------------------------------
                                  0.23   data required time
                                 -1.05   data arrival time
-----------------------------------------------------------------------------
                                  0.82   slack (MET)


Startpoint: heartbeat_fc (input port clocked by clk)
Endpoint: _2223_ (removal check against rising-edge clock clk)
Path Group: asynchronous
Path Type: min

Fanout     Cap    Slew   Delay    Time   Description
-----------------------------------------------------------------------------
                  0.15    0.00    0.00   clock clk (rise edge)
                          0.00    0.00   clock network delay (ideal)
                          1.60    1.60 ^ input external delay
                  0.02    0.01    1.61 ^ heartbeat_fc (in)
     1    0.00                           heartbeat_fc (net)
                  0.02    0.00    1.61 ^ input1/A (sky130_fd_sc_hd__buf_1)
                  0.17    0.15    1.76 ^ input1/X (sky130_fd_sc_hd__buf_1)
     2    0.01                           net1 (net)
                  0.17    0.00    1.76 ^ fanout14/A (sky130_fd_sc_hd__clkbuf_2)
                  0.12    0.19    1.96 ^ fanout14/X (sky130_fd_sc_hd__clkbuf_2)
     6    0.02                           net14 (net)
                  0.12    0.00    1.96 ^ _2223_/RESET_B (sky130_fd_sc_hd__dfrtp_2)
                                  1.96   data arrival time

                  0.15    0.00    0.00   clock clk (rise edge)
                          0.00    0.00   clock network delay (ideal)
                          0.25    0.25   clock uncertainty
                          0.00    0.25   clock reconvergence pessimism
                                  0.25 ^ _2223_/CLK (sky130_fd_sc_hd__dfrtp_2)
                          0.37    0.62   library removal time
                                  0.62   data required time
-----------------------------------------------------------------------------
                                  0.62   data required time
                                 -1.96   data arrival time
-----------------------------------------------------------------------------
                                  1.34   slack (MET)


Startpoint: heartbeat_fc (input port clocked by clk)
Endpoint: _2224_ (removal check against rising-edge clock clk)
Path Group: asynchronous
Path Type: min

Fanout     Cap    Slew   Delay    Time   Description
-----------------------------------------------------------------------------
                  0.15    0.00    0.00   clock clk (rise edge)
                          0.00    0.00   clock network delay (ideal)
                          1.60    1.60 ^ input external delay
                  0.02    0.01    1.61 ^ heartbeat_fc (in)
     1    0.00                           heartbeat_fc (net)
                  0.02    0.00    1.61 ^ input1/A (sky130_fd_sc_hd__buf_1)
                  0.17    0.15    1.76 ^ input1/X (sky130_fd_sc_hd__buf_1)
     2    0.01                           net1 (net)
                  0.17    0.00    1.76 ^ fanout14/A (sky130_fd_sc_hd__clkbuf_2)
                  0.12    0.19    1.96 ^ fanout14/X (sky130_fd_sc_hd__clkbuf_2)
     6    0.02                           net14 (net)
                  0.12    0.00    1.96 ^ _2224_/RESET_B (sky130_fd_sc_hd__dfrtp_1)
                                  1.96   data arrival time

                  0.15    0.00    0.00   clock clk (rise edge)
                          0.00    0.00   clock network delay (ideal)
                          0.25    0.25   clock uncertainty
                          0.00    0.25   clock reconvergence pessimism
                                  0.25 ^ _2224_/CLK (sky130_fd_sc_hd__dfrtp_1)
                          0.37    0.62   library removal time
                                  0.62   data required time
-----------------------------------------------------------------------------
                                  0.62   data required time
                                 -1.96   data arrival time
-----------------------------------------------------------------------------
                                  1.34   slack (MET)


Startpoint: heartbeat_fc (input port clocked by clk)
Endpoint: _2225_ (removal check against rising-edge clock clk)
Path Group: asynchronous
Path Type: min

Fanout     Cap    Slew   Delay    Time   Description
-----------------------------------------------------------------------------
                  0.15    0.00    0.00   clock clk (rise edge)
                          0.00    0.00   clock network delay (ideal)
                          1.60    1.60 ^ input external delay
                  0.02    0.01    1.61 ^ heartbeat_fc (in)
     1    0.00                           heartbeat_fc (net)
                  0.02    0.00    1.61 ^ input1/A (sky130_fd_sc_hd__buf_1)
                  0.17    0.15    1.76 ^ input1/X (sky130_fd_sc_hd__buf_1)
     2    0.01                           net1 (net)
                  0.17    0.00    1.76 ^ fanout14/A (sky130_fd_sc_hd__clkbuf_2)
                  0.12    0.19    1.96 ^ fanout14/X (sky130_fd_sc_hd__clkbuf_2)
     6    0.02                           net14 (net)
                  0.12    0.00    1.96 ^ _2225_/RESET_B (sky130_fd_sc_hd__dfrtp_1)
                                  1.96   data arrival time

                  0.15    0.00    0.00   clock clk (rise edge)
                          0.00    0.00   clock network delay (ideal)
                          0.25    0.25   clock uncertainty
                          0.00    0.25   clock reconvergence pessimism
                                  0.25 ^ _2225_/CLK (sky130_fd_sc_hd__dfrtp_1)
                          0.37    0.62   library removal time
                                  0.62   data required time
-----------------------------------------------------------------------------
                                  0.62   data required time
                                 -1.96   data arrival time
-----------------------------------------------------------------------------
                                  1.34   slack (MET)


Startpoint: heartbeat_fc (input port clocked by clk)
Endpoint: _2277_ (removal check against rising-edge clock clk)
Path Group: asynchronous
Path Type: min

Fanout     Cap    Slew   Delay    Time   Description
-----------------------------------------------------------------------------
                  0.15    0.00    0.00   clock clk (rise edge)
                          0.00    0.00   clock network delay (ideal)
                          1.60    1.60 ^ input external delay
                  0.02    0.01    1.61 ^ heartbeat_fc (in)
     1    0.00                           heartbeat_fc (net)
                  0.02    0.00    1.61 ^ input1/A (sky130_fd_sc_hd__buf_1)
                  0.17    0.15    1.76 ^ input1/X (sky130_fd_sc_hd__buf_1)
     2    0.01                           net1 (net)
                  0.17    0.00    1.76 ^ fanout10/A (sky130_fd_sc_hd__clkbuf_2)
                  0.13    0.20    1.96 ^ fanout10/X (sky130_fd_sc_hd__clkbuf_2)
     6    0.02                           net10 (net)
                  0.13    0.00    1.96 ^ _2277_/RESET_B (sky130_fd_sc_hd__dfrtp_1)
                                  1.96   data arrival time

                  0.15    0.00    0.00   clock clk (rise edge)
                          0.00    0.00   clock network delay (ideal)
                          0.25    0.25   clock uncertainty
                          0.00    0.25   clock reconvergence pessimism
                                  0.25 ^ _2277_/CLK (sky130_fd_sc_hd__dfrtp_1)
                          0.37    0.62   library removal time
                                  0.62   data required time
-----------------------------------------------------------------------------
                                  0.62   data required time
                                 -1.96   data arrival time
-----------------------------------------------------------------------------
                                  1.34   slack (MET)


Startpoint: heartbeat_fc (input port clocked by clk)
Endpoint: _2278_ (removal check against rising-edge clock clk)
Path Group: asynchronous
Path Type: min

Fanout     Cap    Slew   Delay    Time   Description
-----------------------------------------------------------------------------
                  0.15    0.00    0.00   clock clk (rise edge)
                          0.00    0.00   clock network delay (ideal)
                          1.60    1.60 ^ input external delay
                  0.02    0.01    1.61 ^ heartbeat_fc (in)
     1    0.00                           heartbeat_fc (net)
                  0.02    0.00    1.61 ^ input1/A (sky130_fd_sc_hd__buf_1)
                  0.17    0.15    1.76 ^ input1/X (sky130_fd_sc_hd__buf_1)
     2    0.01                           net1 (net)
                  0.17    0.00    1.76 ^ fanout10/A (sky130_fd_sc_hd__clkbuf_2)
                  0.13    0.20    1.96 ^ fanout10/X (sky130_fd_sc_hd__clkbuf_2)
     6    0.02                           net10 (net)
                  0.13    0.00    1.96 ^ _2278_/RESET_B (sky130_fd_sc_hd__dfrtp_1)
                                  1.96   data arrival time

                  0.15    0.00    0.00   clock clk (rise edge)
                          0.00    0.00   clock network delay (ideal)
                          0.25    0.25   clock uncertainty
                          0.00    0.25   clock reconvergence pessimism
                                  0.25 ^ _2278_/CLK (sky130_fd_sc_hd__dfrtp_1)
                          0.37    0.62   library removal time
                                  0.62   data required time
-----------------------------------------------------------------------------
                                  0.62   data required time
                                 -1.96   data arrival time
-----------------------------------------------------------------------------
                                  1.34   slack (MET)


Startpoint: heartbeat_fc (input port clocked by clk)
Endpoint: _2279_ (removal check against rising-edge clock clk)
Path Group: asynchronous
Path Type: min

Fanout     Cap    Slew   Delay    Time   Description
-----------------------------------------------------------------------------
                  0.15    0.00    0.00   clock clk (rise edge)
                          0.00    0.00   clock network delay (ideal)
                          1.60    1.60 ^ input external delay
                  0.02    0.01    1.61 ^ heartbeat_fc (in)
     1    0.00                           heartbeat_fc (net)
                  0.02    0.00    1.61 ^ input1/A (sky130_fd_sc_hd__buf_1)
                  0.17    0.15    1.76 ^ input1/X (sky130_fd_sc_hd__buf_1)
     2    0.01                           net1 (net)
                  0.17    0.00    1.76 ^ fanout10/A (sky130_fd_sc_hd__clkbuf_2)
                  0.13    0.20    1.96 ^ fanout10/X (sky130_fd_sc_hd__clkbuf_2)
     6    0.02                           net10 (net)
                  0.13    0.00    1.96 ^ _2279_/RESET_B (sky130_fd_sc_hd__dfrtp_1)
                                  1.96   data arrival time

                  0.15    0.00    0.00   clock clk (rise edge)
                          0.00    0.00   clock network delay (ideal)
                          0.25    0.25   clock uncertainty
                          0.00    0.25   clock reconvergence pessimism
                                  0.25 ^ _2279_/CLK (sky130_fd_sc_hd__dfrtp_1)
                          0.37    0.62   library removal time
                                  0.62   data required time
-----------------------------------------------------------------------------
                                  0.62   data required time
                                 -1.96   data arrival time
-----------------------------------------------------------------------------
                                  1.34   slack (MET)


Startpoint: heartbeat_fc (input port clocked by clk)
Endpoint: _2229_ (removal check against rising-edge clock clk)
Path Group: asynchronous
Path Type: min

Fanout     Cap    Slew   Delay    Time   Description
-----------------------------------------------------------------------------
                  0.15    0.00    0.00   clock clk (rise edge)
                          0.00    0.00   clock network delay (ideal)
                          1.60    1.60 ^ input external delay
                  0.02    0.01    1.61 ^ heartbeat_fc (in)
     1    0.00                           heartbeat_fc (net)
                  0.02    0.00    1.61 ^ input1/A (sky130_fd_sc_hd__buf_1)
                  0.17    0.15    1.76 ^ input1/X (sky130_fd_sc_hd__buf_1)
     2    0.01                           net1 (net)
                  0.17    0.00    1.76 ^ fanout14/A (sky130_fd_sc_hd__clkbuf_2)
                  0.12    0.19    1.96 ^ fanout14/X (sky130_fd_sc_hd__clkbuf_2)
     6    0.02                           net14 (net)
                  0.12    0.00    1.96 ^ fanout13/A (sky130_fd_sc_hd__clkbuf_2)
                  0.12    0.18    2.14 ^ fanout13/X (sky130_fd_sc_hd__clkbuf_2)
     5    0.02                           net13 (net)
                  0.12    0.00    2.14 ^ _2229_/RESET_B (sky130_fd_sc_hd__dfrtp_2)
                                  2.14   data arrival time

                  0.15    0.00    0.00   clock clk (rise edge)
                          0.00    0.00   clock network delay (ideal)
                          0.25    0.25   clock uncertainty
                          0.00    0.25   clock reconvergence pessimism
                                  0.25 ^ _2229_/CLK (sky130_fd_sc_hd__dfrtp_2)
                          0.37    0.62   library removal time
                                  0.62   data required time
-----------------------------------------------------------------------------
                                  0.62   data required time
                                 -2.14   data arrival time
-----------------------------------------------------------------------------
                                  1.52   slack (MET)


Startpoint: heartbeat_fc (input port clocked by clk)
Endpoint: _2228_ (removal check against rising-edge clock clk)
Path Group: asynchronous
Path Type: min

Fanout     Cap    Slew   Delay    Time   Description
-----------------------------------------------------------------------------
                  0.15    0.00    0.00   clock clk (rise edge)
                          0.00    0.00   clock network delay (ideal)
                          1.60    1.60 ^ input external delay
                  0.02    0.01    1.61 ^ heartbeat_fc (in)
     1    0.00                           heartbeat_fc (net)
                  0.02    0.00    1.61 ^ input1/A (sky130_fd_sc_hd__buf_1)
                  0.17    0.15    1.76 ^ input1/X (sky130_fd_sc_hd__buf_1)
     2    0.01                           net1 (net)
                  0.17    0.00    1.76 ^ fanout14/A (sky130_fd_sc_hd__clkbuf_2)
                  0.12    0.19    1.96 ^ fanout14/X (sky130_fd_sc_hd__clkbuf_2)
     6    0.02                           net14 (net)
                  0.12    0.00    1.96 ^ fanout13/A (sky130_fd_sc_hd__clkbuf_2)
                  0.12    0.18    2.14 ^ fanout13/X (sky130_fd_sc_hd__clkbuf_2)
     5    0.02                           net13 (net)
                  0.12    0.00    2.14 ^ _2228_/RESET_B (sky130_fd_sc_hd__dfrtp_1)
                                  2.14   data arrival time

                  0.15    0.00    0.00   clock clk (rise edge)
                          0.00    0.00   clock network delay (ideal)
                          0.25    0.25   clock uncertainty
                          0.00    0.25   clock reconvergence pessimism
                                  0.25 ^ _2228_/CLK (sky130_fd_sc_hd__dfrtp_1)
                          0.37    0.62   library removal time
                                  0.62   data required time
-----------------------------------------------------------------------------
                                  0.62   data required time
                                 -2.14   data arrival time
-----------------------------------------------------------------------------
                                  1.52   slack (MET)


Startpoint: heartbeat_fc (input port clocked by clk)
Endpoint: _2232_ (removal check against rising-edge clock clk)
Path Group: asynchronous
Path Type: min

Fanout     Cap    Slew   Delay    Time   Description
-----------------------------------------------------------------------------
                  0.15    0.00    0.00   clock clk (rise edge)
                          0.00    0.00   clock network delay (ideal)
                          1.60    1.60 ^ input external delay
                  0.02    0.01    1.61 ^ heartbeat_fc (in)
     1    0.00                           heartbeat_fc (net)
                  0.02    0.00    1.61 ^ input1/A (sky130_fd_sc_hd__buf_1)
                  0.17    0.15    1.76 ^ input1/X (sky130_fd_sc_hd__buf_1)
     2    0.01                           net1 (net)
                  0.17    0.00    1.76 ^ fanout14/A (sky130_fd_sc_hd__clkbuf_2)
                  0.12    0.19    1.96 ^ fanout14/X (sky130_fd_sc_hd__clkbuf_2)
     6    0.02                           net14 (net)
                  0.12    0.00    1.96 ^ fanout13/A (sky130_fd_sc_hd__clkbuf_2)
                  0.12    0.18    2.14 ^ fanout13/X (sky130_fd_sc_hd__clkbuf_2)
     5    0.02                           net13 (net)
                  0.12    0.00    2.14 ^ _2232_/RESET_B (sky130_fd_sc_hd__dfrtp_1)
                                  2.14   data arrival time

                  0.15    0.00    0.00   clock clk (rise edge)
                          0.00    0.00   clock network delay (ideal)
                          0.25    0.25   clock uncertainty
                          0.00    0.25   clock reconvergence pessimism
                                  0.25 ^ _2232_/CLK (sky130_fd_sc_hd__dfrtp_1)
                          0.37    0.62   library removal time
                                  0.62   data required time
-----------------------------------------------------------------------------
                                  0.62   data required time
                                 -2.14   data arrival time
-----------------------------------------------------------------------------
                                  1.52   slack (MET)


Startpoint: heartbeat_fc (input port clocked by clk)
Endpoint: _2230_ (removal check against rising-edge clock clk)
Path Group: asynchronous
Path Type: min

Fanout     Cap    Slew   Delay    Time   Description
-----------------------------------------------------------------------------
                  0.15    0.00    0.00   clock clk (rise edge)
                          0.00    0.00   clock network delay (ideal)
                          1.60    1.60 ^ input external delay
                  0.02    0.01    1.61 ^ heartbeat_fc (in)
     1    0.00                           heartbeat_fc (net)
                  0.02    0.00    1.61 ^ input1/A (sky130_fd_sc_hd__buf_1)
                  0.17    0.15    1.76 ^ input1/X (sky130_fd_sc_hd__buf_1)
     2    0.01                           net1 (net)
                  0.17    0.00    1.76 ^ fanout14/A (sky130_fd_sc_hd__clkbuf_2)
                  0.12    0.19    1.96 ^ fanout14/X (sky130_fd_sc_hd__clkbuf_2)
     6    0.02                           net14 (net)
                  0.12    0.00    1.96 ^ fanout13/A (sky130_fd_sc_hd__clkbuf_2)
                  0.12    0.18    2.14 ^ fanout13/X (sky130_fd_sc_hd__clkbuf_2)
     5    0.02                           net13 (net)
                  0.12    0.00    2.14 ^ _2230_/RESET_B (sky130_fd_sc_hd__dfrtp_1)
                                  2.14   data arrival time

                  0.15    0.00    0.00   clock clk (rise edge)
                          0.00    0.00   clock network delay (ideal)
                          0.25    0.25   clock uncertainty
                          0.00    0.25   clock reconvergence pessimism
                                  0.25 ^ _2230_/CLK (sky130_fd_sc_hd__dfrtp_1)
                          0.37    0.62   library removal time
                                  0.62   data required time
-----------------------------------------------------------------------------
                                  0.62   data required time
                                 -2.14   data arrival time
-----------------------------------------------------------------------------
                                  1.52   slack (MET)


Startpoint: heartbeat_fc (input port clocked by clk)
Endpoint: _2231_ (removal check against rising-edge clock clk)
Path Group: asynchronous
Path Type: min

Fanout     Cap    Slew   Delay    Time   Description
-----------------------------------------------------------------------------
                  0.15    0.00    0.00   clock clk (rise edge)
                          0.00    0.00   clock network delay (ideal)
                          1.60    1.60 ^ input external delay
                  0.02    0.01    1.61 ^ heartbeat_fc (in)
     1    0.00                           heartbeat_fc (net)
                  0.02    0.00    1.61 ^ input1/A (sky130_fd_sc_hd__buf_1)
                  0.17    0.15    1.76 ^ input1/X (sky130_fd_sc_hd__buf_1)
     2    0.01                           net1 (net)
                  0.17    0.00    1.76 ^ fanout14/A (sky130_fd_sc_hd__clkbuf_2)
                  0.12    0.19    1.96 ^ fanout14/X (sky130_fd_sc_hd__clkbuf_2)
     6    0.02                           net14 (net)
                  0.12    0.00    1.96 ^ fanout13/A (sky130_fd_sc_hd__clkbuf_2)
                  0.12    0.18    2.14 ^ fanout13/X (sky130_fd_sc_hd__clkbuf_2)
     5    0.02                           net13 (net)
                  0.12    0.00    2.14 ^ _2231_/RESET_B (sky130_fd_sc_hd__dfrtp_1)
                                  2.14   data arrival time

                  0.15    0.00    0.00   clock clk (rise edge)
                          0.00    0.00   clock network delay (ideal)
                          0.25    0.25   clock uncertainty
                          0.00    0.25   clock reconvergence pessimism
                                  0.25 ^ _2231_/CLK (sky130_fd_sc_hd__dfrtp_1)
                          0.37    0.62   library removal time
                                  0.62   data required time
-----------------------------------------------------------------------------
                                  0.62   data required time
                                 -2.14   data arrival time
-----------------------------------------------------------------------------
                                  1.52   slack (MET)


Startpoint: heartbeat_fc (input port clocked by clk)
Endpoint: _2281_ (removal check against rising-edge clock clk)
Path Group: asynchronous
Path Type: min

Fanout     Cap    Slew   Delay    Time   Description
-----------------------------------------------------------------------------
                  0.15    0.00    0.00   clock clk (rise edge)
                          0.00    0.00   clock network delay (ideal)
                          1.60    1.60 ^ input external delay
                  0.02    0.01    1.61 ^ heartbeat_fc (in)
     1    0.00                           heartbeat_fc (net)
                  0.02    0.00    1.61 ^ input1/A (sky130_fd_sc_hd__buf_1)
                  0.17    0.15    1.76 ^ input1/X (sky130_fd_sc_hd__buf_1)
     2    0.01                           net1 (net)
                  0.17    0.00    1.76 ^ fanout10/A (sky130_fd_sc_hd__clkbuf_2)
                  0.13    0.20    1.96 ^ fanout10/X (sky130_fd_sc_hd__clkbuf_2)
     6    0.02                           net10 (net)
                  0.13    0.00    1.96 ^ fanout9/A (sky130_fd_sc_hd__clkbuf_2)
                  0.13    0.19    2.15 ^ fanout9/X (sky130_fd_sc_hd__clkbuf_2)
     5    0.02                           net9 (net)
                  0.13    0.00    2.15 ^ _2281_/RESET_B (sky130_fd_sc_hd__dfrtp_1)
                                  2.15   data arrival time

                  0.15    0.00    0.00   clock clk (rise edge)
                          0.00    0.00   clock network delay (ideal)
                          0.25    0.25   clock uncertainty
                          0.00    0.25   clock reconvergence pessimism
                                  0.25 ^ _2281_/CLK (sky130_fd_sc_hd__dfrtp_1)
                          0.37    0.62   library removal time
                                  0.62   data required time
-----------------------------------------------------------------------------
                                  0.62   data required time
                                 -2.15   data arrival time
-----------------------------------------------------------------------------
                                  1.52   slack (MET)


Startpoint: heartbeat_fc (input port clocked by clk)
Endpoint: _2289_ (removal check against rising-edge clock clk)
Path Group: asynchronous
Path Type: min

Fanout     Cap    Slew   Delay    Time   Description
-----------------------------------------------------------------------------
                  0.15    0.00    0.00   clock clk (rise edge)
                          0.00    0.00   clock network delay (ideal)
                          1.60    1.60 ^ input external delay
                  0.02    0.01    1.61 ^ heartbeat_fc (in)
     1    0.00                           heartbeat_fc (net)
                  0.02    0.00    1.61 ^ input1/A (sky130_fd_sc_hd__buf_1)
                  0.17    0.15    1.76 ^ input1/X (sky130_fd_sc_hd__buf_1)
     2    0.01                           net1 (net)
                  0.17    0.00    1.76 ^ fanout10/A (sky130_fd_sc_hd__clkbuf_2)
                  0.13    0.20    1.96 ^ fanout10/X (sky130_fd_sc_hd__clkbuf_2)
     6    0.02                           net10 (net)
                  0.13    0.00    1.96 ^ fanout9/A (sky130_fd_sc_hd__clkbuf_2)
                  0.13    0.19    2.15 ^ fanout9/X (sky130_fd_sc_hd__clkbuf_2)
     5    0.02                           net9 (net)
                  0.13    0.00    2.15 ^ _2289_/RESET_B (sky130_fd_sc_hd__dfrtp_1)
                                  2.15   data arrival time

                  0.15    0.00    0.00   clock clk (rise edge)
                          0.00    0.00   clock network delay (ideal)
                          0.25    0.25   clock uncertainty
                          0.00    0.25   clock reconvergence pessimism
                                  0.25 ^ _2289_/CLK (sky130_fd_sc_hd__dfrtp_1)
                          0.37    0.62   library removal time
                                  0.62   data required time
-----------------------------------------------------------------------------
                                  0.62   data required time
                                 -2.15   data arrival time
-----------------------------------------------------------------------------
                                  1.52   slack (MET)


Startpoint: heartbeat_fc (input port clocked by clk)
Endpoint: _2284_ (removal check against rising-edge clock clk)
Path Group: asynchronous
Path Type: min

Fanout     Cap    Slew   Delay    Time   Description
-----------------------------------------------------------------------------
                  0.15    0.00    0.00   clock clk (rise edge)
                          0.00    0.00   clock network delay (ideal)
                          1.60    1.60 ^ input external delay
                  0.02    0.01    1.61 ^ heartbeat_fc (in)
     1    0.00                           heartbeat_fc (net)
                  0.02    0.00    1.61 ^ input1/A (sky130_fd_sc_hd__buf_1)
                  0.17    0.15    1.76 ^ input1/X (sky130_fd_sc_hd__buf_1)
     2    0.01                           net1 (net)
                  0.17    0.00    1.76 ^ fanout10/A (sky130_fd_sc_hd__clkbuf_2)
                  0.13    0.20    1.96 ^ fanout10/X (sky130_fd_sc_hd__clkbuf_2)
     6    0.02                           net10 (net)
                  0.13    0.00    1.96 ^ fanout9/A (sky130_fd_sc_hd__clkbuf_2)
                  0.13    0.19    2.15 ^ fanout9/X (sky130_fd_sc_hd__clkbuf_2)
     5    0.02                           net9 (net)
                  0.13    0.00    2.15 ^ _2284_/RESET_B (sky130_fd_sc_hd__dfrtp_1)
                                  2.15   data arrival time

                  0.15    0.00    0.00   clock clk (rise edge)
                          0.00    0.00   clock network delay (ideal)
                          0.25    0.25   clock uncertainty
                          0.00    0.25   clock reconvergence pessimism
                                  0.25 ^ _2284_/CLK (sky130_fd_sc_hd__dfrtp_1)
                          0.37    0.62   library removal time
                                  0.62   data required time
-----------------------------------------------------------------------------
                                  0.62   data required time
                                 -2.15   data arrival time
-----------------------------------------------------------------------------
                                  1.52   slack (MET)


Startpoint: heartbeat_fc (input port clocked by clk)
Endpoint: _2288_ (removal check against rising-edge clock clk)
Path Group: asynchronous
Path Type: min

Fanout     Cap    Slew   Delay    Time   Description
-----------------------------------------------------------------------------
                  0.15    0.00    0.00   clock clk (rise edge)
                          0.00    0.00   clock network delay (ideal)
                          1.60    1.60 ^ input external delay
                  0.02    0.01    1.61 ^ heartbeat_fc (in)
     1    0.00                           heartbeat_fc (net)
                  0.02    0.00    1.61 ^ input1/A (sky130_fd_sc_hd__buf_1)
                  0.17    0.15    1.76 ^ input1/X (sky130_fd_sc_hd__buf_1)
     2    0.01                           net1 (net)
                  0.17    0.00    1.76 ^ fanout10/A (sky130_fd_sc_hd__clkbuf_2)
                  0.13    0.20    1.96 ^ fanout10/X (sky130_fd_sc_hd__clkbuf_2)
     6    0.02                           net10 (net)
                  0.13    0.00    1.96 ^ fanout9/A (sky130_fd_sc_hd__clkbuf_2)
                  0.13    0.19    2.15 ^ fanout9/X (sky130_fd_sc_hd__clkbuf_2)
     5    0.02                           net9 (net)
                  0.13    0.00    2.15 ^ _2288_/RESET_B (sky130_fd_sc_hd__dfrtp_2)
                                  2.15   data arrival time

                  0.15    0.00    0.00   clock clk (rise edge)
                          0.00    0.00   clock network delay (ideal)
                          0.25    0.25   clock uncertainty
                          0.00    0.25   clock reconvergence pessimism
                                  0.25 ^ _2288_/CLK (sky130_fd_sc_hd__dfrtp_2)
                          0.37    0.62   library removal time
                                  0.62   data required time
-----------------------------------------------------------------------------
                                  0.62   data required time
                                 -2.15   data arrival time
-----------------------------------------------------------------------------
                                  1.52   slack (MET)


Startpoint: heartbeat_fc (input port clocked by clk)
Endpoint: _2287_ (removal check against rising-edge clock clk)
Path Group: asynchronous
Path Type: min

Fanout     Cap    Slew   Delay    Time   Description
-----------------------------------------------------------------------------
                  0.15    0.00    0.00   clock clk (rise edge)
                          0.00    0.00   clock network delay (ideal)
                          1.60    1.60 ^ input external delay
                  0.02    0.01    1.61 ^ heartbeat_fc (in)
     1    0.00                           heartbeat_fc (net)
                  0.02    0.00    1.61 ^ input1/A (sky130_fd_sc_hd__buf_1)
                  0.17    0.15    1.76 ^ input1/X (sky130_fd_sc_hd__buf_1)
     2    0.01                           net1 (net)
                  0.17    0.00    1.76 ^ fanout10/A (sky130_fd_sc_hd__clkbuf_2)
                  0.13    0.20    1.96 ^ fanout10/X (sky130_fd_sc_hd__clkbuf_2)
     6    0.02                           net10 (net)
                  0.13    0.00    1.96 ^ fanout9/A (sky130_fd_sc_hd__clkbuf_2)
                  0.13    0.19    2.15 ^ fanout9/X (sky130_fd_sc_hd__clkbuf_2)
     5    0.02                           net9 (net)
                  0.13    0.00    2.15 ^ _2287_/RESET_B (sky130_fd_sc_hd__dfrtp_1)
                                  2.15   data arrival time

                  0.15    0.00    0.00   clock clk (rise edge)
                          0.00    0.00   clock network delay (ideal)
                          0.25    0.25   clock uncertainty
                          0.00    0.25   clock reconvergence pessimism
                                  0.25 ^ _2287_/CLK (sky130_fd_sc_hd__dfrtp_1)
                          0.37    0.62   library removal time
                                  0.62   data required time
-----------------------------------------------------------------------------
                                  0.62   data required time
                                 -2.15   data arrival time
-----------------------------------------------------------------------------
                                  1.52   slack (MET)


Startpoint: heartbeat_fc (input port clocked by clk)
Endpoint: _2227_ (removal check against rising-edge clock clk)
Path Group: asynchronous
Path Type: min

Fanout     Cap    Slew   Delay    Time   Description
-----------------------------------------------------------------------------
                  0.15    0.00    0.00   clock clk (rise edge)
                          0.00    0.00   clock network delay (ideal)
                          1.60    1.60 ^ input external delay
                  0.02    0.01    1.61 ^ heartbeat_fc (in)
     1    0.00                           heartbeat_fc (net)
                  0.02    0.00    1.61 ^ input1/A (sky130_fd_sc_hd__buf_1)
                  0.17    0.15    1.76 ^ input1/X (sky130_fd_sc_hd__buf_1)
     2    0.01                           net1 (net)
                  0.17    0.00    1.76 ^ fanout14/A (sky130_fd_sc_hd__clkbuf_2)
                  0.12    0.19    1.96 ^ fanout14/X (sky130_fd_sc_hd__clkbuf_2)
     6    0.02                           net14 (net)
                  0.12    0.00    1.96 ^ fanout12/A (sky130_fd_sc_hd__clkbuf_4)
                  0.14    0.22    2.18 ^ fanout12/X (sky130_fd_sc_hd__clkbuf_4)
    10    0.04                           net12 (net)
                  0.14    0.00    2.18 ^ _2227_/RESET_B (sky130_fd_sc_hd__dfrtp_2)
                                  2.18   data arrival time

                  0.15    0.00    0.00   clock clk (rise edge)
                          0.00    0.00   clock network delay (ideal)
                          0.25    0.25   clock uncertainty
                          0.00    0.25   clock reconvergence pessimism
                                  0.25 ^ _2227_/CLK (sky130_fd_sc_hd__dfrtp_2)
                          0.37    0.62   library removal time
                                  0.62   data required time
-----------------------------------------------------------------------------
                                  0.62   data required time
                                 -2.18   data arrival time
-----------------------------------------------------------------------------
                                  1.55   slack (MET)


Startpoint: heartbeat_fc (input port clocked by clk)
Endpoint: _2222_ (removal check against rising-edge clock clk)
Path Group: asynchronous
Path Type: min

Fanout     Cap    Slew   Delay    Time   Description
-----------------------------------------------------------------------------
                  0.15    0.00    0.00   clock clk (rise edge)
                          0.00    0.00   clock network delay (ideal)
                          1.60    1.60 ^ input external delay
                  0.02    0.01    1.61 ^ heartbeat_fc (in)
     1    0.00                           heartbeat_fc (net)
                  0.02    0.00    1.61 ^ input1/A (sky130_fd_sc_hd__buf_1)
                  0.17    0.15    1.76 ^ input1/X (sky130_fd_sc_hd__buf_1)
     2    0.01                           net1 (net)
                  0.17    0.00    1.76 ^ fanout14/A (sky130_fd_sc_hd__clkbuf_2)
                  0.12    0.19    1.96 ^ fanout14/X (sky130_fd_sc_hd__clkbuf_2)
     6    0.02                           net14 (net)
                  0.12    0.00    1.96 ^ fanout11/A (sky130_fd_sc_hd__clkbuf_4)
                  0.14    0.22    2.18 ^ fanout11/X (sky130_fd_sc_hd__clkbuf_4)
    10    0.04                           net11 (net)
                  0.14    0.00    2.18 ^ _2222_/RESET_B (sky130_fd_sc_hd__dfrtp_1)
                                  2.18   data arrival time

                  0.15    0.00    0.00   clock clk (rise edge)
                          0.00    0.00   clock network delay (ideal)
                          0.25    0.25   clock uncertainty
                          0.00    0.25   clock reconvergence pessimism
                                  0.25 ^ _2222_/CLK (sky130_fd_sc_hd__dfrtp_1)
                          0.37    0.62   library removal time
                                  0.62   data required time
-----------------------------------------------------------------------------
                                  0.62   data required time
                                 -2.18   data arrival time
-----------------------------------------------------------------------------
                                  1.55   slack (MET)


Startpoint: heartbeat_fc (input port clocked by clk)
Endpoint: _2226_ (removal check against rising-edge clock clk)
Path Group: asynchronous
Path Type: min

Fanout     Cap    Slew   Delay    Time   Description
-----------------------------------------------------------------------------
                  0.15    0.00    0.00   clock clk (rise edge)
                          0.00    0.00   clock network delay (ideal)
                          1.60    1.60 ^ input external delay
                  0.02    0.01    1.61 ^ heartbeat_fc (in)
     1    0.00                           heartbeat_fc (net)
                  0.02    0.00    1.61 ^ input1/A (sky130_fd_sc_hd__buf_1)
                  0.17    0.15    1.76 ^ input1/X (sky130_fd_sc_hd__buf_1)
     2    0.01                           net1 (net)
                  0.17    0.00    1.76 ^ fanout14/A (sky130_fd_sc_hd__clkbuf_2)
                  0.12    0.19    1.96 ^ fanout14/X (sky130_fd_sc_hd__clkbuf_2)
     6    0.02                           net14 (net)
                  0.12    0.00    1.96 ^ fanout12/A (sky130_fd_sc_hd__clkbuf_4)
                  0.14    0.22    2.18 ^ fanout12/X (sky130_fd_sc_hd__clkbuf_4)
    10    0.04                           net12 (net)
                  0.14    0.00    2.18 ^ _2226_/RESET_B (sky130_fd_sc_hd__dfrtp_1)
                                  2.18   data arrival time

                  0.15    0.00    0.00   clock clk (rise edge)
                          0.00    0.00   clock network delay (ideal)
                          0.25    0.25   clock uncertainty
                          0.00    0.25   clock reconvergence pessimism
                                  0.25 ^ _2226_/CLK (sky130_fd_sc_hd__dfrtp_1)
                          0.37    0.62   library removal time
                                  0.62   data required time
-----------------------------------------------------------------------------
                                  0.62   data required time
                                 -2.18   data arrival time
-----------------------------------------------------------------------------
                                  1.55   slack (MET)


Startpoint: heartbeat_fc (input port clocked by clk)
Endpoint: _2219_ (removal check against rising-edge clock clk)
Path Group: asynchronous
Path Type: min

Fanout     Cap    Slew   Delay    Time   Description
-----------------------------------------------------------------------------
                  0.15    0.00    0.00   clock clk (rise edge)
                          0.00    0.00   clock network delay (ideal)
                          1.60    1.60 ^ input external delay
                  0.02    0.01    1.61 ^ heartbeat_fc (in)
     1    0.00                           heartbeat_fc (net)
                  0.02    0.00    1.61 ^ input1/A (sky130_fd_sc_hd__buf_1)
                  0.17    0.15    1.76 ^ input1/X (sky130_fd_sc_hd__buf_1)
     2    0.01                           net1 (net)
                  0.17    0.00    1.76 ^ fanout14/A (sky130_fd_sc_hd__clkbuf_2)
                  0.12    0.19    1.96 ^ fanout14/X (sky130_fd_sc_hd__clkbuf_2)
     6    0.02                           net14 (net)
                  0.12    0.00    1.96 ^ fanout11/A (sky130_fd_sc_hd__clkbuf_4)
                  0.14    0.22    2.18 ^ fanout11/X (sky130_fd_sc_hd__clkbuf_4)
    10    0.04                           net11 (net)
                  0.14    0.00    2.18 ^ _2219_/RESET_B (sky130_fd_sc_hd__dfrtp_1)
                                  2.18   data arrival time

                  0.15    0.00    0.00   clock clk (rise edge)
                          0.00    0.00   clock network delay (ideal)
                          0.25    0.25   clock uncertainty
                          0.00    0.25   clock reconvergence pessimism
                                  0.25 ^ _2219_/CLK (sky130_fd_sc_hd__dfrtp_1)
                          0.37    0.62   library removal time
                                  0.62   data required time
-----------------------------------------------------------------------------
                                  0.62   data required time
                                 -2.18   data arrival time
-----------------------------------------------------------------------------
                                  1.55   slack (MET)


Startpoint: heartbeat_fc (input port clocked by clk)
Endpoint: _2218_ (removal check against rising-edge clock clk)
Path Group: asynchronous
Path Type: min

Fanout     Cap    Slew   Delay    Time   Description
-----------------------------------------------------------------------------
                  0.15    0.00    0.00   clock clk (rise edge)
                          0.00    0.00   clock network delay (ideal)
                          1.60    1.60 ^ input external delay
                  0.02    0.01    1.61 ^ heartbeat_fc (in)
     1    0.00                           heartbeat_fc (net)
                  0.02    0.00    1.61 ^ input1/A (sky130_fd_sc_hd__buf_1)
                  0.17    0.15    1.76 ^ input1/X (sky130_fd_sc_hd__buf_1)
     2    0.01                           net1 (net)
                  0.17    0.00    1.76 ^ fanout14/A (sky130_fd_sc_hd__clkbuf_2)
                  0.12    0.19    1.96 ^ fanout14/X (sky130_fd_sc_hd__clkbuf_2)
     6    0.02                           net14 (net)
                  0.12    0.00    1.96 ^ fanout11/A (sky130_fd_sc_hd__clkbuf_4)
                  0.14    0.22    2.18 ^ fanout11/X (sky130_fd_sc_hd__clkbuf_4)
    10    0.04                           net11 (net)
                  0.14    0.00    2.18 ^ _2218_/RESET_B (sky130_fd_sc_hd__dfrtp_1)
                                  2.18   data arrival time

                  0.15    0.00    0.00   clock clk (rise edge)
                          0.00    0.00   clock network delay (ideal)
                          0.25    0.25   clock uncertainty
                          0.00    0.25   clock reconvergence pessimism
                                  0.25 ^ _2218_/CLK (sky130_fd_sc_hd__dfrtp_1)
                          0.37    0.62   library removal time
                                  0.62   data required time
-----------------------------------------------------------------------------
                                  0.62   data required time
                                 -2.18   data arrival time
-----------------------------------------------------------------------------
                                  1.55   slack (MET)


Startpoint: heartbeat_fc (input port clocked by clk)
Endpoint: _2211_ (removal check against rising-edge clock clk)
Path Group: asynchronous
Path Type: min

Fanout     Cap    Slew   Delay    Time   Description
-----------------------------------------------------------------------------
                  0.15    0.00    0.00   clock clk (rise edge)
                          0.00    0.00   clock network delay (ideal)
                          1.60    1.60 ^ input external delay
                  0.02    0.01    1.61 ^ heartbeat_fc (in)
     1    0.00                           heartbeat_fc (net)
                  0.02    0.00    1.61 ^ input1/A (sky130_fd_sc_hd__buf_1)
                  0.17    0.15    1.76 ^ input1/X (sky130_fd_sc_hd__buf_1)
     2    0.01                           net1 (net)
                  0.17    0.00    1.76 ^ fanout14/A (sky130_fd_sc_hd__clkbuf_2)
                  0.12    0.19    1.96 ^ fanout14/X (sky130_fd_sc_hd__clkbuf_2)
     6    0.02                           net14 (net)
                  0.12    0.00    1.96 ^ fanout12/A (sky130_fd_sc_hd__clkbuf_4)
                  0.14    0.22    2.18 ^ fanout12/X (sky130_fd_sc_hd__clkbuf_4)
    10    0.04                           net12 (net)
                  0.14    0.00    2.18 ^ _2211_/RESET_B (sky130_fd_sc_hd__dfrtp_1)
                                  2.18   data arrival time

                  0.15    0.00    0.00   clock clk (rise edge)
                          0.00    0.00   clock network delay (ideal)
                          0.25    0.25   clock uncertainty
                          0.00    0.25   clock reconvergence pessimism
                                  0.25 ^ _2211_/CLK (sky130_fd_sc_hd__dfrtp_1)
                          0.37    0.62   library removal time
                                  0.62   data required time
-----------------------------------------------------------------------------
                                  0.62   data required time
                                 -2.18   data arrival time
-----------------------------------------------------------------------------
                                  1.55   slack (MET)


Startpoint: heartbeat_fc (input port clocked by clk)
Endpoint: _2217_ (removal check against rising-edge clock clk)
Path Group: asynchronous
Path Type: min

Fanout     Cap    Slew   Delay    Time   Description
-----------------------------------------------------------------------------
                  0.15    0.00    0.00   clock clk (rise edge)
                          0.00    0.00   clock network delay (ideal)
                          1.60    1.60 ^ input external delay
                  0.02    0.01    1.61 ^ heartbeat_fc (in)
     1    0.00                           heartbeat_fc (net)
                  0.02    0.00    1.61 ^ input1/A (sky130_fd_sc_hd__buf_1)
                  0.17    0.15    1.76 ^ input1/X (sky130_fd_sc_hd__buf_1)
     2    0.01                           net1 (net)
                  0.17    0.00    1.76 ^ fanout14/A (sky130_fd_sc_hd__clkbuf_2)
                  0.12    0.19    1.96 ^ fanout14/X (sky130_fd_sc_hd__clkbuf_2)
     6    0.02                           net14 (net)
                  0.12    0.00    1.96 ^ fanout11/A (sky130_fd_sc_hd__clkbuf_4)
                  0.14    0.22    2.18 ^ fanout11/X (sky130_fd_sc_hd__clkbuf_4)
    10    0.04                           net11 (net)
                  0.14    0.00    2.18 ^ _2217_/RESET_B (sky130_fd_sc_hd__dfrtp_1)
                                  2.18   data arrival time

                  0.15    0.00    0.00   clock clk (rise edge)
                          0.00    0.00   clock network delay (ideal)
                          0.25    0.25   clock uncertainty
                          0.00    0.25   clock reconvergence pessimism
                                  0.25 ^ _2217_/CLK (sky130_fd_sc_hd__dfrtp_1)
                          0.37    0.62   library removal time
                                  0.62   data required time
-----------------------------------------------------------------------------
                                  0.62   data required time
                                 -2.18   data arrival time
-----------------------------------------------------------------------------
                                  1.55   slack (MET)


Startpoint: heartbeat_fc (input port clocked by clk)
Endpoint: _2216_ (removal check against rising-edge clock clk)
Path Group: asynchronous
Path Type: min

Fanout     Cap    Slew   Delay    Time   Description
-----------------------------------------------------------------------------
                  0.15    0.00    0.00   clock clk (rise edge)
                          0.00    0.00   clock network delay (ideal)
                          1.60    1.60 ^ input external delay
                  0.02    0.01    1.61 ^ heartbeat_fc (in)
     1    0.00                           heartbeat_fc (net)
                  0.02    0.00    1.61 ^ input1/A (sky130_fd_sc_hd__buf_1)
                  0.17    0.15    1.76 ^ input1/X (sky130_fd_sc_hd__buf_1)
     2    0.01                           net1 (net)
                  0.17    0.00    1.76 ^ fanout14/A (sky130_fd_sc_hd__clkbuf_2)
                  0.12    0.19    1.96 ^ fanout14/X (sky130_fd_sc_hd__clkbuf_2)
     6    0.02                           net14 (net)
                  0.12    0.00    1.96 ^ fanout11/A (sky130_fd_sc_hd__clkbuf_4)
                  0.14    0.22    2.18 ^ fanout11/X (sky130_fd_sc_hd__clkbuf_4)
    10    0.04                           net11 (net)
                  0.14    0.00    2.18 ^ _2216_/RESET_B (sky130_fd_sc_hd__dfrtp_1)
                                  2.18   data arrival time

                  0.15    0.00    0.00   clock clk (rise edge)
                          0.00    0.00   clock network delay (ideal)
                          0.25    0.25   clock uncertainty
                          0.00    0.25   clock reconvergence pessimism
                                  0.25 ^ _2216_/CLK (sky130_fd_sc_hd__dfrtp_1)
                          0.37    0.62   library removal time
                                  0.62   data required time
-----------------------------------------------------------------------------
                                  0.62   data required time
                                 -2.18   data arrival time
-----------------------------------------------------------------------------
                                  1.55   slack (MET)


Startpoint: heartbeat_fc (input port clocked by clk)
Endpoint: _2220_ (removal check against rising-edge clock clk)
Path Group: asynchronous
Path Type: min

Fanout     Cap    Slew   Delay    Time   Description
-----------------------------------------------------------------------------
                  0.15    0.00    0.00   clock clk (rise edge)
                          0.00    0.00   clock network delay (ideal)
                          1.60    1.60 ^ input external delay
                  0.02    0.01    1.61 ^ heartbeat_fc (in)
     1    0.00                           heartbeat_fc (net)
                  0.02    0.00    1.61 ^ input1/A (sky130_fd_sc_hd__buf_1)
                  0.17    0.15    1.76 ^ input1/X (sky130_fd_sc_hd__buf_1)
     2    0.01                           net1 (net)
                  0.17    0.00    1.76 ^ fanout14/A (sky130_fd_sc_hd__clkbuf_2)
                  0.12    0.19    1.96 ^ fanout14/X (sky130_fd_sc_hd__clkbuf_2)
     6    0.02                           net14 (net)
                  0.12    0.00    1.96 ^ fanout11/A (sky130_fd_sc_hd__clkbuf_4)
                  0.14    0.22    2.18 ^ fanout11/X (sky130_fd_sc_hd__clkbuf_4)
    10    0.04                           net11 (net)
                  0.14    0.00    2.18 ^ _2220_/RESET_B (sky130_fd_sc_hd__dfrtp_1)
                                  2.18   data arrival time

                  0.15    0.00    0.00   clock clk (rise edge)
                          0.00    0.00   clock network delay (ideal)
                          0.25    0.25   clock uncertainty
                          0.00    0.25   clock reconvergence pessimism
                                  0.25 ^ _2220_/CLK (sky130_fd_sc_hd__dfrtp_1)
                          0.37    0.62   library removal time
                                  0.62   data required time
-----------------------------------------------------------------------------
                                  0.62   data required time
                                 -2.18   data arrival time
-----------------------------------------------------------------------------
                                  1.55   slack (MET)


Startpoint: heartbeat_fc (input port clocked by clk)
Endpoint: _2210_ (removal check against rising-edge clock clk)
Path Group: asynchronous
Path Type: min

Fanout     Cap    Slew   Delay    Time   Description
-----------------------------------------------------------------------------
                  0.15    0.00    0.00   clock clk (rise edge)
                          0.00    0.00   clock network delay (ideal)
                          1.60    1.60 ^ input external delay
                  0.02    0.01    1.61 ^ heartbeat_fc (in)
     1    0.00                           heartbeat_fc (net)
                  0.02    0.00    1.61 ^ input1/A (sky130_fd_sc_hd__buf_1)
                  0.17    0.15    1.76 ^ input1/X (sky130_fd_sc_hd__buf_1)
     2    0.01                           net1 (net)
                  0.17    0.00    1.76 ^ fanout14/A (sky130_fd_sc_hd__clkbuf_2)
                  0.12    0.19    1.96 ^ fanout14/X (sky130_fd_sc_hd__clkbuf_2)
     6    0.02                           net14 (net)
                  0.12    0.00    1.96 ^ fanout12/A (sky130_fd_sc_hd__clkbuf_4)
                  0.14    0.22    2.18 ^ fanout12/X (sky130_fd_sc_hd__clkbuf_4)
    10    0.04                           net12 (net)
                  0.14    0.00    2.18 ^ _2210_/RESET_B (sky130_fd_sc_hd__dfrtp_1)
                                  2.18   data arrival time

                  0.15    0.00    0.00   clock clk (rise edge)
                          0.00    0.00   clock network delay (ideal)
                          0.25    0.25   clock uncertainty
                          0.00    0.25   clock reconvergence pessimism
                                  0.25 ^ _2210_/CLK (sky130_fd_sc_hd__dfrtp_1)
                          0.37    0.62   library removal time
                                  0.62   data required time
-----------------------------------------------------------------------------
                                  0.62   data required time
                                 -2.18   data arrival time
-----------------------------------------------------------------------------
                                  1.55   slack (MET)


Startpoint: heartbeat_fc (input port clocked by clk)
Endpoint: _2209_ (removal check against rising-edge clock clk)
Path Group: asynchronous
Path Type: min

Fanout     Cap    Slew   Delay    Time   Description
-----------------------------------------------------------------------------
                  0.15    0.00    0.00   clock clk (rise edge)
                          0.00    0.00   clock network delay (ideal)
                          1.60    1.60 ^ input external delay
                  0.02    0.01    1.61 ^ heartbeat_fc (in)
     1    0.00                           heartbeat_fc (net)
                  0.02    0.00    1.61 ^ input1/A (sky130_fd_sc_hd__buf_1)
                  0.17    0.15    1.76 ^ input1/X (sky130_fd_sc_hd__buf_1)
     2    0.01                           net1 (net)
                  0.17    0.00    1.76 ^ fanout14/A (sky130_fd_sc_hd__clkbuf_2)
                  0.12    0.19    1.96 ^ fanout14/X (sky130_fd_sc_hd__clkbuf_2)
     6    0.02                           net14 (net)
                  0.12    0.00    1.96 ^ fanout12/A (sky130_fd_sc_hd__clkbuf_4)
                  0.14    0.22    2.18 ^ fanout12/X (sky130_fd_sc_hd__clkbuf_4)
    10    0.04                           net12 (net)
                  0.14    0.00    2.18 ^ _2209_/RESET_B (sky130_fd_sc_hd__dfrtp_2)
                                  2.18   data arrival time

                  0.15    0.00    0.00   clock clk (rise edge)
                          0.00    0.00   clock network delay (ideal)
                          0.25    0.25   clock uncertainty
                          0.00    0.25   clock reconvergence pessimism
                                  0.25 ^ _2209_/CLK (sky130_fd_sc_hd__dfrtp_2)
                          0.37    0.62   library removal time
                                  0.62   data required time
-----------------------------------------------------------------------------
                                  0.62   data required time
                                 -2.18   data arrival time
-----------------------------------------------------------------------------
                                  1.55   slack (MET)


Startpoint: heartbeat_fc (input port clocked by clk)
Endpoint: _2221_ (removal check against rising-edge clock clk)
Path Group: asynchronous
Path Type: min

Fanout     Cap    Slew   Delay    Time   Description
-----------------------------------------------------------------------------
                  0.15    0.00    0.00   clock clk (rise edge)
                          0.00    0.00   clock network delay (ideal)
                          1.60    1.60 ^ input external delay
                  0.02    0.01    1.61 ^ heartbeat_fc (in)
     1    0.00                           heartbeat_fc (net)
                  0.02    0.00    1.61 ^ input1/A (sky130_fd_sc_hd__buf_1)
                  0.17    0.15    1.76 ^ input1/X (sky130_fd_sc_hd__buf_1)
     2    0.01                           net1 (net)
                  0.17    0.00    1.76 ^ fanout14/A (sky130_fd_sc_hd__clkbuf_2)
                  0.12    0.19    1.96 ^ fanout14/X (sky130_fd_sc_hd__clkbuf_2)
     6    0.02                           net14 (net)
                  0.12    0.00    1.96 ^ fanout11/A (sky130_fd_sc_hd__clkbuf_4)
                  0.14    0.22    2.18 ^ fanout11/X (sky130_fd_sc_hd__clkbuf_4)
    10    0.04                           net11 (net)
                  0.14    0.00    2.18 ^ _2221_/RESET_B (sky130_fd_sc_hd__dfrtp_1)
                                  2.18   data arrival time

                  0.15    0.00    0.00   clock clk (rise edge)
                          0.00    0.00   clock network delay (ideal)
                          0.25    0.25   clock uncertainty
                          0.00    0.25   clock reconvergence pessimism
                                  0.25 ^ _2221_/CLK (sky130_fd_sc_hd__dfrtp_1)
                          0.37    0.62   library removal time
                                  0.62   data required time
-----------------------------------------------------------------------------
                                  0.62   data required time
                                 -2.18   data arrival time
-----------------------------------------------------------------------------
                                  1.55   slack (MET)


Startpoint: heartbeat_fc (input port clocked by clk)
Endpoint: _2290_ (removal check against rising-edge clock clk)
Path Group: asynchronous
Path Type: min

Fanout     Cap    Slew   Delay    Time   Description
-----------------------------------------------------------------------------
                  0.15    0.00    0.00   clock clk (rise edge)
                          0.00    0.00   clock network delay (ideal)
                          1.60    1.60 ^ input external delay
                  0.02    0.01    1.61 ^ heartbeat_fc (in)
     1    0.00                           heartbeat_fc (net)
                  0.02    0.00    1.61 ^ input1/A (sky130_fd_sc_hd__buf_1)
                  0.17    0.15    1.76 ^ input1/X (sky130_fd_sc_hd__buf_1)
     2    0.01                           net1 (net)
                  0.17    0.00    1.76 ^ fanout14/A (sky130_fd_sc_hd__clkbuf_2)
                  0.12    0.19    1.96 ^ fanout14/X (sky130_fd_sc_hd__clkbuf_2)
     6    0.02                           net14 (net)
                  0.12    0.00    1.96 ^ fanout12/A (sky130_fd_sc_hd__clkbuf_4)
                  0.14    0.22    2.18 ^ fanout12/X (sky130_fd_sc_hd__clkbuf_4)
    10    0.04                           net12 (net)
                  0.14    0.00    2.18 ^ _2290_/RESET_B (sky130_fd_sc_hd__dfrtp_1)
                                  2.18   data arrival time

                  0.15    0.00    0.00   clock clk (rise edge)
                          0.00    0.00   clock network delay (ideal)
                          0.25    0.25   clock uncertainty
                          0.00    0.25   clock reconvergence pessimism
                                  0.25 ^ _2290_/CLK (sky130_fd_sc_hd__dfrtp_1)
                          0.37    0.62   library removal time
                                  0.62   data required time
-----------------------------------------------------------------------------
                                  0.62   data required time
                                 -2.18   data arrival time
-----------------------------------------------------------------------------
                                  1.55   slack (MET)


Startpoint: heartbeat_fc (input port clocked by clk)
Endpoint: _2214_ (removal check against rising-edge clock clk)
Path Group: asynchronous
Path Type: min

Fanout     Cap    Slew   Delay    Time   Description
-----------------------------------------------------------------------------
                  0.15    0.00    0.00   clock clk (rise edge)
                          0.00    0.00   clock network delay (ideal)
                          1.60    1.60 ^ input external delay
                  0.02    0.01    1.61 ^ heartbeat_fc (in)
     1    0.00                           heartbeat_fc (net)
                  0.02    0.00    1.61 ^ input1/A (sky130_fd_sc_hd__buf_1)
                  0.17    0.15    1.76 ^ input1/X (sky130_fd_sc_hd__buf_1)
     2    0.01                           net1 (net)
                  0.17    0.00    1.76 ^ fanout14/A (sky130_fd_sc_hd__clkbuf_2)
                  0.12    0.19    1.96 ^ fanout14/X (sky130_fd_sc_hd__clkbuf_2)
     6    0.02                           net14 (net)
                  0.12    0.00    1.96 ^ fanout11/A (sky130_fd_sc_hd__clkbuf_4)
                  0.14    0.22    2.18 ^ fanout11/X (sky130_fd_sc_hd__clkbuf_4)
    10    0.04                           net11 (net)
                  0.14    0.00    2.18 ^ _2214_/RESET_B (sky130_fd_sc_hd__dfrtp_1)
                                  2.18   data arrival time

                  0.15    0.00    0.00   clock clk (rise edge)
                          0.00    0.00   clock network delay (ideal)
                          0.25    0.25   clock uncertainty
                          0.00    0.25   clock reconvergence pessimism
                                  0.25 ^ _2214_/CLK (sky130_fd_sc_hd__dfrtp_1)
                          0.37    0.62   library removal time
                                  0.62   data required time
-----------------------------------------------------------------------------
                                  0.62   data required time
                                 -2.18   data arrival time
-----------------------------------------------------------------------------
                                  1.55   slack (MET)


Startpoint: heartbeat_fc (input port clocked by clk)
Endpoint: _2234_ (removal check against rising-edge clock clk)
Path Group: asynchronous
Path Type: min

Fanout     Cap    Slew   Delay    Time   Description
-----------------------------------------------------------------------------
                  0.15    0.00    0.00   clock clk (rise edge)
                          0.00    0.00   clock network delay (ideal)
                          1.60    1.60 ^ input external delay
                  0.02    0.01    1.61 ^ heartbeat_fc (in)
     1    0.00                           heartbeat_fc (net)
                  0.02    0.00    1.61 ^ input1/A (sky130_fd_sc_hd__buf_1)
                  0.17    0.15    1.76 ^ input1/X (sky130_fd_sc_hd__buf_1)
     2    0.01                           net1 (net)
                  0.17    0.00    1.76 ^ fanout14/A (sky130_fd_sc_hd__clkbuf_2)
                  0.12    0.19    1.96 ^ fanout14/X (sky130_fd_sc_hd__clkbuf_2)
     6    0.02                           net14 (net)
                  0.12    0.00    1.96 ^ fanout12/A (sky130_fd_sc_hd__clkbuf_4)
                  0.14    0.22    2.18 ^ fanout12/X (sky130_fd_sc_hd__clkbuf_4)
    10    0.04                           net12 (net)
                  0.14    0.00    2.18 ^ _2234_/RESET_B (sky130_fd_sc_hd__dfrtp_1)
                                  2.18   data arrival time

                  0.15    0.00    0.00   clock clk (rise edge)
                          0.00    0.00   clock network delay (ideal)
                          0.25    0.25   clock uncertainty
                          0.00    0.25   clock reconvergence pessimism
                                  0.25 ^ _2234_/CLK (sky130_fd_sc_hd__dfrtp_1)
                          0.37    0.62   library removal time
                                  0.62   data required time
-----------------------------------------------------------------------------
                                  0.62   data required time
                                 -2.18   data arrival time
-----------------------------------------------------------------------------
                                  1.55   slack (MET)


Startpoint: heartbeat_fc (input port clocked by clk)
Endpoint: _2235_ (removal check against rising-edge clock clk)
Path Group: asynchronous
Path Type: min

Fanout     Cap    Slew   Delay    Time   Description
-----------------------------------------------------------------------------
                  0.15    0.00    0.00   clock clk (rise edge)
                          0.00    0.00   clock network delay (ideal)
                          1.60    1.60 ^ input external delay
                  0.02    0.01    1.61 ^ heartbeat_fc (in)
     1    0.00                           heartbeat_fc (net)
                  0.02    0.00    1.61 ^ input1/A (sky130_fd_sc_hd__buf_1)
                  0.17    0.15    1.76 ^ input1/X (sky130_fd_sc_hd__buf_1)
     2    0.01                           net1 (net)
                  0.17    0.00    1.76 ^ fanout14/A (sky130_fd_sc_hd__clkbuf_2)
                  0.12    0.19    1.96 ^ fanout14/X (sky130_fd_sc_hd__clkbuf_2)
     6    0.02                           net14 (net)
                  0.12    0.00    1.96 ^ fanout12/A (sky130_fd_sc_hd__clkbuf_4)
                  0.14    0.22    2.18 ^ fanout12/X (sky130_fd_sc_hd__clkbuf_4)
    10    0.04                           net12 (net)
                  0.14    0.00    2.18 ^ _2235_/RESET_B (sky130_fd_sc_hd__dfrtp_1)
                                  2.18   data arrival time

                  0.15    0.00    0.00   clock clk (rise edge)
                          0.00    0.00   clock network delay (ideal)
                          0.25    0.25   clock uncertainty
                          0.00    0.25   clock reconvergence pessimism
                                  0.25 ^ _2235_/CLK (sky130_fd_sc_hd__dfrtp_1)
                          0.37    0.62   library removal time
                                  0.62   data required time
-----------------------------------------------------------------------------
                                  0.62   data required time
                                 -2.18   data arrival time
-----------------------------------------------------------------------------
                                  1.55   slack (MET)


Startpoint: heartbeat_fc (input port clocked by clk)
Endpoint: _2233_ (removal check against rising-edge clock clk)
Path Group: asynchronous
Path Type: min

Fanout     Cap    Slew   Delay    Time   Description
-----------------------------------------------------------------------------
                  0.15    0.00    0.00   clock clk (rise edge)
                          0.00    0.00   clock network delay (ideal)
                          1.60    1.60 ^ input external delay
                  0.02    0.01    1.61 ^ heartbeat_fc (in)
     1    0.00                           heartbeat_fc (net)
                  0.02    0.00    1.61 ^ input1/A (sky130_fd_sc_hd__buf_1)
                  0.17    0.15    1.76 ^ input1/X (sky130_fd_sc_hd__buf_1)
     2    0.01                           net1 (net)
                  0.17    0.00    1.76 ^ fanout14/A (sky130_fd_sc_hd__clkbuf_2)
                  0.12    0.19    1.96 ^ fanout14/X (sky130_fd_sc_hd__clkbuf_2)
     6    0.02                           net14 (net)
                  0.12    0.00    1.96 ^ fanout12/A (sky130_fd_sc_hd__clkbuf_4)
                  0.14    0.22    2.18 ^ fanout12/X (sky130_fd_sc_hd__clkbuf_4)
    10    0.04                           net12 (net)
                  0.14    0.00    2.18 ^ _2233_/RESET_B (sky130_fd_sc_hd__dfrtp_2)
                                  2.18   data arrival time

                  0.15    0.00    0.00   clock clk (rise edge)
                          0.00    0.00   clock network delay (ideal)
                          0.25    0.25   clock uncertainty
                          0.00    0.25   clock reconvergence pessimism
                                  0.25 ^ _2233_/CLK (sky130_fd_sc_hd__dfrtp_2)
                          0.37    0.62   library removal time
                                  0.62   data required time
-----------------------------------------------------------------------------
                                  0.62   data required time
                                 -2.18   data arrival time
-----------------------------------------------------------------------------
                                  1.55   slack (MET)


Startpoint: heartbeat_fc (input port clocked by clk)
Endpoint: _2213_ (removal check against rising-edge clock clk)
Path Group: asynchronous
Path Type: min

Fanout     Cap    Slew   Delay    Time   Description
-----------------------------------------------------------------------------
                  0.15    0.00    0.00   clock clk (rise edge)
                          0.00    0.00   clock network delay (ideal)
                          1.60    1.60 ^ input external delay
                  0.02    0.01    1.61 ^ heartbeat_fc (in)
     1    0.00                           heartbeat_fc (net)
                  0.02    0.00    1.61 ^ input1/A (sky130_fd_sc_hd__buf_1)
                  0.17    0.15    1.76 ^ input1/X (sky130_fd_sc_hd__buf_1)
     2    0.01                           net1 (net)
                  0.17    0.00    1.76 ^ fanout14/A (sky130_fd_sc_hd__clkbuf_2)
                  0.12    0.19    1.96 ^ fanout14/X (sky130_fd_sc_hd__clkbuf_2)
     6    0.02                           net14 (net)
                  0.12    0.00    1.96 ^ fanout11/A (sky130_fd_sc_hd__clkbuf_4)
                  0.14    0.22    2.18 ^ fanout11/X (sky130_fd_sc_hd__clkbuf_4)
    10    0.04                           net11 (net)
                  0.14    0.00    2.18 ^ _2213_/RESET_B (sky130_fd_sc_hd__dfrtp_1)
                                  2.18   data arrival time

                  0.15    0.00    0.00   clock clk (rise edge)
                          0.00    0.00   clock network delay (ideal)
                          0.25    0.25   clock uncertainty
                          0.00    0.25   clock reconvergence pessimism
                                  0.25 ^ _2213_/CLK (sky130_fd_sc_hd__dfrtp_1)
                          0.37    0.62   library removal time
                                  0.62   data required time
-----------------------------------------------------------------------------
                                  0.62   data required time
                                 -2.18   data arrival time
-----------------------------------------------------------------------------
                                  1.55   slack (MET)


Startpoint: heartbeat_fc (input port clocked by clk)
Endpoint: _2212_ (removal check against rising-edge clock clk)
Path Group: asynchronous
Path Type: min

Fanout     Cap    Slew   Delay    Time   Description
-----------------------------------------------------------------------------
                  0.15    0.00    0.00   clock clk (rise edge)
                          0.00    0.00   clock network delay (ideal)
                          1.60    1.60 ^ input external delay
                  0.02    0.01    1.61 ^ heartbeat_fc (in)
     1    0.00                           heartbeat_fc (net)
                  0.02    0.00    1.61 ^ input1/A (sky130_fd_sc_hd__buf_1)
                  0.17    0.15    1.76 ^ input1/X (sky130_fd_sc_hd__buf_1)
     2    0.01                           net1 (net)
                  0.17    0.00    1.76 ^ fanout14/A (sky130_fd_sc_hd__clkbuf_2)
                  0.12    0.19    1.96 ^ fanout14/X (sky130_fd_sc_hd__clkbuf_2)
     6    0.02                           net14 (net)
                  0.12    0.00    1.96 ^ fanout11/A (sky130_fd_sc_hd__clkbuf_4)
                  0.14    0.22    2.18 ^ fanout11/X (sky130_fd_sc_hd__clkbuf_4)
    10    0.04                           net11 (net)
                  0.14    0.00    2.18 ^ _2212_/RESET_B (sky130_fd_sc_hd__dfrtp_1)
                                  2.18   data arrival time

                  0.15    0.00    0.00   clock clk (rise edge)
                          0.00    0.00   clock network delay (ideal)
                          0.25    0.25   clock uncertainty
                          0.00    0.25   clock reconvergence pessimism
                                  0.25 ^ _2212_/CLK (sky130_fd_sc_hd__dfrtp_1)
                          0.37    0.62   library removal time
                                  0.62   data required time
-----------------------------------------------------------------------------
                                  0.62   data required time
                                 -2.18   data arrival time
-----------------------------------------------------------------------------
                                  1.55   slack (MET)


Startpoint: heartbeat_fc (input port clocked by clk)
Endpoint: _2280_ (removal check against rising-edge clock clk)
Path Group: asynchronous
Path Type: min

Fanout     Cap    Slew   Delay    Time   Description
-----------------------------------------------------------------------------
                  0.15    0.00    0.00   clock clk (rise edge)
                          0.00    0.00   clock network delay (ideal)
                          1.60    1.60 ^ input external delay
                  0.02    0.01    1.61 ^ heartbeat_fc (in)
     1    0.00                           heartbeat_fc (net)
                  0.02    0.00    1.61 ^ input1/A (sky130_fd_sc_hd__buf_1)
                  0.17    0.15    1.76 ^ input1/X (sky130_fd_sc_hd__buf_1)
     2    0.01                           net1 (net)
                  0.17    0.00    1.76 ^ fanout10/A (sky130_fd_sc_hd__clkbuf_2)
                  0.13    0.20    1.96 ^ fanout10/X (sky130_fd_sc_hd__clkbuf_2)
     6    0.02                           net10 (net)
                  0.13    0.00    1.96 ^ fanout8/A (sky130_fd_sc_hd__clkbuf_4)
                  0.14    0.22    2.18 ^ fanout8/X (sky130_fd_sc_hd__clkbuf_4)
    10    0.04                           net8 (net)
                  0.14    0.00    2.18 ^ _2280_/RESET_B (sky130_fd_sc_hd__dfrtp_1)
                                  2.18   data arrival time

                  0.15    0.00    0.00   clock clk (rise edge)
                          0.00    0.00   clock network delay (ideal)
                          0.25    0.25   clock uncertainty
                          0.00    0.25   clock reconvergence pessimism
                                  0.25 ^ _2280_/CLK (sky130_fd_sc_hd__dfrtp_1)
                          0.37    0.62   library removal time
                                  0.62   data required time
-----------------------------------------------------------------------------
                                  0.62   data required time
                                 -2.18   data arrival time
-----------------------------------------------------------------------------
                                  1.56   slack (MET)


Startpoint: heartbeat_fc (input port clocked by clk)
Endpoint: _2282_ (removal check against rising-edge clock clk)
Path Group: asynchronous
Path Type: min

Fanout     Cap    Slew   Delay    Time   Description
-----------------------------------------------------------------------------
                  0.15    0.00    0.00   clock clk (rise edge)
                          0.00    0.00   clock network delay (ideal)
                          1.60    1.60 ^ input external delay
                  0.02    0.01    1.61 ^ heartbeat_fc (in)
     1    0.00                           heartbeat_fc (net)
                  0.02    0.00    1.61 ^ input1/A (sky130_fd_sc_hd__buf_1)
                  0.17    0.15    1.76 ^ input1/X (sky130_fd_sc_hd__buf_1)
     2    0.01                           net1 (net)
                  0.17    0.00    1.76 ^ fanout10/A (sky130_fd_sc_hd__clkbuf_2)
                  0.13    0.20    1.96 ^ fanout10/X (sky130_fd_sc_hd__clkbuf_2)
     6    0.02                           net10 (net)
                  0.13    0.00    1.96 ^ fanout8/A (sky130_fd_sc_hd__clkbuf_4)
                  0.14    0.22    2.18 ^ fanout8/X (sky130_fd_sc_hd__clkbuf_4)
    10    0.04                           net8 (net)
                  0.14    0.00    2.18 ^ _2282_/RESET_B (sky130_fd_sc_hd__dfrtp_1)
                                  2.18   data arrival time

                  0.15    0.00    0.00   clock clk (rise edge)
                          0.00    0.00   clock network delay (ideal)
                          0.25    0.25   clock uncertainty
                          0.00    0.25   clock reconvergence pessimism
                                  0.25 ^ _2282_/CLK (sky130_fd_sc_hd__dfrtp_1)
                          0.37    0.62   library removal time
                                  0.62   data required time
-----------------------------------------------------------------------------
                                  0.62   data required time
                                 -2.18   data arrival time
-----------------------------------------------------------------------------
                                  1.56   slack (MET)


Startpoint: heartbeat_fc (input port clocked by clk)
Endpoint: _2283_ (removal check against rising-edge clock clk)
Path Group: asynchronous
Path Type: min

Fanout     Cap    Slew   Delay    Time   Description
-----------------------------------------------------------------------------
                  0.15    0.00    0.00   clock clk (rise edge)
                          0.00    0.00   clock network delay (ideal)
                          1.60    1.60 ^ input external delay
                  0.02    0.01    1.61 ^ heartbeat_fc (in)
     1    0.00                           heartbeat_fc (net)
                  0.02    0.00    1.61 ^ input1/A (sky130_fd_sc_hd__buf_1)
                  0.17    0.15    1.76 ^ input1/X (sky130_fd_sc_hd__buf_1)
     2    0.01                           net1 (net)
                  0.17    0.00    1.76 ^ fanout10/A (sky130_fd_sc_hd__clkbuf_2)
                  0.13    0.20    1.96 ^ fanout10/X (sky130_fd_sc_hd__clkbuf_2)
     6    0.02                           net10 (net)
                  0.13    0.00    1.96 ^ fanout8/A (sky130_fd_sc_hd__clkbuf_4)
                  0.14    0.22    2.18 ^ fanout8/X (sky130_fd_sc_hd__clkbuf_4)
    10    0.04                           net8 (net)
                  0.14    0.00    2.18 ^ _2283_/RESET_B (sky130_fd_sc_hd__dfrtp_1)
                                  2.18   data arrival time

                  0.15    0.00    0.00   clock clk (rise edge)
                          0.00    0.00   clock network delay (ideal)
                          0.25    0.25   clock uncertainty
                          0.00    0.25   clock reconvergence pessimism
                                  0.25 ^ _2283_/CLK (sky130_fd_sc_hd__dfrtp_1)
                          0.37    0.62   library removal time
                                  0.62   data required time
-----------------------------------------------------------------------------
                                  0.62   data required time
                                 -2.18   data arrival time
-----------------------------------------------------------------------------
                                  1.56   slack (MET)


Startpoint: heartbeat_fc (input port clocked by clk)
Endpoint: _2286_ (removal check against rising-edge clock clk)
Path Group: asynchronous
Path Type: min

Fanout     Cap    Slew   Delay    Time   Description
-----------------------------------------------------------------------------
                  0.15    0.00    0.00   clock clk (rise edge)
                          0.00    0.00   clock network delay (ideal)
                          1.60    1.60 ^ input external delay
                  0.02    0.01    1.61 ^ heartbeat_fc (in)
     1    0.00                           heartbeat_fc (net)
                  0.02    0.00    1.61 ^ input1/A (sky130_fd_sc_hd__buf_1)
                  0.17    0.15    1.76 ^ input1/X (sky130_fd_sc_hd__buf_1)
     2    0.01                           net1 (net)
                  0.17    0.00    1.76 ^ fanout10/A (sky130_fd_sc_hd__clkbuf_2)
                  0.13    0.20    1.96 ^ fanout10/X (sky130_fd_sc_hd__clkbuf_2)
     6    0.02                           net10 (net)
                  0.13    0.00    1.96 ^ fanout8/A (sky130_fd_sc_hd__clkbuf_4)
                  0.14    0.22    2.18 ^ fanout8/X (sky130_fd_sc_hd__clkbuf_4)
    10    0.04                           net8 (net)
                  0.14    0.00    2.18 ^ _2286_/RESET_B (sky130_fd_sc_hd__dfrtp_1)
                                  2.18   data arrival time

                  0.15    0.00    0.00   clock clk (rise edge)
                          0.00    0.00   clock network delay (ideal)
                          0.25    0.25   clock uncertainty
                          0.00    0.25   clock reconvergence pessimism
                                  0.25 ^ _2286_/CLK (sky130_fd_sc_hd__dfrtp_1)
                          0.37    0.62   library removal time
                                  0.62   data required time
-----------------------------------------------------------------------------
                                  0.62   data required time
                                 -2.18   data arrival time
-----------------------------------------------------------------------------
                                  1.56   slack (MET)


Startpoint: heartbeat_fc (input port clocked by clk)
Endpoint: _2285_ (removal check against rising-edge clock clk)
Path Group: asynchronous
Path Type: min

Fanout     Cap    Slew   Delay    Time   Description
-----------------------------------------------------------------------------
                  0.15    0.00    0.00   clock clk (rise edge)
                          0.00    0.00   clock network delay (ideal)
                          1.60    1.60 ^ input external delay
                  0.02    0.01    1.61 ^ heartbeat_fc (in)
     1    0.00                           heartbeat_fc (net)
                  0.02    0.00    1.61 ^ input1/A (sky130_fd_sc_hd__buf_1)
                  0.17    0.15    1.76 ^ input1/X (sky130_fd_sc_hd__buf_1)
     2    0.01                           net1 (net)
                  0.17    0.00    1.76 ^ fanout10/A (sky130_fd_sc_hd__clkbuf_2)
                  0.13    0.20    1.96 ^ fanout10/X (sky130_fd_sc_hd__clkbuf_2)
     6    0.02                           net10 (net)
                  0.13    0.00    1.96 ^ fanout8/A (sky130_fd_sc_hd__clkbuf_4)
                  0.14    0.22    2.18 ^ fanout8/X (sky130_fd_sc_hd__clkbuf_4)
    10    0.04                           net8 (net)
                  0.14    0.00    2.18 ^ _2285_/RESET_B (sky130_fd_sc_hd__dfrtp_1)
                                  2.18   data arrival time

                  0.15    0.00    0.00   clock clk (rise edge)
                          0.00    0.00   clock network delay (ideal)
                          0.25    0.25   clock uncertainty
                          0.00    0.25   clock reconvergence pessimism
                                  0.25 ^ _2285_/CLK (sky130_fd_sc_hd__dfrtp_1)
                          0.37    0.62   library removal time
                                  0.62   data required time
-----------------------------------------------------------------------------
                                  0.62   data required time
                                 -2.18   data arrival time
-----------------------------------------------------------------------------
                                  1.56   slack (MET)


Startpoint: heartbeat_fc (input port clocked by clk)
Endpoint: _2265_ (removal check against rising-edge clock clk)
Path Group: asynchronous
Path Type: min

Fanout     Cap    Slew   Delay    Time   Description
-----------------------------------------------------------------------------
                  0.15    0.00    0.00   clock clk (rise edge)
                          0.00    0.00   clock network delay (ideal)
                          1.60    1.60 ^ input external delay
                  0.02    0.01    1.61 ^ heartbeat_fc (in)
     1    0.00                           heartbeat_fc (net)
                  0.02    0.00    1.61 ^ input1/A (sky130_fd_sc_hd__buf_1)
                  0.17    0.15    1.76 ^ input1/X (sky130_fd_sc_hd__buf_1)
     2    0.01                           net1 (net)
                  0.17    0.00    1.76 ^ fanout10/A (sky130_fd_sc_hd__clkbuf_2)
                  0.13    0.20    1.96 ^ fanout10/X (sky130_fd_sc_hd__clkbuf_2)
     6    0.02                           net10 (net)
                  0.13    0.00    1.96 ^ fanout8/A (sky130_fd_sc_hd__clkbuf_4)
                  0.14    0.22    2.18 ^ fanout8/X (sky130_fd_sc_hd__clkbuf_4)
    10    0.04                           net8 (net)
                  0.14    0.00    2.18 ^ _2265_/RESET_B (sky130_fd_sc_hd__dfrtp_2)
                                  2.18   data arrival time

                  0.15    0.00    0.00   clock clk (rise edge)
                          0.00    0.00   clock network delay (ideal)
                          0.25    0.25   clock uncertainty
                          0.00    0.25   clock reconvergence pessimism
                                  0.25 ^ _2265_/CLK (sky130_fd_sc_hd__dfrtp_2)
                          0.37    0.62   library removal time
                                  0.62   data required time
-----------------------------------------------------------------------------
                                  0.62   data required time
                                 -2.18   data arrival time
-----------------------------------------------------------------------------
                                  1.56   slack (MET)


Startpoint: heartbeat_fc (input port clocked by clk)
Endpoint: _2236_ (removal check against rising-edge clock clk)
Path Group: asynchronous
Path Type: min

Fanout     Cap    Slew   Delay    Time   Description
-----------------------------------------------------------------------------
                  0.15    0.00    0.00   clock clk (rise edge)
                          0.00    0.00   clock network delay (ideal)
                          1.60    1.60 ^ input external delay
                  0.02    0.01    1.61 ^ heartbeat_fc (in)
     1    0.00                           heartbeat_fc (net)
                  0.02    0.00    1.61 ^ input1/A (sky130_fd_sc_hd__buf_1)
                  0.17    0.15    1.76 ^ input1/X (sky130_fd_sc_hd__buf_1)
     2    0.01                           net1 (net)
                  0.17    0.00    1.76 ^ fanout10/A (sky130_fd_sc_hd__clkbuf_2)
                  0.13    0.20    1.96 ^ fanout10/X (sky130_fd_sc_hd__clkbuf_2)
     6    0.02                           net10 (net)
                  0.13    0.00    1.96 ^ fanout8/A (sky130_fd_sc_hd__clkbuf_4)
                  0.14    0.22    2.18 ^ fanout8/X (sky130_fd_sc_hd__clkbuf_4)
    10    0.04                           net8 (net)
                  0.14    0.00    2.18 ^ _2236_/RESET_B (sky130_fd_sc_hd__dfrtp_1)
                                  2.18   data arrival time

                  0.15    0.00    0.00   clock clk (rise edge)
                          0.00    0.00   clock network delay (ideal)
                          0.25    0.25   clock uncertainty
                          0.00    0.25   clock reconvergence pessimism
                                  0.25 ^ _2236_/CLK (sky130_fd_sc_hd__dfrtp_1)
                          0.37    0.62   library removal time
                                  0.62   data required time
-----------------------------------------------------------------------------
                                  0.62   data required time
                                 -2.18   data arrival time
-----------------------------------------------------------------------------
                                  1.56   slack (MET)


Startpoint: heartbeat_fc (input port clocked by clk)
Endpoint: _2267_ (removal check against rising-edge clock clk)
Path Group: asynchronous
Path Type: min

Fanout     Cap    Slew   Delay    Time   Description
-----------------------------------------------------------------------------
                  0.15    0.00    0.00   clock clk (rise edge)
                          0.00    0.00   clock network delay (ideal)
                          1.60    1.60 ^ input external delay
                  0.02    0.01    1.61 ^ heartbeat_fc (in)
     1    0.00                           heartbeat_fc (net)
                  0.02    0.00    1.61 ^ input1/A (sky130_fd_sc_hd__buf_1)
                  0.17    0.15    1.76 ^ input1/X (sky130_fd_sc_hd__buf_1)
     2    0.01                           net1 (net)
                  0.17    0.00    1.76 ^ fanout10/A (sky130_fd_sc_hd__clkbuf_2)
                  0.13    0.20    1.96 ^ fanout10/X (sky130_fd_sc_hd__clkbuf_2)
     6    0.02                           net10 (net)
                  0.13    0.00    1.96 ^ fanout8/A (sky130_fd_sc_hd__clkbuf_4)
                  0.14    0.22    2.18 ^ fanout8/X (sky130_fd_sc_hd__clkbuf_4)
    10    0.04                           net8 (net)
                  0.14    0.00    2.18 ^ _2267_/RESET_B (sky130_fd_sc_hd__dfrtp_1)
                                  2.18   data arrival time

                  0.15    0.00    0.00   clock clk (rise edge)
                          0.00    0.00   clock network delay (ideal)
                          0.25    0.25   clock uncertainty
                          0.00    0.25   clock reconvergence pessimism
                                  0.25 ^ _2267_/CLK (sky130_fd_sc_hd__dfrtp_1)
                          0.37    0.62   library removal time
                                  0.62   data required time
-----------------------------------------------------------------------------
                                  0.62   data required time
                                 -2.18   data arrival time
-----------------------------------------------------------------------------
                                  1.56   slack (MET)


Startpoint: heartbeat_fc (input port clocked by clk)
Endpoint: _2215_ (removal check against rising-edge clock clk)
Path Group: asynchronous
Path Type: min

Fanout     Cap    Slew   Delay    Time   Description
-----------------------------------------------------------------------------
                  0.15    0.00    0.00   clock clk (rise edge)
                          0.00    0.00   clock network delay (ideal)
                          1.60    1.60 ^ input external delay
                  0.02    0.01    1.61 ^ heartbeat_fc (in)
     1    0.00                           heartbeat_fc (net)
                  0.02    0.00    1.61 ^ input1/A (sky130_fd_sc_hd__buf_1)
                  0.17    0.15    1.76 ^ input1/X (sky130_fd_sc_hd__buf_1)
     2    0.01                           net1 (net)
                  0.17    0.00    1.76 ^ fanout10/A (sky130_fd_sc_hd__clkbuf_2)
                  0.13    0.20    1.96 ^ fanout10/X (sky130_fd_sc_hd__clkbuf_2)
     6    0.02                           net10 (net)
                  0.13    0.00    1.96 ^ fanout7/A (sky130_fd_sc_hd__clkbuf_4)
                  0.14    0.23    2.19 ^ fanout7/X (sky130_fd_sc_hd__clkbuf_4)
    10    0.04                           net7 (net)
                  0.14    0.00    2.19 ^ _2215_/RESET_B (sky130_fd_sc_hd__dfrtp_1)
                                  2.19   data arrival time

                  0.15    0.00    0.00   clock clk (rise edge)
                          0.00    0.00   clock network delay (ideal)
                          0.25    0.25   clock uncertainty
                          0.00    0.25   clock reconvergence pessimism
                                  0.25 ^ _2215_/CLK (sky130_fd_sc_hd__dfrtp_1)
                          0.38    0.63   library removal time
                                  0.63   data required time
-----------------------------------------------------------------------------
                                  0.63   data required time
                                 -2.19   data arrival time
-----------------------------------------------------------------------------
                                  1.56   slack (MET)


Startpoint: heartbeat_fc (input port clocked by clk)
Endpoint: _2276_ (removal check against rising-edge clock clk)
Path Group: asynchronous
Path Type: min

Fanout     Cap    Slew   Delay    Time   Description
-----------------------------------------------------------------------------
                  0.15    0.00    0.00   clock clk (rise edge)
                          0.00    0.00   clock network delay (ideal)
                          1.60    1.60 ^ input external delay
                  0.02    0.01    1.61 ^ heartbeat_fc (in)
     1    0.00                           heartbeat_fc (net)
                  0.02    0.00    1.61 ^ input1/A (sky130_fd_sc_hd__buf_1)
                  0.17    0.15    1.76 ^ input1/X (sky130_fd_sc_hd__buf_1)
     2    0.01                           net1 (net)
                  0.17    0.00    1.76 ^ fanout10/A (sky130_fd_sc_hd__clkbuf_2)
                  0.13    0.20    1.96 ^ fanout10/X (sky130_fd_sc_hd__clkbuf_2)
     6    0.02                           net10 (net)
                  0.13    0.00    1.96 ^ fanout7/A (sky130_fd_sc_hd__clkbuf_4)
                  0.14    0.23    2.19 ^ fanout7/X (sky130_fd_sc_hd__clkbuf_4)
    10    0.04                           net7 (net)
                  0.14    0.00    2.19 ^ _2276_/RESET_B (sky130_fd_sc_hd__dfrtp_1)
                                  2.19   data arrival time

                  0.15    0.00    0.00   clock clk (rise edge)
                          0.00    0.00   clock network delay (ideal)
                          0.25    0.25   clock uncertainty
                          0.00    0.25   clock reconvergence pessimism
                                  0.25 ^ _2276_/CLK (sky130_fd_sc_hd__dfrtp_1)
                          0.38    0.63   library removal time
                                  0.63   data required time
-----------------------------------------------------------------------------
                                  0.63   data required time
                                 -2.19   data arrival time
-----------------------------------------------------------------------------
                                  1.56   slack (MET)


Startpoint: heartbeat_fc (input port clocked by clk)
Endpoint: _2274_ (removal check against rising-edge clock clk)
Path Group: asynchronous
Path Type: min

Fanout     Cap    Slew   Delay    Time   Description
-----------------------------------------------------------------------------
                  0.15    0.00    0.00   clock clk (rise edge)
                          0.00    0.00   clock network delay (ideal)
                          1.60    1.60 ^ input external delay
                  0.02    0.01    1.61 ^ heartbeat_fc (in)
     1    0.00                           heartbeat_fc (net)
                  0.02    0.00    1.61 ^ input1/A (sky130_fd_sc_hd__buf_1)
                  0.17    0.15    1.76 ^ input1/X (sky130_fd_sc_hd__buf_1)
     2    0.01                           net1 (net)
                  0.17    0.00    1.76 ^ fanout10/A (sky130_fd_sc_hd__clkbuf_2)
                  0.13    0.20    1.96 ^ fanout10/X (sky130_fd_sc_hd__clkbuf_2)
     6    0.02                           net10 (net)
                  0.13    0.00    1.96 ^ fanout7/A (sky130_fd_sc_hd__clkbuf_4)
                  0.14    0.23    2.19 ^ fanout7/X (sky130_fd_sc_hd__clkbuf_4)
    10    0.04                           net7 (net)
                  0.14    0.00    2.19 ^ _2274_/RESET_B (sky130_fd_sc_hd__dfrtp_1)
                                  2.19   data arrival time

                  0.15    0.00    0.00   clock clk (rise edge)
                          0.00    0.00   clock network delay (ideal)
                          0.25    0.25   clock uncertainty
                          0.00    0.25   clock reconvergence pessimism
                                  0.25 ^ _2274_/CLK (sky130_fd_sc_hd__dfrtp_1)
                          0.38    0.63   library removal time
                                  0.63   data required time
-----------------------------------------------------------------------------
                                  0.63   data required time
                                 -2.19   data arrival time
-----------------------------------------------------------------------------
                                  1.56   slack (MET)


Startpoint: heartbeat_fc (input port clocked by clk)
Endpoint: _2275_ (removal check against rising-edge clock clk)
Path Group: asynchronous
Path Type: min

Fanout     Cap    Slew   Delay    Time   Description
-----------------------------------------------------------------------------
                  0.15    0.00    0.00   clock clk (rise edge)
                          0.00    0.00   clock network delay (ideal)
                          1.60    1.60 ^ input external delay
                  0.02    0.01    1.61 ^ heartbeat_fc (in)
     1    0.00                           heartbeat_fc (net)
                  0.02    0.00    1.61 ^ input1/A (sky130_fd_sc_hd__buf_1)
                  0.17    0.15    1.76 ^ input1/X (sky130_fd_sc_hd__buf_1)
     2    0.01                           net1 (net)
                  0.17    0.00    1.76 ^ fanout10/A (sky130_fd_sc_hd__clkbuf_2)
                  0.13    0.20    1.96 ^ fanout10/X (sky130_fd_sc_hd__clkbuf_2)
     6    0.02                           net10 (net)
                  0.13    0.00    1.96 ^ fanout7/A (sky130_fd_sc_hd__clkbuf_4)
                  0.14    0.23    2.19 ^ fanout7/X (sky130_fd_sc_hd__clkbuf_4)
    10    0.04                           net7 (net)
                  0.14    0.00    2.19 ^ _2275_/RESET_B (sky130_fd_sc_hd__dfrtp_1)
                                  2.19   data arrival time

                  0.15    0.00    0.00   clock clk (rise edge)
                          0.00    0.00   clock network delay (ideal)
                          0.25    0.25   clock uncertainty
                          0.00    0.25   clock reconvergence pessimism
                                  0.25 ^ _2275_/CLK (sky130_fd_sc_hd__dfrtp_1)
                          0.38    0.63   library removal time
                                  0.63   data required time
-----------------------------------------------------------------------------
                                  0.63   data required time
                                 -2.19   data arrival time
-----------------------------------------------------------------------------
                                  1.56   slack (MET)


Startpoint: heartbeat_fc (input port clocked by clk)
Endpoint: _2269_ (removal check against rising-edge clock clk)
Path Group: asynchronous
Path Type: min

Fanout     Cap    Slew   Delay    Time   Description
-----------------------------------------------------------------------------
                  0.15    0.00    0.00   clock clk (rise edge)
                          0.00    0.00   clock network delay (ideal)
                          1.60    1.60 ^ input external delay
                  0.02    0.01    1.61 ^ heartbeat_fc (in)
     1    0.00                           heartbeat_fc (net)
                  0.02    0.00    1.61 ^ input1/A (sky130_fd_sc_hd__buf_1)
                  0.17    0.15    1.76 ^ input1/X (sky130_fd_sc_hd__buf_1)
     2    0.01                           net1 (net)
                  0.17    0.00    1.76 ^ fanout10/A (sky130_fd_sc_hd__clkbuf_2)
                  0.13    0.20    1.96 ^ fanout10/X (sky130_fd_sc_hd__clkbuf_2)
     6    0.02                           net10 (net)
                  0.13    0.00    1.96 ^ fanout7/A (sky130_fd_sc_hd__clkbuf_4)
                  0.14    0.23    2.19 ^ fanout7/X (sky130_fd_sc_hd__clkbuf_4)
    10    0.04                           net7 (net)
                  0.14    0.00    2.19 ^ _2269_/RESET_B (sky130_fd_sc_hd__dfrtp_1)
                                  2.19   data arrival time

                  0.15    0.00    0.00   clock clk (rise edge)
                          0.00    0.00   clock network delay (ideal)
                          0.25    0.25   clock uncertainty
                          0.00    0.25   clock reconvergence pessimism
                                  0.25 ^ _2269_/CLK (sky130_fd_sc_hd__dfrtp_1)
                          0.38    0.63   library removal time
                                  0.63   data required time
-----------------------------------------------------------------------------
                                  0.63   data required time
                                 -2.19   data arrival time
-----------------------------------------------------------------------------
                                  1.56   slack (MET)


Startpoint: heartbeat_fc (input port clocked by clk)
Endpoint: _2273_ (removal check against rising-edge clock clk)
Path Group: asynchronous
Path Type: min

Fanout     Cap    Slew   Delay    Time   Description
-----------------------------------------------------------------------------
                  0.15    0.00    0.00   clock clk (rise edge)
                          0.00    0.00   clock network delay (ideal)
                          1.60    1.60 ^ input external delay
                  0.02    0.01    1.61 ^ heartbeat_fc (in)
     1    0.00                           heartbeat_fc (net)
                  0.02    0.00    1.61 ^ input1/A (sky130_fd_sc_hd__buf_1)
                  0.17    0.15    1.76 ^ input1/X (sky130_fd_sc_hd__buf_1)
     2    0.01                           net1 (net)
                  0.17    0.00    1.76 ^ fanout10/A (sky130_fd_sc_hd__clkbuf_2)
                  0.13    0.20    1.96 ^ fanout10/X (sky130_fd_sc_hd__clkbuf_2)
     6    0.02                           net10 (net)
                  0.13    0.00    1.96 ^ fanout7/A (sky130_fd_sc_hd__clkbuf_4)
                  0.14    0.23    2.19 ^ fanout7/X (sky130_fd_sc_hd__clkbuf_4)
    10    0.04                           net7 (net)
                  0.14    0.00    2.19 ^ _2273_/RESET_B (sky130_fd_sc_hd__dfrtp_1)
                                  2.19   data arrival time

                  0.15    0.00    0.00   clock clk (rise edge)
                          0.00    0.00   clock network delay (ideal)
                          0.25    0.25   clock uncertainty
                          0.00    0.25   clock reconvergence pessimism
                                  0.25 ^ _2273_/CLK (sky130_fd_sc_hd__dfrtp_1)
                          0.38    0.63   library removal time
                                  0.63   data required time
-----------------------------------------------------------------------------
                                  0.63   data required time
                                 -2.19   data arrival time
-----------------------------------------------------------------------------
                                  1.56   slack (MET)


Startpoint: heartbeat_fc (input port clocked by clk)
Endpoint: _2272_ (removal check against rising-edge clock clk)
Path Group: asynchronous
Path Type: min

Fanout     Cap    Slew   Delay    Time   Description
-----------------------------------------------------------------------------
                  0.15    0.00    0.00   clock clk (rise edge)
                          0.00    0.00   clock network delay (ideal)
                          1.60    1.60 ^ input external delay
                  0.02    0.01    1.61 ^ heartbeat_fc (in)
     1    0.00                           heartbeat_fc (net)
                  0.02    0.00    1.61 ^ input1/A (sky130_fd_sc_hd__buf_1)
                  0.17    0.15    1.76 ^ input1/X (sky130_fd_sc_hd__buf_1)
     2    0.01                           net1 (net)
                  0.17    0.00    1.76 ^ fanout10/A (sky130_fd_sc_hd__clkbuf_2)
                  0.13    0.20    1.96 ^ fanout10/X (sky130_fd_sc_hd__clkbuf_2)
     6    0.02                           net10 (net)
                  0.13    0.00    1.96 ^ fanout7/A (sky130_fd_sc_hd__clkbuf_4)
                  0.14    0.23    2.19 ^ fanout7/X (sky130_fd_sc_hd__clkbuf_4)
    10    0.04                           net7 (net)
                  0.14    0.00    2.19 ^ _2272_/RESET_B (sky130_fd_sc_hd__dfrtp_1)
                                  2.19   data arrival time

                  0.15    0.00    0.00   clock clk (rise edge)
                          0.00    0.00   clock network delay (ideal)
                          0.25    0.25   clock uncertainty
                          0.00    0.25   clock reconvergence pessimism
                                  0.25 ^ _2272_/CLK (sky130_fd_sc_hd__dfrtp_1)
                          0.38    0.63   library removal time
                                  0.63   data required time
-----------------------------------------------------------------------------
                                  0.63   data required time
                                 -2.19   data arrival time
-----------------------------------------------------------------------------
                                  1.56   slack (MET)


Startpoint: heartbeat_fc (input port clocked by clk)
Endpoint: _2270_ (removal check against rising-edge clock clk)
Path Group: asynchronous
Path Type: min

Fanout     Cap    Slew   Delay    Time   Description
-----------------------------------------------------------------------------
                  0.15    0.00    0.00   clock clk (rise edge)
                          0.00    0.00   clock network delay (ideal)
                          1.60    1.60 ^ input external delay
                  0.02    0.01    1.61 ^ heartbeat_fc (in)
     1    0.00                           heartbeat_fc (net)
                  0.02    0.00    1.61 ^ input1/A (sky130_fd_sc_hd__buf_1)
                  0.17    0.15    1.76 ^ input1/X (sky130_fd_sc_hd__buf_1)
     2    0.01                           net1 (net)
                  0.17    0.00    1.76 ^ fanout10/A (sky130_fd_sc_hd__clkbuf_2)
                  0.13    0.20    1.96 ^ fanout10/X (sky130_fd_sc_hd__clkbuf_2)
     6    0.02                           net10 (net)
                  0.13    0.00    1.96 ^ fanout7/A (sky130_fd_sc_hd__clkbuf_4)
                  0.14    0.23    2.19 ^ fanout7/X (sky130_fd_sc_hd__clkbuf_4)
    10    0.04                           net7 (net)
                  0.14    0.00    2.19 ^ _2270_/RESET_B (sky130_fd_sc_hd__dfrtp_1)
                                  2.19   data arrival time

                  0.15    0.00    0.00   clock clk (rise edge)
                          0.00    0.00   clock network delay (ideal)
                          0.25    0.25   clock uncertainty
                          0.00    0.25   clock reconvergence pessimism
                                  0.25 ^ _2270_/CLK (sky130_fd_sc_hd__dfrtp_1)
                          0.38    0.63   library removal time
                                  0.63   data required time
-----------------------------------------------------------------------------
                                  0.63   data required time
                                 -2.19   data arrival time
-----------------------------------------------------------------------------
                                  1.56   slack (MET)


Startpoint: heartbeat_fc (input port clocked by clk)
Endpoint: _2271_ (removal check against rising-edge clock clk)
Path Group: asynchronous
Path Type: min

Fanout     Cap    Slew   Delay    Time   Description
-----------------------------------------------------------------------------
                  0.15    0.00    0.00   clock clk (rise edge)
                          0.00    0.00   clock network delay (ideal)
                          1.60    1.60 ^ input external delay
                  0.02    0.01    1.61 ^ heartbeat_fc (in)
     1    0.00                           heartbeat_fc (net)
                  0.02    0.00    1.61 ^ input1/A (sky130_fd_sc_hd__buf_1)
                  0.17    0.15    1.76 ^ input1/X (sky130_fd_sc_hd__buf_1)
     2    0.01                           net1 (net)
                  0.17    0.00    1.76 ^ fanout10/A (sky130_fd_sc_hd__clkbuf_2)
                  0.13    0.20    1.96 ^ fanout10/X (sky130_fd_sc_hd__clkbuf_2)
     6    0.02                           net10 (net)
                  0.13    0.00    1.96 ^ fanout7/A (sky130_fd_sc_hd__clkbuf_4)
                  0.14    0.23    2.19 ^ fanout7/X (sky130_fd_sc_hd__clkbuf_4)
    10    0.04                           net7 (net)
                  0.14    0.00    2.19 ^ _2271_/RESET_B (sky130_fd_sc_hd__dfrtp_1)
                                  2.19   data arrival time

                  0.15    0.00    0.00   clock clk (rise edge)
                          0.00    0.00   clock network delay (ideal)
                          0.25    0.25   clock uncertainty
                          0.00    0.25   clock reconvergence pessimism
                                  0.25 ^ _2271_/CLK (sky130_fd_sc_hd__dfrtp_1)
                          0.38    0.63   library removal time
                                  0.63   data required time
-----------------------------------------------------------------------------
                                  0.63   data required time
                                 -2.19   data arrival time
-----------------------------------------------------------------------------
                                  1.56   slack (MET)


Startpoint: heartbeat_fc (input port clocked by clk)
Endpoint: _2268_ (removal check against rising-edge clock clk)
Path Group: asynchronous
Path Type: min

Fanout     Cap    Slew   Delay    Time   Description
-----------------------------------------------------------------------------
                  0.15    0.00    0.00   clock clk (rise edge)
                          0.00    0.00   clock network delay (ideal)
                          1.60    1.60 ^ input external delay
                  0.02    0.01    1.61 ^ heartbeat_fc (in)
     1    0.00                           heartbeat_fc (net)
                  0.02    0.00    1.61 ^ input1/A (sky130_fd_sc_hd__buf_1)
                  0.17    0.15    1.76 ^ input1/X (sky130_fd_sc_hd__buf_1)
     2    0.01                           net1 (net)
                  0.17    0.00    1.76 ^ fanout10/A (sky130_fd_sc_hd__clkbuf_2)
                  0.13    0.20    1.96 ^ fanout10/X (sky130_fd_sc_hd__clkbuf_2)
     6    0.02                           net10 (net)
                  0.13    0.00    1.96 ^ fanout7/A (sky130_fd_sc_hd__clkbuf_4)
                  0.14    0.23    2.19 ^ fanout7/X (sky130_fd_sc_hd__clkbuf_4)
    10    0.04                           net7 (net)
                  0.14    0.00    2.19 ^ _2268_/RESET_B (sky130_fd_sc_hd__dfrtp_1)
                                  2.19   data arrival time

                  0.15    0.00    0.00   clock clk (rise edge)
                          0.00    0.00   clock network delay (ideal)
                          0.25    0.25   clock uncertainty
                          0.00    0.25   clock reconvergence pessimism
                                  0.25 ^ _2268_/CLK (sky130_fd_sc_hd__dfrtp_1)
                          0.38    0.63   library removal time
                                  0.63   data required time
-----------------------------------------------------------------------------
                                  0.63   data required time
                                 -2.19   data arrival time
-----------------------------------------------------------------------------
                                  1.56   slack (MET)


Startpoint: heartbeat_fc (input port clocked by clk)
Endpoint: _2291_ (removal check against rising-edge clock clk)
Path Group: asynchronous
Path Type: min

Fanout     Cap    Slew   Delay    Time   Description
-----------------------------------------------------------------------------
                  0.15    0.00    0.00   clock clk (rise edge)
                          0.00    0.00   clock network delay (ideal)
                          1.60    1.60 v input external delay
                  0.01    0.00    1.60 v heartbeat_fc (in)
     1    0.00                           heartbeat_fc (net)
                  0.01    0.00    1.60 v input1/A (sky130_fd_sc_hd__buf_1)
                  0.08    0.11    1.72 v input1/X (sky130_fd_sc_hd__buf_1)
     2    0.01                           net1 (net)
                  0.08    0.00    1.72 v fanout14/A (sky130_fd_sc_hd__clkbuf_2)
                  0.08    0.16    1.88 v fanout14/X (sky130_fd_sc_hd__clkbuf_2)
     6    0.02                           net14 (net)
                  0.08    0.00    1.88 v fanout12/A (sky130_fd_sc_hd__clkbuf_4)
                  0.09    0.20    2.08 v fanout12/X (sky130_fd_sc_hd__clkbuf_4)
    10    0.04                           net12 (net)
                  0.09    0.00    2.08 v _1746_/A (sky130_fd_sc_hd__buf_4)
                  0.07    0.19    2.28 v _1746_/X (sky130_fd_sc_hd__buf_4)
    10    0.05                           _0558_ (net)
                  0.07    0.00    2.28 v _2006_/A (sky130_fd_sc_hd__inv_2)
                  0.03    0.05    2.33 ^ _2006_/Y (sky130_fd_sc_hd__inv_2)
     1    0.00                           _0111_ (net)
                  0.03    0.00    2.33 ^ _2291_/RESET_B (sky130_fd_sc_hd__dfrtp_1)
                                  2.33   data arrival time

                  0.15    0.00    0.00   clock clk (rise edge)
                          0.00    0.00   clock network delay (ideal)
                          0.25    0.25   clock uncertainty
                          0.00    0.25   clock reconvergence pessimism
                                  0.25 ^ _2291_/CLK (sky130_fd_sc_hd__dfrtp_1)
                          0.35    0.60   library removal time
                                  0.60   data required time
-----------------------------------------------------------------------------
                                  0.60   data required time
                                 -2.33   data arrival time
-----------------------------------------------------------------------------
                                  1.73   slack (MET)


Startpoint: heartbeat_fc (input port clocked by clk)
Endpoint: _2261_ (removal check against rising-edge clock clk)
Path Group: asynchronous
Path Type: min

Fanout     Cap    Slew   Delay    Time   Description
-----------------------------------------------------------------------------
                  0.15    0.00    0.00   clock clk (rise edge)
                          0.00    0.00   clock network delay (ideal)
                          1.60    1.60 v input external delay
                  0.01    0.00    1.60 v heartbeat_fc (in)
     1    0.00                           heartbeat_fc (net)
                  0.01    0.00    1.60 v input1/A (sky130_fd_sc_hd__buf_1)
                  0.08    0.11    1.72 v input1/X (sky130_fd_sc_hd__buf_1)
     2    0.01                           net1 (net)
                  0.08    0.00    1.72 v fanout14/A (sky130_fd_sc_hd__clkbuf_2)
                  0.08    0.16    1.88 v fanout14/X (sky130_fd_sc_hd__clkbuf_2)
     6    0.02                           net14 (net)
                  0.08    0.00    1.88 v fanout12/A (sky130_fd_sc_hd__clkbuf_4)
                  0.09    0.20    2.08 v fanout12/X (sky130_fd_sc_hd__clkbuf_4)
    10    0.04                           net12 (net)
                  0.09    0.00    2.08 v _1746_/A (sky130_fd_sc_hd__buf_4)
                  0.07    0.19    2.28 v _1746_/X (sky130_fd_sc_hd__buf_4)
    10    0.05                           _0558_ (net)
                  0.07    0.00    2.28 v _1914_/A (sky130_fd_sc_hd__inv_2)
                  0.03    0.05    2.33 ^ _1914_/Y (sky130_fd_sc_hd__inv_2)
     1    0.00                           _0108_ (net)
                  0.03    0.00    2.33 ^ _2261_/RESET_B (sky130_fd_sc_hd__dfrtp_2)
                                  2.33   data arrival time

                  0.15    0.00    0.00   clock clk (rise edge)
                          0.00    0.00   clock network delay (ideal)
                          0.25    0.25   clock uncertainty
                          0.00    0.25   clock reconvergence pessimism
                                  0.25 ^ _2261_/CLK (sky130_fd_sc_hd__dfrtp_2)
                          0.35    0.60   library removal time
                                  0.60   data required time
-----------------------------------------------------------------------------
                                  0.60   data required time
                                 -2.33   data arrival time
-----------------------------------------------------------------------------
                                  1.73   slack (MET)


Startpoint: heartbeat_fc (input port clocked by clk)
Endpoint: _2260_ (removal check against rising-edge clock clk)
Path Group: asynchronous
Path Type: min

Fanout     Cap    Slew   Delay    Time   Description
-----------------------------------------------------------------------------
                  0.15    0.00    0.00   clock clk (rise edge)
                          0.00    0.00   clock network delay (ideal)
                          1.60    1.60 v input external delay
                  0.01    0.00    1.60 v heartbeat_fc (in)
     1    0.00                           heartbeat_fc (net)
                  0.01    0.00    1.60 v input1/A (sky130_fd_sc_hd__buf_1)
                  0.08    0.11    1.72 v input1/X (sky130_fd_sc_hd__buf_1)
     2    0.01                           net1 (net)
                  0.08    0.00    1.72 v fanout14/A (sky130_fd_sc_hd__clkbuf_2)
                  0.08    0.16    1.88 v fanout14/X (sky130_fd_sc_hd__clkbuf_2)
     6    0.02                           net14 (net)
                  0.08    0.00    1.88 v fanout12/A (sky130_fd_sc_hd__clkbuf_4)
                  0.09    0.20    2.08 v fanout12/X (sky130_fd_sc_hd__clkbuf_4)
    10    0.04                           net12 (net)
                  0.09    0.00    2.08 v _1746_/A (sky130_fd_sc_hd__buf_4)
                  0.07    0.19    2.28 v _1746_/X (sky130_fd_sc_hd__buf_4)
    10    0.05                           _0558_ (net)
                  0.07    0.00    2.28 v _1913_/A (sky130_fd_sc_hd__inv_2)
                  0.03    0.05    2.33 ^ _1913_/Y (sky130_fd_sc_hd__inv_2)
     1    0.00                           _0107_ (net)
                  0.03    0.00    2.33 ^ _2260_/RESET_B (sky130_fd_sc_hd__dfrtp_1)
                                  2.33   data arrival time

                  0.15    0.00    0.00   clock clk (rise edge)
                          0.00    0.00   clock network delay (ideal)
                          0.25    0.25   clock uncertainty
                          0.00    0.25   clock reconvergence pessimism
                                  0.25 ^ _2260_/CLK (sky130_fd_sc_hd__dfrtp_1)
                          0.35    0.60   library removal time
                                  0.60   data required time
-----------------------------------------------------------------------------
                                  0.60   data required time
                                 -2.33   data arrival time
-----------------------------------------------------------------------------
                                  1.73   slack (MET)


Startpoint: heartbeat_fc (input port clocked by clk)
Endpoint: _2262_ (removal check against rising-edge clock clk)
Path Group: asynchronous
Path Type: min

Fanout     Cap    Slew   Delay    Time   Description
-----------------------------------------------------------------------------
                  0.15    0.00    0.00   clock clk (rise edge)
                          0.00    0.00   clock network delay (ideal)
                          1.60    1.60 v input external delay
                  0.01    0.00    1.60 v heartbeat_fc (in)
     1    0.00                           heartbeat_fc (net)
                  0.01    0.00    1.60 v input1/A (sky130_fd_sc_hd__buf_1)
                  0.08    0.11    1.72 v input1/X (sky130_fd_sc_hd__buf_1)
     2    0.01                           net1 (net)
                  0.08    0.00    1.72 v fanout14/A (sky130_fd_sc_hd__clkbuf_2)
                  0.08    0.16    1.88 v fanout14/X (sky130_fd_sc_hd__clkbuf_2)
     6    0.02                           net14 (net)
                  0.08    0.00    1.88 v fanout12/A (sky130_fd_sc_hd__clkbuf_4)
                  0.09    0.20    2.08 v fanout12/X (sky130_fd_sc_hd__clkbuf_4)
    10    0.04                           net12 (net)
                  0.09    0.00    2.08 v _1746_/A (sky130_fd_sc_hd__buf_4)
                  0.07    0.19    2.28 v _1746_/X (sky130_fd_sc_hd__buf_4)
    10    0.05                           _0558_ (net)
                  0.07    0.00    2.28 v _1915_/A (sky130_fd_sc_hd__inv_2)
                  0.03    0.05    2.33 ^ _1915_/Y (sky130_fd_sc_hd__inv_2)
     1    0.00                           _0109_ (net)
                  0.03    0.00    2.33 ^ _2262_/RESET_B (sky130_fd_sc_hd__dfrtp_1)
                                  2.33   data arrival time

                  0.15    0.00    0.00   clock clk (rise edge)
                          0.00    0.00   clock network delay (ideal)
                          0.25    0.25   clock uncertainty
                          0.00    0.25   clock reconvergence pessimism
                                  0.25 ^ _2262_/CLK (sky130_fd_sc_hd__dfrtp_1)
                          0.35    0.60   library removal time
                                  0.60   data required time
-----------------------------------------------------------------------------
                                  0.60   data required time
                                 -2.33   data arrival time
-----------------------------------------------------------------------------
                                  1.73   slack (MET)


Startpoint: heartbeat_fc (input port clocked by clk)
Endpoint: _2263_ (removal check against rising-edge clock clk)
Path Group: asynchronous
Path Type: min

Fanout     Cap    Slew   Delay    Time   Description
-----------------------------------------------------------------------------
                  0.15    0.00    0.00   clock clk (rise edge)
                          0.00    0.00   clock network delay (ideal)
                          1.60    1.60 v input external delay
                  0.01    0.00    1.60 v heartbeat_fc (in)
     1    0.00                           heartbeat_fc (net)
                  0.01    0.00    1.60 v input1/A (sky130_fd_sc_hd__buf_1)
                  0.08    0.11    1.72 v input1/X (sky130_fd_sc_hd__buf_1)
     2    0.01                           net1 (net)
                  0.08    0.00    1.72 v fanout14/A (sky130_fd_sc_hd__clkbuf_2)
                  0.08    0.16    1.88 v fanout14/X (sky130_fd_sc_hd__clkbuf_2)
     6    0.02                           net14 (net)
                  0.08    0.00    1.88 v fanout12/A (sky130_fd_sc_hd__clkbuf_4)
                  0.09    0.20    2.08 v fanout12/X (sky130_fd_sc_hd__clkbuf_4)
    10    0.04                           net12 (net)
                  0.09    0.00    2.08 v _1746_/A (sky130_fd_sc_hd__buf_4)
                  0.07    0.19    2.28 v _1746_/X (sky130_fd_sc_hd__buf_4)
    10    0.05                           _0558_ (net)
                  0.07    0.00    2.28 v _1916_/A (sky130_fd_sc_hd__inv_2)
                  0.03    0.05    2.33 ^ _1916_/Y (sky130_fd_sc_hd__inv_2)
     1    0.00                           _0110_ (net)
                  0.03    0.00    2.33 ^ _2263_/RESET_B (sky130_fd_sc_hd__dfrtp_1)
                                  2.33   data arrival time

                  0.15    0.00    0.00   clock clk (rise edge)
                          0.00    0.00   clock network delay (ideal)
                          0.25    0.25   clock uncertainty
                          0.00    0.25   clock reconvergence pessimism
                                  0.25 ^ _2263_/CLK (sky130_fd_sc_hd__dfrtp_1)
                          0.35    0.60   library removal time
                                  0.60   data required time
-----------------------------------------------------------------------------
                                  0.60   data required time
                                 -2.33   data arrival time
-----------------------------------------------------------------------------
                                  1.73   slack (MET)


Startpoint: heartbeat_fc (input port clocked by clk)
Endpoint: _2264_ (removal check against rising-edge clock clk)
Path Group: asynchronous
Path Type: min

Fanout     Cap    Slew   Delay    Time   Description
-----------------------------------------------------------------------------
                  0.15    0.00    0.00   clock clk (rise edge)
                          0.00    0.00   clock network delay (ideal)
                          1.60    1.60 ^ input external delay
                  0.02    0.01    1.61 ^ heartbeat_fc (in)
     1    0.00                           heartbeat_fc (net)
                  0.02    0.00    1.61 ^ input1/A (sky130_fd_sc_hd__buf_1)
                  0.17    0.15    1.76 ^ input1/X (sky130_fd_sc_hd__buf_1)
     2    0.01                           net1 (net)
                  0.17    0.00    1.76 ^ fanout10/A (sky130_fd_sc_hd__clkbuf_2)
                  0.13    0.20    1.96 ^ fanout10/X (sky130_fd_sc_hd__clkbuf_2)
     6    0.02                           net10 (net)
                  0.13    0.00    1.96 ^ fanout8/A (sky130_fd_sc_hd__clkbuf_4)
                  0.14    0.22    2.18 ^ fanout8/X (sky130_fd_sc_hd__clkbuf_4)
    10    0.04                           net8 (net)
                  0.14    0.00    2.18 ^ _2264_/SET_B (sky130_fd_sc_hd__dfstp_1)
                                  2.18   data arrival time

                  0.15    0.00    0.00   clock clk (rise edge)
                          0.00    0.00   clock network delay (ideal)
                          0.25    0.25   clock uncertainty
                          0.00    0.25   clock reconvergence pessimism
                                  0.25 ^ _2264_/CLK (sky130_fd_sc_hd__dfstp_1)
                          0.18    0.43   library removal time
                                  0.43   data required time
-----------------------------------------------------------------------------
                                  0.43   data required time
                                 -2.18   data arrival time
-----------------------------------------------------------------------------
                                  1.76   slack (MET)


Startpoint: heartbeat_fc (input port clocked by clk)
Endpoint: _2266_ (removal check against rising-edge clock clk)
Path Group: asynchronous
Path Type: min

Fanout     Cap    Slew   Delay    Time   Description
-----------------------------------------------------------------------------
                  0.15    0.00    0.00   clock clk (rise edge)
                          0.00    0.00   clock network delay (ideal)
                          1.60    1.60 ^ input external delay
                  0.02    0.01    1.61 ^ heartbeat_fc (in)
     1    0.00                           heartbeat_fc (net)
                  0.02    0.00    1.61 ^ input1/A (sky130_fd_sc_hd__buf_1)
                  0.17    0.15    1.76 ^ input1/X (sky130_fd_sc_hd__buf_1)
     2    0.01                           net1 (net)
                  0.17    0.00    1.76 ^ fanout10/A (sky130_fd_sc_hd__clkbuf_2)
                  0.13    0.20    1.96 ^ fanout10/X (sky130_fd_sc_hd__clkbuf_2)
     6    0.02                           net10 (net)
                  0.13    0.00    1.96 ^ fanout8/A (sky130_fd_sc_hd__clkbuf_4)
                  0.14    0.22    2.18 ^ fanout8/X (sky130_fd_sc_hd__clkbuf_4)
    10    0.04                           net8 (net)
                  0.14    0.00    2.18 ^ _2266_/SET_B (sky130_fd_sc_hd__dfstp_1)
                                  2.18   data arrival time

                  0.15    0.00    0.00   clock clk (rise edge)
                          0.00    0.00   clock network delay (ideal)
                          0.25    0.25   clock uncertainty
                          0.00    0.25   clock reconvergence pessimism
                                  0.25 ^ _2266_/CLK (sky130_fd_sc_hd__dfstp_1)
                          0.18    0.43   library removal time
                                  0.43   data required time
-----------------------------------------------------------------------------
                                  0.43   data required time
                                 -2.18   data arrival time
-----------------------------------------------------------------------------
                                  1.76   slack (MET)


Startpoint: _2175_ (rising edge-triggered flip-flop clocked by clk)
Endpoint: txd_raspi (output port clocked by clk)
Path Group: clk
Path Type: min

Fanout     Cap    Slew   Delay    Time   Description
-----------------------------------------------------------------------------
                  0.15    0.00    0.00   clock clk (rise edge)
                          0.00    0.00   clock network delay (ideal)
                  0.15    0.00    0.00 ^ _2175_/CLK (sky130_fd_sc_hd__dfxtp_1)
                  0.04    0.33    0.33 v _2175_/Q (sky130_fd_sc_hd__dfxtp_1)
     2    0.01                           net6 (net)
                  0.04    0.00    0.33 v output6/A (sky130_fd_sc_hd__buf_2)
                  0.09    0.17    0.49 v output6/X (sky130_fd_sc_hd__buf_2)
     1    0.03                           txd_raspi (net)
                  0.09    0.00    0.50 v txd_raspi (out)
                                  0.50   data arrival time

                  0.15    0.00    0.00   clock clk (rise edge)
                          0.00    0.00   clock network delay (ideal)
                          0.25    0.25   clock uncertainty
                          0.00    0.25   clock reconvergence pessimism
                         -1.60   -1.35   output external delay
                                 -1.35   data required time
-----------------------------------------------------------------------------
                                 -1.35   data required time
                                 -0.50   data arrival time
-----------------------------------------------------------------------------
                                  1.85   slack (MET)


Startpoint: _2074_ (rising edge-triggered flip-flop clocked by clk)
Endpoint: txd_jetson (output port clocked by clk)
Path Group: clk
Path Type: min

Fanout     Cap    Slew   Delay    Time   Description
-----------------------------------------------------------------------------
                  0.15    0.00    0.00   clock clk (rise edge)
                          0.00    0.00   clock network delay (ideal)
                  0.15    0.00    0.00 ^ _2074_/CLK (sky130_fd_sc_hd__dfxtp_1)
                  0.07    0.35    0.35 v _2074_/Q (sky130_fd_sc_hd__dfxtp_1)
     2    0.01                           net5 (net)
                  0.07    0.00    0.35 v output5/A (sky130_fd_sc_hd__clkbuf_4)
                  0.08    0.18    0.53 v output5/X (sky130_fd_sc_hd__clkbuf_4)
     1    0.03                           txd_jetson (net)
                  0.08    0.00    0.53 v txd_jetson (out)
                                  0.53   data arrival time

                  0.15    0.00    0.00   clock clk (rise edge)
                          0.00    0.00   clock network delay (ideal)
                          0.25    0.25   clock uncertainty
                          0.00    0.25   clock reconvergence pessimism
                         -1.60   -1.35   output external delay
                                 -1.35   data required time
-----------------------------------------------------------------------------
                                 -1.35   data required time
                                 -0.53   data arrival time
-----------------------------------------------------------------------------
                                  1.88   slack (MET)


Startpoint: _2291_ (rising edge-triggered flip-flop clocked by clk)
Endpoint: reset_n_fc (output port clocked by clk)
Path Group: clk
Path Type: min

Fanout     Cap    Slew   Delay    Time   Description
-----------------------------------------------------------------------------
                  0.15    0.00    0.00   clock clk (rise edge)
                          0.00    0.00   clock network delay (ideal)
                  0.15    0.00    0.00 ^ _2291_/CLK (sky130_fd_sc_hd__dfrtp_1)
                  0.05    0.34    0.34 ^ _2291_/Q (sky130_fd_sc_hd__dfrtp_1)
     1    0.00                           dual_watchdog_inst.watchdog_fc.rising_edge_timeout.tcnt (net)
                  0.05    0.00    0.34 ^ _1310_/B (sky130_fd_sc_hd__nor2_1)
                  0.02    0.04    0.37 v _1310_/Y (sky130_fd_sc_hd__nor2_1)
     1    0.00                           net4 (net)
                  0.02    0.00    0.37 v output4/A (sky130_fd_sc_hd__buf_2)
                  0.09    0.16    0.53 v output4/X (sky130_fd_sc_hd__buf_2)
     1    0.03                           reset_n_fc (net)
                  0.09    0.00    0.53 v reset_n_fc (out)
                                  0.53   data arrival time

                  0.15    0.00    0.00   clock clk (rise edge)
                          0.00    0.00   clock network delay (ideal)
                          0.25    0.25   clock uncertainty
                          0.00    0.25   clock reconvergence pessimism
                         -1.60   -1.35   output external delay
                                 -1.35   data required time
-----------------------------------------------------------------------------
                                 -1.35   data required time
                                 -0.53   data arrival time
-----------------------------------------------------------------------------
                                  1.88   slack (MET)


Startpoint: heartbeat_fc (input port clocked by clk)
Endpoint: _2161_ (removal check against rising-edge clock clk)
Path Group: asynchronous
Path Type: min

Fanout     Cap    Slew   Delay    Time   Description
-----------------------------------------------------------------------------
                  0.15    0.00    0.00   clock clk (rise edge)
                          0.00    0.00   clock network delay (ideal)
                          1.60    1.60 v input external delay
                  0.01    0.00    1.60 v heartbeat_fc (in)
     1    0.00                           heartbeat_fc (net)
                  0.01    0.00    1.60 v input1/A (sky130_fd_sc_hd__buf_1)
                  0.08    0.11    1.72 v input1/X (sky130_fd_sc_hd__buf_1)
     2    0.01                           net1 (net)
                  0.08    0.00    1.72 v fanout14/A (sky130_fd_sc_hd__clkbuf_2)
                  0.08    0.16    1.88 v fanout14/X (sky130_fd_sc_hd__clkbuf_2)
     6    0.02                           net14 (net)
                  0.08    0.00    1.88 v fanout12/A (sky130_fd_sc_hd__clkbuf_4)
                  0.09    0.20    2.08 v fanout12/X (sky130_fd_sc_hd__clkbuf_4)
    10    0.04                           net12 (net)
                  0.09    0.00    2.08 v _1746_/A (sky130_fd_sc_hd__buf_4)
                  0.07    0.19    2.28 v _1746_/X (sky130_fd_sc_hd__buf_4)
    10    0.05                           _0558_ (net)
                  0.07    0.00    2.28 v _1758_/A (sky130_fd_sc_hd__buf_4)
                  0.08    0.19    2.46 v _1758_/X (sky130_fd_sc_hd__buf_4)
    10    0.05                           _0560_ (net)
                  0.08    0.00    2.46 v _1763_/A (sky130_fd_sc_hd__inv_2)
                  0.03    0.05    2.52 ^ _1763_/Y (sky130_fd_sc_hd__inv_2)
     1    0.00                           _0071_ (net)
                  0.03    0.00    2.52 ^ _2161_/RESET_B (sky130_fd_sc_hd__dfrtp_2)
                                  2.52   data arrival time

                  0.15    0.00    0.00   clock clk (rise edge)
                          0.00    0.00   clock network delay (ideal)
                          0.25    0.25   clock uncertainty
                          0.00    0.25   clock reconvergence pessimism
                                  0.25 ^ _2161_/CLK (sky130_fd_sc_hd__dfrtp_2)
                          0.35    0.60   library removal time
                                  0.60   data required time
-----------------------------------------------------------------------------
                                  0.60   data required time
                                 -2.52   data arrival time
-----------------------------------------------------------------------------
                                  1.92   slack (MET)


Startpoint: heartbeat_fc (input port clocked by clk)
Endpoint: _2160_ (removal check against rising-edge clock clk)
Path Group: asynchronous
Path Type: min

Fanout     Cap    Slew   Delay    Time   Description
-----------------------------------------------------------------------------
                  0.15    0.00    0.00   clock clk (rise edge)
                          0.00    0.00   clock network delay (ideal)
                          1.60    1.60 v input external delay
                  0.01    0.00    1.60 v heartbeat_fc (in)
     1    0.00                           heartbeat_fc (net)
                  0.01    0.00    1.60 v input1/A (sky130_fd_sc_hd__buf_1)
                  0.08    0.11    1.72 v input1/X (sky130_fd_sc_hd__buf_1)
     2    0.01                           net1 (net)
                  0.08    0.00    1.72 v fanout14/A (sky130_fd_sc_hd__clkbuf_2)
                  0.08    0.16    1.88 v fanout14/X (sky130_fd_sc_hd__clkbuf_2)
     6    0.02                           net14 (net)
                  0.08    0.00    1.88 v fanout12/A (sky130_fd_sc_hd__clkbuf_4)
                  0.09    0.20    2.08 v fanout12/X (sky130_fd_sc_hd__clkbuf_4)
    10    0.04                           net12 (net)
                  0.09    0.00    2.08 v _1746_/A (sky130_fd_sc_hd__buf_4)
                  0.07    0.19    2.28 v _1746_/X (sky130_fd_sc_hd__buf_4)
    10    0.05                           _0558_ (net)
                  0.07    0.00    2.28 v _1758_/A (sky130_fd_sc_hd__buf_4)
                  0.08    0.19    2.46 v _1758_/X (sky130_fd_sc_hd__buf_4)
    10    0.05                           _0560_ (net)
                  0.08    0.00    2.46 v _1762_/A (sky130_fd_sc_hd__inv_2)
                  0.03    0.05    2.52 ^ _1762_/Y (sky130_fd_sc_hd__inv_2)
     1    0.00                           _0070_ (net)
                  0.03    0.00    2.52 ^ _2160_/RESET_B (sky130_fd_sc_hd__dfrtp_1)
                                  2.52   data arrival time

                  0.15    0.00    0.00   clock clk (rise edge)
                          0.00    0.00   clock network delay (ideal)
                          0.25    0.25   clock uncertainty
                          0.00    0.25   clock reconvergence pessimism
                                  0.25 ^ _2160_/CLK (sky130_fd_sc_hd__dfrtp_1)
                          0.35    0.60   library removal time
                                  0.60   data required time
-----------------------------------------------------------------------------
                                  0.60   data required time
                                 -2.52   data arrival time
-----------------------------------------------------------------------------
                                  1.92   slack (MET)


Startpoint: heartbeat_fc (input port clocked by clk)
Endpoint: _2163_ (removal check against rising-edge clock clk)
Path Group: asynchronous
Path Type: min

Fanout     Cap    Slew   Delay    Time   Description
-----------------------------------------------------------------------------
                  0.15    0.00    0.00   clock clk (rise edge)
                          0.00    0.00   clock network delay (ideal)
                          1.60    1.60 v input external delay
                  0.01    0.00    1.60 v heartbeat_fc (in)
     1    0.00                           heartbeat_fc (net)
                  0.01    0.00    1.60 v input1/A (sky130_fd_sc_hd__buf_1)
                  0.08    0.11    1.72 v input1/X (sky130_fd_sc_hd__buf_1)
     2    0.01                           net1 (net)
                  0.08    0.00    1.72 v fanout14/A (sky130_fd_sc_hd__clkbuf_2)
                  0.08    0.16    1.88 v fanout14/X (sky130_fd_sc_hd__clkbuf_2)
     6    0.02                           net14 (net)
                  0.08    0.00    1.88 v fanout12/A (sky130_fd_sc_hd__clkbuf_4)
                  0.09    0.20    2.08 v fanout12/X (sky130_fd_sc_hd__clkbuf_4)
    10    0.04                           net12 (net)
                  0.09    0.00    2.08 v _1746_/A (sky130_fd_sc_hd__buf_4)
                  0.07    0.19    2.28 v _1746_/X (sky130_fd_sc_hd__buf_4)
    10    0.05                           _0558_ (net)
                  0.07    0.00    2.28 v _1758_/A (sky130_fd_sc_hd__buf_4)
                  0.08    0.19    2.46 v _1758_/X (sky130_fd_sc_hd__buf_4)
    10    0.05                           _0560_ (net)
                  0.08    0.00    2.46 v _1765_/A (sky130_fd_sc_hd__inv_2)
                  0.03    0.05    2.52 ^ _1765_/Y (sky130_fd_sc_hd__inv_2)
     1    0.00                           _0073_ (net)
                  0.03    0.00    2.52 ^ _2163_/RESET_B (sky130_fd_sc_hd__dfrtp_1)
                                  2.52   data arrival time

                  0.15    0.00    0.00   clock clk (rise edge)
                          0.00    0.00   clock network delay (ideal)
                          0.25    0.25   clock uncertainty
                          0.00    0.25   clock reconvergence pessimism
                                  0.25 ^ _2163_/CLK (sky130_fd_sc_hd__dfrtp_1)
                          0.35    0.60   library removal time
                                  0.60   data required time
-----------------------------------------------------------------------------
                                  0.60   data required time
                                 -2.52   data arrival time
-----------------------------------------------------------------------------
                                  1.92   slack (MET)


Startpoint: heartbeat_fc (input port clocked by clk)
Endpoint: _2158_ (removal check against rising-edge clock clk)
Path Group: asynchronous
Path Type: min

Fanout     Cap    Slew   Delay    Time   Description
-----------------------------------------------------------------------------
                  0.15    0.00    0.00   clock clk (rise edge)
                          0.00    0.00   clock network delay (ideal)
                          1.60    1.60 v input external delay
                  0.01    0.00    1.60 v heartbeat_fc (in)
     1    0.00                           heartbeat_fc (net)
                  0.01    0.00    1.60 v input1/A (sky130_fd_sc_hd__buf_1)
                  0.08    0.11    1.72 v input1/X (sky130_fd_sc_hd__buf_1)
     2    0.01                           net1 (net)
                  0.08    0.00    1.72 v fanout14/A (sky130_fd_sc_hd__clkbuf_2)
                  0.08    0.16    1.88 v fanout14/X (sky130_fd_sc_hd__clkbuf_2)
     6    0.02                           net14 (net)
                  0.08    0.00    1.88 v fanout12/A (sky130_fd_sc_hd__clkbuf_4)
                  0.09    0.20    2.08 v fanout12/X (sky130_fd_sc_hd__clkbuf_4)
    10    0.04                           net12 (net)
                  0.09    0.00    2.08 v _1746_/A (sky130_fd_sc_hd__buf_4)
                  0.07    0.19    2.28 v _1746_/X (sky130_fd_sc_hd__buf_4)
    10    0.05                           _0558_ (net)
                  0.07    0.00    2.28 v _1758_/A (sky130_fd_sc_hd__buf_4)
                  0.08    0.19    2.46 v _1758_/X (sky130_fd_sc_hd__buf_4)
    10    0.05                           _0560_ (net)
                  0.08    0.00    2.46 v _1760_/A (sky130_fd_sc_hd__inv_2)
                  0.03    0.05    2.52 ^ _1760_/Y (sky130_fd_sc_hd__inv_2)
     1    0.00                           _0068_ (net)
                  0.03    0.00    2.52 ^ _2158_/RESET_B (sky130_fd_sc_hd__dfrtp_1)
                                  2.52   data arrival time

                  0.15    0.00    0.00   clock clk (rise edge)
                          0.00    0.00   clock network delay (ideal)
                          0.25    0.25   clock uncertainty
                          0.00    0.25   clock reconvergence pessimism
                                  0.25 ^ _2158_/CLK (sky130_fd_sc_hd__dfrtp_1)
                          0.35    0.60   library removal time
                                  0.60   data required time
-----------------------------------------------------------------------------
                                  0.60   data required time
                                 -2.52   data arrival time
-----------------------------------------------------------------------------
                                  1.92   slack (MET)


Startpoint: heartbeat_fc (input port clocked by clk)
Endpoint: _2159_ (removal check against rising-edge clock clk)
Path Group: asynchronous
Path Type: min

Fanout     Cap    Slew   Delay    Time   Description
-----------------------------------------------------------------------------
                  0.15    0.00    0.00   clock clk (rise edge)
                          0.00    0.00   clock network delay (ideal)
                          1.60    1.60 v input external delay
                  0.01    0.00    1.60 v heartbeat_fc (in)
     1    0.00                           heartbeat_fc (net)
                  0.01    0.00    1.60 v input1/A (sky130_fd_sc_hd__buf_1)
                  0.08    0.11    1.72 v input1/X (sky130_fd_sc_hd__buf_1)
     2    0.01                           net1 (net)
                  0.08    0.00    1.72 v fanout14/A (sky130_fd_sc_hd__clkbuf_2)
                  0.08    0.16    1.88 v fanout14/X (sky130_fd_sc_hd__clkbuf_2)
     6    0.02                           net14 (net)
                  0.08    0.00    1.88 v fanout12/A (sky130_fd_sc_hd__clkbuf_4)
                  0.09    0.20    2.08 v fanout12/X (sky130_fd_sc_hd__clkbuf_4)
    10    0.04                           net12 (net)
                  0.09    0.00    2.08 v _1746_/A (sky130_fd_sc_hd__buf_4)
                  0.07    0.19    2.28 v _1746_/X (sky130_fd_sc_hd__buf_4)
    10    0.05                           _0558_ (net)
                  0.07    0.00    2.28 v _1758_/A (sky130_fd_sc_hd__buf_4)
                  0.08    0.19    2.46 v _1758_/X (sky130_fd_sc_hd__buf_4)
    10    0.05                           _0560_ (net)
                  0.08    0.00    2.46 v _1761_/A (sky130_fd_sc_hd__inv_2)
                  0.03    0.05    2.52 ^ _1761_/Y (sky130_fd_sc_hd__inv_2)
     1    0.00                           _0069_ (net)
                  0.03    0.00    2.52 ^ _2159_/RESET_B (sky130_fd_sc_hd__dfrtp_1)
                                  2.52   data arrival time

                  0.15    0.00    0.00   clock clk (rise edge)
                          0.00    0.00   clock network delay (ideal)
                          0.25    0.25   clock uncertainty
                          0.00    0.25   clock reconvergence pessimism
                                  0.25 ^ _2159_/CLK (sky130_fd_sc_hd__dfrtp_1)
                          0.35    0.60   library removal time
                                  0.60   data required time
-----------------------------------------------------------------------------
                                  0.60   data required time
                                 -2.52   data arrival time
-----------------------------------------------------------------------------
                                  1.92   slack (MET)


Startpoint: heartbeat_fc (input port clocked by clk)
Endpoint: _2162_ (removal check against rising-edge clock clk)
Path Group: asynchronous
Path Type: min

Fanout     Cap    Slew   Delay    Time   Description
-----------------------------------------------------------------------------
                  0.15    0.00    0.00   clock clk (rise edge)
                          0.00    0.00   clock network delay (ideal)
                          1.60    1.60 v input external delay
                  0.01    0.00    1.60 v heartbeat_fc (in)
     1    0.00                           heartbeat_fc (net)
                  0.01    0.00    1.60 v input1/A (sky130_fd_sc_hd__buf_1)
                  0.08    0.11    1.72 v input1/X (sky130_fd_sc_hd__buf_1)
     2    0.01                           net1 (net)
                  0.08    0.00    1.72 v fanout14/A (sky130_fd_sc_hd__clkbuf_2)
                  0.08    0.16    1.88 v fanout14/X (sky130_fd_sc_hd__clkbuf_2)
     6    0.02                           net14 (net)
                  0.08    0.00    1.88 v fanout12/A (sky130_fd_sc_hd__clkbuf_4)
                  0.09    0.20    2.08 v fanout12/X (sky130_fd_sc_hd__clkbuf_4)
    10    0.04                           net12 (net)
                  0.09    0.00    2.08 v _1746_/A (sky130_fd_sc_hd__buf_4)
                  0.07    0.19    2.28 v _1746_/X (sky130_fd_sc_hd__buf_4)
    10    0.05                           _0558_ (net)
                  0.07    0.00    2.28 v _1758_/A (sky130_fd_sc_hd__buf_4)
                  0.08    0.19    2.46 v _1758_/X (sky130_fd_sc_hd__buf_4)
    10    0.05                           _0560_ (net)
                  0.08    0.00    2.46 v _1764_/A (sky130_fd_sc_hd__inv_2)
                  0.03    0.05    2.52 ^ _1764_/Y (sky130_fd_sc_hd__inv_2)
     1    0.00                           _0072_ (net)
                  0.03    0.00    2.52 ^ _2162_/RESET_B (sky130_fd_sc_hd__dfrtp_1)
                                  2.52   data arrival time

                  0.15    0.00    0.00   clock clk (rise edge)
                          0.00    0.00   clock network delay (ideal)
                          0.25    0.25   clock uncertainty
                          0.00    0.25   clock reconvergence pessimism
                                  0.25 ^ _2162_/CLK (sky130_fd_sc_hd__dfrtp_1)
                          0.35    0.60   library removal time
                                  0.60   data required time
-----------------------------------------------------------------------------
                                  0.60   data required time
                                 -2.52   data arrival time
-----------------------------------------------------------------------------
                                  1.92   slack (MET)


Startpoint: heartbeat_fc (input port clocked by clk)
Endpoint: _2165_ (removal check against rising-edge clock clk)
Path Group: asynchronous
Path Type: min

Fanout     Cap    Slew   Delay    Time   Description
-----------------------------------------------------------------------------
                  0.15    0.00    0.00   clock clk (rise edge)
                          0.00    0.00   clock network delay (ideal)
                          1.60    1.60 v input external delay
                  0.01    0.00    1.60 v heartbeat_fc (in)
     1    0.00                           heartbeat_fc (net)
                  0.01    0.00    1.60 v input1/A (sky130_fd_sc_hd__buf_1)
                  0.08    0.11    1.72 v input1/X (sky130_fd_sc_hd__buf_1)
     2    0.01                           net1 (net)
                  0.08    0.00    1.72 v fanout14/A (sky130_fd_sc_hd__clkbuf_2)
                  0.08    0.16    1.88 v fanout14/X (sky130_fd_sc_hd__clkbuf_2)
     6    0.02                           net14 (net)
                  0.08    0.00    1.88 v fanout12/A (sky130_fd_sc_hd__clkbuf_4)
                  0.09    0.20    2.08 v fanout12/X (sky130_fd_sc_hd__clkbuf_4)
    10    0.04                           net12 (net)
                  0.09    0.00    2.08 v _1746_/A (sky130_fd_sc_hd__buf_4)
                  0.07    0.19    2.28 v _1746_/X (sky130_fd_sc_hd__buf_4)
    10    0.05                           _0558_ (net)
                  0.07    0.00    2.28 v _1758_/A (sky130_fd_sc_hd__buf_4)
                  0.08    0.19    2.46 v _1758_/X (sky130_fd_sc_hd__buf_4)
    10    0.05                           _0560_ (net)
                  0.08    0.00    2.46 v _1767_/A (sky130_fd_sc_hd__inv_2)
                  0.03    0.05    2.52 ^ _1767_/Y (sky130_fd_sc_hd__inv_2)
     1    0.00                           _0075_ (net)
                  0.03    0.00    2.52 ^ _2165_/RESET_B (sky130_fd_sc_hd__dfrtp_1)
                                  2.52   data arrival time

                  0.15    0.00    0.00   clock clk (rise edge)
                          0.00    0.00   clock network delay (ideal)
                          0.25    0.25   clock uncertainty
                          0.00    0.25   clock reconvergence pessimism
                                  0.25 ^ _2165_/CLK (sky130_fd_sc_hd__dfrtp_1)
                          0.35    0.60   library removal time
                                  0.60   data required time
-----------------------------------------------------------------------------
                                  0.60   data required time
                                 -2.52   data arrival time
-----------------------------------------------------------------------------
                                  1.92   slack (MET)


Startpoint: heartbeat_fc (input port clocked by clk)
Endpoint: _2164_ (removal check against rising-edge clock clk)
Path Group: asynchronous
Path Type: min

Fanout     Cap    Slew   Delay    Time   Description
-----------------------------------------------------------------------------
                  0.15    0.00    0.00   clock clk (rise edge)
                          0.00    0.00   clock network delay (ideal)
                          1.60    1.60 v input external delay
                  0.01    0.00    1.60 v heartbeat_fc (in)
     1    0.00                           heartbeat_fc (net)
                  0.01    0.00    1.60 v input1/A (sky130_fd_sc_hd__buf_1)
                  0.08    0.11    1.72 v input1/X (sky130_fd_sc_hd__buf_1)
     2    0.01                           net1 (net)
                  0.08    0.00    1.72 v fanout14/A (sky130_fd_sc_hd__clkbuf_2)
                  0.08    0.16    1.88 v fanout14/X (sky130_fd_sc_hd__clkbuf_2)
     6    0.02                           net14 (net)
                  0.08    0.00    1.88 v fanout12/A (sky130_fd_sc_hd__clkbuf_4)
                  0.09    0.20    2.08 v fanout12/X (sky130_fd_sc_hd__clkbuf_4)
    10    0.04                           net12 (net)
                  0.09    0.00    2.08 v _1746_/A (sky130_fd_sc_hd__buf_4)
                  0.07    0.19    2.28 v _1746_/X (sky130_fd_sc_hd__buf_4)
    10    0.05                           _0558_ (net)
                  0.07    0.00    2.28 v _1758_/A (sky130_fd_sc_hd__buf_4)
                  0.08    0.19    2.46 v _1758_/X (sky130_fd_sc_hd__buf_4)
    10    0.05                           _0560_ (net)
                  0.08    0.00    2.46 v _1766_/A (sky130_fd_sc_hd__inv_2)
                  0.03    0.05    2.52 ^ _1766_/Y (sky130_fd_sc_hd__inv_2)
     1    0.00                           _0074_ (net)
                  0.03    0.00    2.52 ^ _2164_/RESET_B (sky130_fd_sc_hd__dfrtp_2)
                                  2.52   data arrival time

                  0.15    0.00    0.00   clock clk (rise edge)
                          0.00    0.00   clock network delay (ideal)
                          0.25    0.25   clock uncertainty
                          0.00    0.25   clock reconvergence pessimism
                                  0.25 ^ _2164_/CLK (sky130_fd_sc_hd__dfrtp_2)
                          0.35    0.60   library removal time
                                  0.60   data required time
-----------------------------------------------------------------------------
                                  0.60   data required time
                                 -2.52   data arrival time
-----------------------------------------------------------------------------
                                  1.92   slack (MET)


Startpoint: heartbeat_fc (input port clocked by clk)
Endpoint: _2241_ (removal check against rising-edge clock clk)
Path Group: asynchronous
Path Type: min

Fanout     Cap    Slew   Delay    Time   Description
-----------------------------------------------------------------------------
                  0.15    0.00    0.00   clock clk (rise edge)
                          0.00    0.00   clock network delay (ideal)
                          1.60    1.60 v input external delay
                  0.01    0.00    1.60 v heartbeat_fc (in)
     1    0.00                           heartbeat_fc (net)
                  0.01    0.00    1.60 v input1/A (sky130_fd_sc_hd__buf_1)
                  0.08    0.11    1.72 v input1/X (sky130_fd_sc_hd__buf_1)
     2    0.01                           net1 (net)
                  0.08    0.00    1.72 v fanout14/A (sky130_fd_sc_hd__clkbuf_2)
                  0.08    0.16    1.88 v fanout14/X (sky130_fd_sc_hd__clkbuf_2)
     6    0.02                           net14 (net)
                  0.08    0.00    1.88 v fanout12/A (sky130_fd_sc_hd__clkbuf_4)
                  0.09    0.20    2.08 v fanout12/X (sky130_fd_sc_hd__clkbuf_4)
    10    0.04                           net12 (net)
                  0.09    0.00    2.08 v _1746_/A (sky130_fd_sc_hd__buf_4)
                  0.07    0.19    2.28 v _1746_/X (sky130_fd_sc_hd__buf_4)
    10    0.05                           _0558_ (net)
                  0.07    0.00    2.28 v _1891_/A (sky130_fd_sc_hd__buf_4)
                  0.08    0.19    2.47 v _1891_/X (sky130_fd_sc_hd__buf_4)
    10    0.05                           _0638_ (net)
                  0.08    0.00    2.47 v _1893_/A (sky130_fd_sc_hd__inv_2)
                  0.03    0.05    2.52 ^ _1893_/Y (sky130_fd_sc_hd__inv_2)
     1    0.00                           _0088_ (net)
                  0.03    0.00    2.52 ^ _2241_/RESET_B (sky130_fd_sc_hd__dfrtp_1)
                                  2.52   data arrival time

                  0.15    0.00    0.00   clock clk (rise edge)
                          0.00    0.00   clock network delay (ideal)
                          0.25    0.25   clock uncertainty
                          0.00    0.25   clock reconvergence pessimism
                                  0.25 ^ _2241_/CLK (sky130_fd_sc_hd__dfrtp_1)
                          0.35    0.60   library removal time
                                  0.60   data required time
-----------------------------------------------------------------------------
                                  0.60   data required time
                                 -2.52   data arrival time
-----------------------------------------------------------------------------
                                  1.92   slack (MET)


Startpoint: heartbeat_fc (input port clocked by clk)
Endpoint: _2157_ (removal check against rising-edge clock clk)
Path Group: asynchronous
Path Type: min

Fanout     Cap    Slew   Delay    Time   Description
-----------------------------------------------------------------------------
                  0.15    0.00    0.00   clock clk (rise edge)
                          0.00    0.00   clock network delay (ideal)
                          1.60    1.60 v input external delay
                  0.01    0.00    1.60 v heartbeat_fc (in)
     1    0.00                           heartbeat_fc (net)
                  0.01    0.00    1.60 v input1/A (sky130_fd_sc_hd__buf_1)
                  0.08    0.11    1.72 v input1/X (sky130_fd_sc_hd__buf_1)
     2    0.01                           net1 (net)
                  0.08    0.00    1.72 v fanout14/A (sky130_fd_sc_hd__clkbuf_2)
                  0.08    0.16    1.88 v fanout14/X (sky130_fd_sc_hd__clkbuf_2)
     6    0.02                           net14 (net)
                  0.08    0.00    1.88 v fanout12/A (sky130_fd_sc_hd__clkbuf_4)
                  0.09    0.20    2.08 v fanout12/X (sky130_fd_sc_hd__clkbuf_4)
    10    0.04                           net12 (net)
                  0.09    0.00    2.08 v _1746_/A (sky130_fd_sc_hd__buf_4)
                  0.07    0.19    2.28 v _1746_/X (sky130_fd_sc_hd__buf_4)
    10    0.05                           _0558_ (net)
                  0.07    0.00    2.28 v _1758_/A (sky130_fd_sc_hd__buf_4)
                  0.08    0.19    2.46 v _1758_/X (sky130_fd_sc_hd__buf_4)
    10    0.05                           _0560_ (net)
                  0.08    0.00    2.46 v _1759_/A (sky130_fd_sc_hd__inv_2)
                  0.03    0.05    2.52 ^ _1759_/Y (sky130_fd_sc_hd__inv_2)
     1    0.00                           _0067_ (net)
                  0.03    0.00    2.52 ^ _2157_/RESET_B (sky130_fd_sc_hd__dfrtp_1)
                                  2.52   data arrival time

                  0.15    0.00    0.00   clock clk (rise edge)
                          0.00    0.00   clock network delay (ideal)
                          0.25    0.25   clock uncertainty
                          0.00    0.25   clock reconvergence pessimism
                                  0.25 ^ _2157_/CLK (sky130_fd_sc_hd__dfrtp_1)
                          0.35    0.60   library removal time
                                  0.60   data required time
-----------------------------------------------------------------------------
                                  0.60   data required time
                                 -2.52   data arrival time
-----------------------------------------------------------------------------
                                  1.92   slack (MET)


Startpoint: heartbeat_fc (input port clocked by clk)
Endpoint: _2166_ (removal check against rising-edge clock clk)
Path Group: asynchronous
Path Type: min

Fanout     Cap    Slew   Delay    Time   Description
-----------------------------------------------------------------------------
                  0.15    0.00    0.00   clock clk (rise edge)
                          0.00    0.00   clock network delay (ideal)
                          1.60    1.60 v input external delay
                  0.01    0.00    1.60 v heartbeat_fc (in)
     1    0.00                           heartbeat_fc (net)
                  0.01    0.00    1.60 v input1/A (sky130_fd_sc_hd__buf_1)
                  0.08    0.11    1.72 v input1/X (sky130_fd_sc_hd__buf_1)
     2    0.01                           net1 (net)
                  0.08    0.00    1.72 v fanout14/A (sky130_fd_sc_hd__clkbuf_2)
                  0.08    0.16    1.88 v fanout14/X (sky130_fd_sc_hd__clkbuf_2)
     6    0.02                           net14 (net)
                  0.08    0.00    1.88 v fanout12/A (sky130_fd_sc_hd__clkbuf_4)
                  0.09    0.20    2.08 v fanout12/X (sky130_fd_sc_hd__clkbuf_4)
    10    0.04                           net12 (net)
                  0.09    0.00    2.08 v _1746_/A (sky130_fd_sc_hd__buf_4)
                  0.07    0.19    2.28 v _1746_/X (sky130_fd_sc_hd__buf_4)
    10    0.05                           _0558_ (net)
                  0.07    0.00    2.28 v _1758_/A (sky130_fd_sc_hd__buf_4)
                  0.08    0.19    2.46 v _1758_/X (sky130_fd_sc_hd__buf_4)
    10    0.05                           _0560_ (net)
                  0.08    0.00    2.46 v _1768_/A (sky130_fd_sc_hd__inv_2)
                  0.03    0.05    2.52 ^ _1768_/Y (sky130_fd_sc_hd__inv_2)
     1    0.00                           _0076_ (net)
                  0.03    0.00    2.52 ^ _2166_/RESET_B (sky130_fd_sc_hd__dfrtp_1)
                                  2.52   data arrival time

                  0.15    0.00    0.00   clock clk (rise edge)
                          0.00    0.00   clock network delay (ideal)
                          0.25    0.25   clock uncertainty
                          0.00    0.25   clock reconvergence pessimism
                                  0.25 ^ _2166_/CLK (sky130_fd_sc_hd__dfrtp_1)
                          0.35    0.60   library removal time
                                  0.60   data required time
-----------------------------------------------------------------------------
                                  0.60   data required time
                                 -2.52   data arrival time
-----------------------------------------------------------------------------
                                  1.92   slack (MET)


Startpoint: heartbeat_fc (input port clocked by clk)
Endpoint: _2246_ (removal check against rising-edge clock clk)
Path Group: asynchronous
Path Type: min

Fanout     Cap    Slew   Delay    Time   Description
-----------------------------------------------------------------------------
                  0.15    0.00    0.00   clock clk (rise edge)
                          0.00    0.00   clock network delay (ideal)
                          1.60    1.60 v input external delay
                  0.01    0.00    1.60 v heartbeat_fc (in)
     1    0.00                           heartbeat_fc (net)
                  0.01    0.00    1.60 v input1/A (sky130_fd_sc_hd__buf_1)
                  0.08    0.11    1.72 v input1/X (sky130_fd_sc_hd__buf_1)
     2    0.01                           net1 (net)
                  0.08    0.00    1.72 v fanout14/A (sky130_fd_sc_hd__clkbuf_2)
                  0.08    0.16    1.88 v fanout14/X (sky130_fd_sc_hd__clkbuf_2)
     6    0.02                           net14 (net)
                  0.08    0.00    1.88 v fanout12/A (sky130_fd_sc_hd__clkbuf_4)
                  0.09    0.20    2.08 v fanout12/X (sky130_fd_sc_hd__clkbuf_4)
    10    0.04                           net12 (net)
                  0.09    0.00    2.08 v _1746_/A (sky130_fd_sc_hd__buf_4)
                  0.07    0.19    2.28 v _1746_/X (sky130_fd_sc_hd__buf_4)
    10    0.05                           _0558_ (net)
                  0.07    0.00    2.28 v _1891_/A (sky130_fd_sc_hd__buf_4)
                  0.08    0.19    2.47 v _1891_/X (sky130_fd_sc_hd__buf_4)
    10    0.05                           _0638_ (net)
                  0.08    0.00    2.47 v _1898_/A (sky130_fd_sc_hd__inv_2)
                  0.03    0.05    2.52 ^ _1898_/Y (sky130_fd_sc_hd__inv_2)
     1    0.00                           _0093_ (net)
                  0.03    0.00    2.52 ^ _2246_/RESET_B (sky130_fd_sc_hd__dfrtp_1)
                                  2.52   data arrival time

                  0.15    0.00    0.00   clock clk (rise edge)
                          0.00    0.00   clock network delay (ideal)
                          0.25    0.25   clock uncertainty
                          0.00    0.25   clock reconvergence pessimism
                                  0.25 ^ _2246_/CLK (sky130_fd_sc_hd__dfrtp_1)
                          0.35    0.60   library removal time
                                  0.60   data required time
-----------------------------------------------------------------------------
                                  0.60   data required time
                                 -2.52   data arrival time
-----------------------------------------------------------------------------
                                  1.92   slack (MET)


Startpoint: heartbeat_fc (input port clocked by clk)
Endpoint: _2153_ (removal check against rising-edge clock clk)
Path Group: asynchronous
Path Type: min

Fanout     Cap    Slew   Delay    Time   Description
-----------------------------------------------------------------------------
                  0.15    0.00    0.00   clock clk (rise edge)
                          0.00    0.00   clock network delay (ideal)
                          1.60    1.60 v input external delay
                  0.01    0.00    1.60 v heartbeat_fc (in)
     1    0.00                           heartbeat_fc (net)
                  0.01    0.00    1.60 v input1/A (sky130_fd_sc_hd__buf_1)
                  0.08    0.11    1.72 v input1/X (sky130_fd_sc_hd__buf_1)
     2    0.01                           net1 (net)
                  0.08    0.00    1.72 v fanout14/A (sky130_fd_sc_hd__clkbuf_2)
                  0.08    0.16    1.88 v fanout14/X (sky130_fd_sc_hd__clkbuf_2)
     6    0.02                           net14 (net)
                  0.08    0.00    1.88 v fanout12/A (sky130_fd_sc_hd__clkbuf_4)
                  0.09    0.20    2.08 v fanout12/X (sky130_fd_sc_hd__clkbuf_4)
    10    0.04                           net12 (net)
                  0.09    0.00    2.08 v _1746_/A (sky130_fd_sc_hd__buf_4)
                  0.07    0.19    2.28 v _1746_/X (sky130_fd_sc_hd__buf_4)
    10    0.05                           _0558_ (net)
                  0.07    0.00    2.28 v _1747_/A (sky130_fd_sc_hd__buf_4)
                  0.08    0.19    2.46 v _1747_/X (sky130_fd_sc_hd__buf_4)
    10    0.05                           _0559_ (net)
                  0.08    0.00    2.46 v _1754_/A (sky130_fd_sc_hd__inv_2)
                  0.03    0.05    2.52 ^ _1754_/Y (sky130_fd_sc_hd__inv_2)
     1    0.00                           _0063_ (net)
                  0.03    0.00    2.52 ^ _2153_/RESET_B (sky130_fd_sc_hd__dfrtp_1)
                                  2.52   data arrival time

                  0.15    0.00    0.00   clock clk (rise edge)
                          0.00    0.00   clock network delay (ideal)
                          0.25    0.25   clock uncertainty
                          0.00    0.25   clock reconvergence pessimism
                                  0.25 ^ _2153_/CLK (sky130_fd_sc_hd__dfrtp_1)
                          0.35    0.60   library removal time
                                  0.60   data required time
-----------------------------------------------------------------------------
                                  0.60   data required time
                                 -2.52   data arrival time
-----------------------------------------------------------------------------
                                  1.92   slack (MET)


Startpoint: heartbeat_fc (input port clocked by clk)
Endpoint: _2247_ (removal check against rising-edge clock clk)
Path Group: asynchronous
Path Type: min

Fanout     Cap    Slew   Delay    Time   Description
-----------------------------------------------------------------------------
                  0.15    0.00    0.00   clock clk (rise edge)
                          0.00    0.00   clock network delay (ideal)
                          1.60    1.60 v input external delay
                  0.01    0.00    1.60 v heartbeat_fc (in)
     1    0.00                           heartbeat_fc (net)
                  0.01    0.00    1.60 v input1/A (sky130_fd_sc_hd__buf_1)
                  0.08    0.11    1.72 v input1/X (sky130_fd_sc_hd__buf_1)
     2    0.01                           net1 (net)
                  0.08    0.00    1.72 v fanout14/A (sky130_fd_sc_hd__clkbuf_2)
                  0.08    0.16    1.88 v fanout14/X (sky130_fd_sc_hd__clkbuf_2)
     6    0.02                           net14 (net)
                  0.08    0.00    1.88 v fanout12/A (sky130_fd_sc_hd__clkbuf_4)
                  0.09    0.20    2.08 v fanout12/X (sky130_fd_sc_hd__clkbuf_4)
    10    0.04                           net12 (net)
                  0.09    0.00    2.08 v _1746_/A (sky130_fd_sc_hd__buf_4)
                  0.07    0.19    2.28 v _1746_/X (sky130_fd_sc_hd__buf_4)
    10    0.05                           _0558_ (net)
                  0.07    0.00    2.28 v _1891_/A (sky130_fd_sc_hd__buf_4)
                  0.08    0.19    2.47 v _1891_/X (sky130_fd_sc_hd__buf_4)
    10    0.05                           _0638_ (net)
                  0.08    0.00    2.47 v _1899_/A (sky130_fd_sc_hd__inv_2)
                  0.03    0.05    2.52 ^ _1899_/Y (sky130_fd_sc_hd__inv_2)
     1    0.00                           _0094_ (net)
                  0.03    0.00    2.52 ^ _2247_/RESET_B (sky130_fd_sc_hd__dfrtp_1)
                                  2.52   data arrival time

                  0.15    0.00    0.00   clock clk (rise edge)
                          0.00    0.00   clock network delay (ideal)
                          0.25    0.25   clock uncertainty
                          0.00    0.25   clock reconvergence pessimism
                                  0.25 ^ _2247_/CLK (sky130_fd_sc_hd__dfrtp_1)
                          0.35    0.60   library removal time
                                  0.60   data required time
-----------------------------------------------------------------------------
                                  0.60   data required time
                                 -2.52   data arrival time
-----------------------------------------------------------------------------
                                  1.92   slack (MET)


Startpoint: heartbeat_fc (input port clocked by clk)
Endpoint: _2154_ (removal check against rising-edge clock clk)
Path Group: asynchronous
Path Type: min

Fanout     Cap    Slew   Delay    Time   Description
-----------------------------------------------------------------------------
                  0.15    0.00    0.00   clock clk (rise edge)
                          0.00    0.00   clock network delay (ideal)
                          1.60    1.60 v input external delay
                  0.01    0.00    1.60 v heartbeat_fc (in)
     1    0.00                           heartbeat_fc (net)
                  0.01    0.00    1.60 v input1/A (sky130_fd_sc_hd__buf_1)
                  0.08    0.11    1.72 v input1/X (sky130_fd_sc_hd__buf_1)
     2    0.01                           net1 (net)
                  0.08    0.00    1.72 v fanout14/A (sky130_fd_sc_hd__clkbuf_2)
                  0.08    0.16    1.88 v fanout14/X (sky130_fd_sc_hd__clkbuf_2)
     6    0.02                           net14 (net)
                  0.08    0.00    1.88 v fanout12/A (sky130_fd_sc_hd__clkbuf_4)
                  0.09    0.20    2.08 v fanout12/X (sky130_fd_sc_hd__clkbuf_4)
    10    0.04                           net12 (net)
                  0.09    0.00    2.08 v _1746_/A (sky130_fd_sc_hd__buf_4)
                  0.07    0.19    2.28 v _1746_/X (sky130_fd_sc_hd__buf_4)
    10    0.05                           _0558_ (net)
                  0.07    0.00    2.28 v _1747_/A (sky130_fd_sc_hd__buf_4)
                  0.08    0.19    2.46 v _1747_/X (sky130_fd_sc_hd__buf_4)
    10    0.05                           _0559_ (net)
                  0.08    0.00    2.46 v _1755_/A (sky130_fd_sc_hd__inv_2)
                  0.03    0.05    2.52 ^ _1755_/Y (sky130_fd_sc_hd__inv_2)
     1    0.00                           _0064_ (net)
                  0.03    0.00    2.52 ^ _2154_/RESET_B (sky130_fd_sc_hd__dfrtp_1)
                                  2.52   data arrival time

                  0.15    0.00    0.00   clock clk (rise edge)
                          0.00    0.00   clock network delay (ideal)
                          0.25    0.25   clock uncertainty
                          0.00    0.25   clock reconvergence pessimism
                                  0.25 ^ _2154_/CLK (sky130_fd_sc_hd__dfrtp_1)
                          0.35    0.60   library removal time
                                  0.60   data required time
-----------------------------------------------------------------------------
                                  0.60   data required time
                                 -2.52   data arrival time
-----------------------------------------------------------------------------
                                  1.92   slack (MET)


Startpoint: heartbeat_fc (input port clocked by clk)
Endpoint: _2243_ (removal check against rising-edge clock clk)
Path Group: asynchronous
Path Type: min

Fanout     Cap    Slew   Delay    Time   Description
-----------------------------------------------------------------------------
                  0.15    0.00    0.00   clock clk (rise edge)
                          0.00    0.00   clock network delay (ideal)
                          1.60    1.60 v input external delay
                  0.01    0.00    1.60 v heartbeat_fc (in)
     1    0.00                           heartbeat_fc (net)
                  0.01    0.00    1.60 v input1/A (sky130_fd_sc_hd__buf_1)
                  0.08    0.11    1.72 v input1/X (sky130_fd_sc_hd__buf_1)
     2    0.01                           net1 (net)
                  0.08    0.00    1.72 v fanout14/A (sky130_fd_sc_hd__clkbuf_2)
                  0.08    0.16    1.88 v fanout14/X (sky130_fd_sc_hd__clkbuf_2)
     6    0.02                           net14 (net)
                  0.08    0.00    1.88 v fanout12/A (sky130_fd_sc_hd__clkbuf_4)
                  0.09    0.20    2.08 v fanout12/X (sky130_fd_sc_hd__clkbuf_4)
    10    0.04                           net12 (net)
                  0.09    0.00    2.08 v _1746_/A (sky130_fd_sc_hd__buf_4)
                  0.07    0.19    2.28 v _1746_/X (sky130_fd_sc_hd__buf_4)
    10    0.05                           _0558_ (net)
                  0.07    0.00    2.28 v _1891_/A (sky130_fd_sc_hd__buf_4)
                  0.08    0.19    2.47 v _1891_/X (sky130_fd_sc_hd__buf_4)
    10    0.05                           _0638_ (net)
                  0.08    0.00    2.47 v _1895_/A (sky130_fd_sc_hd__inv_2)
                  0.03    0.05    2.52 ^ _1895_/Y (sky130_fd_sc_hd__inv_2)
     1    0.00                           _0090_ (net)
                  0.03    0.00    2.52 ^ _2243_/RESET_B (sky130_fd_sc_hd__dfrtp_1)
                                  2.52   data arrival time

                  0.15    0.00    0.00   clock clk (rise edge)
                          0.00    0.00   clock network delay (ideal)
                          0.25    0.25   clock uncertainty
                          0.00    0.25   clock reconvergence pessimism
                                  0.25 ^ _2243_/CLK (sky130_fd_sc_hd__dfrtp_1)
                          0.35    0.60   library removal time
                                  0.60   data required time
-----------------------------------------------------------------------------
                                  0.60   data required time
                                 -2.52   data arrival time
-----------------------------------------------------------------------------
                                  1.92   slack (MET)


Startpoint: heartbeat_fc (input port clocked by clk)
Endpoint: _2167_ (removal check against rising-edge clock clk)
Path Group: asynchronous
Path Type: min

Fanout     Cap    Slew   Delay    Time   Description
-----------------------------------------------------------------------------
                  0.15    0.00    0.00   clock clk (rise edge)
                          0.00    0.00   clock network delay (ideal)
                          1.60    1.60 v input external delay
                  0.01    0.00    1.60 v heartbeat_fc (in)
     1    0.00                           heartbeat_fc (net)
                  0.01    0.00    1.60 v input1/A (sky130_fd_sc_hd__buf_1)
                  0.08    0.11    1.72 v input1/X (sky130_fd_sc_hd__buf_1)
     2    0.01                           net1 (net)
                  0.08    0.00    1.72 v fanout14/A (sky130_fd_sc_hd__clkbuf_2)
                  0.08    0.16    1.88 v fanout14/X (sky130_fd_sc_hd__clkbuf_2)
     6    0.02                           net14 (net)
                  0.08    0.00    1.88 v fanout12/A (sky130_fd_sc_hd__clkbuf_4)
                  0.09    0.20    2.08 v fanout12/X (sky130_fd_sc_hd__clkbuf_4)
    10    0.04                           net12 (net)
                  0.09    0.00    2.08 v _1746_/A (sky130_fd_sc_hd__buf_4)
                  0.07    0.19    2.28 v _1746_/X (sky130_fd_sc_hd__buf_4)
    10    0.05                           _0558_ (net)
                  0.07    0.00    2.28 v _1769_/A (sky130_fd_sc_hd__buf_4)
                  0.08    0.19    2.47 v _1769_/X (sky130_fd_sc_hd__buf_4)
    10    0.05                           _0561_ (net)
                  0.08    0.00    2.47 v _1770_/A (sky130_fd_sc_hd__inv_2)
                  0.03    0.05    2.52 ^ _1770_/Y (sky130_fd_sc_hd__inv_2)
     1    0.00                           _0077_ (net)
                  0.03    0.00    2.52 ^ _2167_/RESET_B (sky130_fd_sc_hd__dfrtp_2)
                                  2.52   data arrival time

                  0.15    0.00    0.00   clock clk (rise edge)
                          0.00    0.00   clock network delay (ideal)
                          0.25    0.25   clock uncertainty
                          0.00    0.25   clock reconvergence pessimism
                                  0.25 ^ _2167_/CLK (sky130_fd_sc_hd__dfrtp_2)
                          0.35    0.60   library removal time
                                  0.60   data required time
-----------------------------------------------------------------------------
                                  0.60   data required time
                                 -2.52   data arrival time
-----------------------------------------------------------------------------
                                  1.92   slack (MET)


Startpoint: heartbeat_fc (input port clocked by clk)
Endpoint: _2150_ (removal check against rising-edge clock clk)
Path Group: asynchronous
Path Type: min

Fanout     Cap    Slew   Delay    Time   Description
-----------------------------------------------------------------------------
                  0.15    0.00    0.00   clock clk (rise edge)
                          0.00    0.00   clock network delay (ideal)
                          1.60    1.60 v input external delay
                  0.01    0.00    1.60 v heartbeat_fc (in)
     1    0.00                           heartbeat_fc (net)
                  0.01    0.00    1.60 v input1/A (sky130_fd_sc_hd__buf_1)
                  0.08    0.11    1.72 v input1/X (sky130_fd_sc_hd__buf_1)
     2    0.01                           net1 (net)
                  0.08    0.00    1.72 v fanout14/A (sky130_fd_sc_hd__clkbuf_2)
                  0.08    0.16    1.88 v fanout14/X (sky130_fd_sc_hd__clkbuf_2)
     6    0.02                           net14 (net)
                  0.08    0.00    1.88 v fanout12/A (sky130_fd_sc_hd__clkbuf_4)
                  0.09    0.20    2.08 v fanout12/X (sky130_fd_sc_hd__clkbuf_4)
    10    0.04                           net12 (net)
                  0.09    0.00    2.08 v _1746_/A (sky130_fd_sc_hd__buf_4)
                  0.07    0.19    2.28 v _1746_/X (sky130_fd_sc_hd__buf_4)
    10    0.05                           _0558_ (net)
                  0.07    0.00    2.28 v _1747_/A (sky130_fd_sc_hd__buf_4)
                  0.08    0.19    2.46 v _1747_/X (sky130_fd_sc_hd__buf_4)
    10    0.05                           _0559_ (net)
                  0.08    0.00    2.46 v _1751_/A (sky130_fd_sc_hd__inv_2)
                  0.03    0.05    2.52 ^ _1751_/Y (sky130_fd_sc_hd__inv_2)
     1    0.00                           _0060_ (net)
                  0.03    0.00    2.52 ^ _2150_/RESET_B (sky130_fd_sc_hd__dfrtp_1)
                                  2.52   data arrival time

                  0.15    0.00    0.00   clock clk (rise edge)
                          0.00    0.00   clock network delay (ideal)
                          0.25    0.25   clock uncertainty
                          0.00    0.25   clock reconvergence pessimism
                                  0.25 ^ _2150_/CLK (sky130_fd_sc_hd__dfrtp_1)
                          0.35    0.60   library removal time
                                  0.60   data required time
-----------------------------------------------------------------------------
                                  0.60   data required time
                                 -2.52   data arrival time
-----------------------------------------------------------------------------
                                  1.92   slack (MET)


Startpoint: heartbeat_fc (input port clocked by clk)
Endpoint: _2245_ (removal check against rising-edge clock clk)
Path Group: asynchronous
Path Type: min

Fanout     Cap    Slew   Delay    Time   Description
-----------------------------------------------------------------------------
                  0.15    0.00    0.00   clock clk (rise edge)
                          0.00    0.00   clock network delay (ideal)
                          1.60    1.60 v input external delay
                  0.01    0.00    1.60 v heartbeat_fc (in)
     1    0.00                           heartbeat_fc (net)
                  0.01    0.00    1.60 v input1/A (sky130_fd_sc_hd__buf_1)
                  0.08    0.11    1.72 v input1/X (sky130_fd_sc_hd__buf_1)
     2    0.01                           net1 (net)
                  0.08    0.00    1.72 v fanout14/A (sky130_fd_sc_hd__clkbuf_2)
                  0.08    0.16    1.88 v fanout14/X (sky130_fd_sc_hd__clkbuf_2)
     6    0.02                           net14 (net)
                  0.08    0.00    1.88 v fanout12/A (sky130_fd_sc_hd__clkbuf_4)
                  0.09    0.20    2.08 v fanout12/X (sky130_fd_sc_hd__clkbuf_4)
    10    0.04                           net12 (net)
                  0.09    0.00    2.08 v _1746_/A (sky130_fd_sc_hd__buf_4)
                  0.07    0.19    2.28 v _1746_/X (sky130_fd_sc_hd__buf_4)
    10    0.05                           _0558_ (net)
                  0.07    0.00    2.28 v _1891_/A (sky130_fd_sc_hd__buf_4)
                  0.08    0.19    2.47 v _1891_/X (sky130_fd_sc_hd__buf_4)
    10    0.05                           _0638_ (net)
                  0.08    0.00    2.47 v _1897_/A (sky130_fd_sc_hd__inv_2)
                  0.03    0.05    2.52 ^ _1897_/Y (sky130_fd_sc_hd__inv_2)
     1    0.00                           _0092_ (net)
                  0.03    0.00    2.52 ^ _2245_/RESET_B (sky130_fd_sc_hd__dfrtp_1)
                                  2.52   data arrival time

                  0.15    0.00    0.00   clock clk (rise edge)
                          0.00    0.00   clock network delay (ideal)
                          0.25    0.25   clock uncertainty
                          0.00    0.25   clock reconvergence pessimism
                                  0.25 ^ _2245_/CLK (sky130_fd_sc_hd__dfrtp_1)
                          0.35    0.60   library removal time
                                  0.60   data required time
-----------------------------------------------------------------------------
                                  0.60   data required time
                                 -2.52   data arrival time
-----------------------------------------------------------------------------
                                  1.92   slack (MET)


Startpoint: heartbeat_fc (input port clocked by clk)
Endpoint: _2148_ (removal check against rising-edge clock clk)
Path Group: asynchronous
Path Type: min

Fanout     Cap    Slew   Delay    Time   Description
-----------------------------------------------------------------------------
                  0.15    0.00    0.00   clock clk (rise edge)
                          0.00    0.00   clock network delay (ideal)
                          1.60    1.60 v input external delay
                  0.01    0.00    1.60 v heartbeat_fc (in)
     1    0.00                           heartbeat_fc (net)
                  0.01    0.00    1.60 v input1/A (sky130_fd_sc_hd__buf_1)
                  0.08    0.11    1.72 v input1/X (sky130_fd_sc_hd__buf_1)
     2    0.01                           net1 (net)
                  0.08    0.00    1.72 v fanout14/A (sky130_fd_sc_hd__clkbuf_2)
                  0.08    0.16    1.88 v fanout14/X (sky130_fd_sc_hd__clkbuf_2)
     6    0.02                           net14 (net)
                  0.08    0.00    1.88 v fanout12/A (sky130_fd_sc_hd__clkbuf_4)
                  0.09    0.20    2.08 v fanout12/X (sky130_fd_sc_hd__clkbuf_4)
    10    0.04                           net12 (net)
                  0.09    0.00    2.08 v _1746_/A (sky130_fd_sc_hd__buf_4)
                  0.07    0.19    2.28 v _1746_/X (sky130_fd_sc_hd__buf_4)
    10    0.05                           _0558_ (net)
                  0.07    0.00    2.28 v _1747_/A (sky130_fd_sc_hd__buf_4)
                  0.08    0.19    2.46 v _1747_/X (sky130_fd_sc_hd__buf_4)
    10    0.05                           _0559_ (net)
                  0.08    0.00    2.46 v _1749_/A (sky130_fd_sc_hd__inv_2)
                  0.03    0.05    2.52 ^ _1749_/Y (sky130_fd_sc_hd__inv_2)
     1    0.00                           _0058_ (net)
                  0.03    0.00    2.52 ^ _2148_/RESET_B (sky130_fd_sc_hd__dfrtp_1)
                                  2.52   data arrival time

                  0.15    0.00    0.00   clock clk (rise edge)
                          0.00    0.00   clock network delay (ideal)
                          0.25    0.25   clock uncertainty
                          0.00    0.25   clock reconvergence pessimism
                                  0.25 ^ _2148_/CLK (sky130_fd_sc_hd__dfrtp_1)
                          0.35    0.60   library removal time
                                  0.60   data required time
-----------------------------------------------------------------------------
                                  0.60   data required time
                                 -2.52   data arrival time
-----------------------------------------------------------------------------
                                  1.92   slack (MET)


Startpoint: heartbeat_fc (input port clocked by clk)
Endpoint: _2239_ (removal check against rising-edge clock clk)
Path Group: asynchronous
Path Type: min

Fanout     Cap    Slew   Delay    Time   Description
-----------------------------------------------------------------------------
                  0.15    0.00    0.00   clock clk (rise edge)
                          0.00    0.00   clock network delay (ideal)
                          1.60    1.60 v input external delay
                  0.01    0.00    1.60 v heartbeat_fc (in)
     1    0.00                           heartbeat_fc (net)
                  0.01    0.00    1.60 v input1/A (sky130_fd_sc_hd__buf_1)
                  0.08    0.11    1.72 v input1/X (sky130_fd_sc_hd__buf_1)
     2    0.01                           net1 (net)
                  0.08    0.00    1.72 v fanout14/A (sky130_fd_sc_hd__clkbuf_2)
                  0.08    0.16    1.88 v fanout14/X (sky130_fd_sc_hd__clkbuf_2)
     6    0.02                           net14 (net)
                  0.08    0.00    1.88 v fanout12/A (sky130_fd_sc_hd__clkbuf_4)
                  0.09    0.20    2.08 v fanout12/X (sky130_fd_sc_hd__clkbuf_4)
    10    0.04                           net12 (net)
                  0.09    0.00    2.08 v _1746_/A (sky130_fd_sc_hd__buf_4)
                  0.07    0.19    2.28 v _1746_/X (sky130_fd_sc_hd__buf_4)
    10    0.05                           _0558_ (net)
                  0.07    0.00    2.28 v _1769_/A (sky130_fd_sc_hd__buf_4)
                  0.08    0.19    2.47 v _1769_/X (sky130_fd_sc_hd__buf_4)
    10    0.05                           _0561_ (net)
                  0.08    0.00    2.47 v _1890_/A (sky130_fd_sc_hd__inv_2)
                  0.03    0.05    2.52 ^ _1890_/Y (sky130_fd_sc_hd__inv_2)
     1    0.00                           _0086_ (net)
                  0.03    0.00    2.52 ^ _2239_/RESET_B (sky130_fd_sc_hd__dfrtp_1)
                                  2.52   data arrival time

                  0.15    0.00    0.00   clock clk (rise edge)
                          0.00    0.00   clock network delay (ideal)
                          0.25    0.25   clock uncertainty
                          0.00    0.25   clock reconvergence pessimism
                                  0.25 ^ _2239_/CLK (sky130_fd_sc_hd__dfrtp_1)
                          0.35    0.60   library removal time
                                  0.60   data required time
-----------------------------------------------------------------------------
                                  0.60   data required time
                                 -2.52   data arrival time
-----------------------------------------------------------------------------
                                  1.92   slack (MET)


Startpoint: heartbeat_fc (input port clocked by clk)
Endpoint: _2244_ (removal check against rising-edge clock clk)
Path Group: asynchronous
Path Type: min

Fanout     Cap    Slew   Delay    Time   Description
-----------------------------------------------------------------------------
                  0.15    0.00    0.00   clock clk (rise edge)
                          0.00    0.00   clock network delay (ideal)
                          1.60    1.60 v input external delay
                  0.01    0.00    1.60 v heartbeat_fc (in)
     1    0.00                           heartbeat_fc (net)
                  0.01    0.00    1.60 v input1/A (sky130_fd_sc_hd__buf_1)
                  0.08    0.11    1.72 v input1/X (sky130_fd_sc_hd__buf_1)
     2    0.01                           net1 (net)
                  0.08    0.00    1.72 v fanout14/A (sky130_fd_sc_hd__clkbuf_2)
                  0.08    0.16    1.88 v fanout14/X (sky130_fd_sc_hd__clkbuf_2)
     6    0.02                           net14 (net)
                  0.08    0.00    1.88 v fanout12/A (sky130_fd_sc_hd__clkbuf_4)
                  0.09    0.20    2.08 v fanout12/X (sky130_fd_sc_hd__clkbuf_4)
    10    0.04                           net12 (net)
                  0.09    0.00    2.08 v _1746_/A (sky130_fd_sc_hd__buf_4)
                  0.07    0.19    2.28 v _1746_/X (sky130_fd_sc_hd__buf_4)
    10    0.05                           _0558_ (net)
                  0.07    0.00    2.28 v _1891_/A (sky130_fd_sc_hd__buf_4)
                  0.08    0.19    2.47 v _1891_/X (sky130_fd_sc_hd__buf_4)
    10    0.05                           _0638_ (net)
                  0.08    0.00    2.47 v _1896_/A (sky130_fd_sc_hd__inv_2)
                  0.03    0.05    2.52 ^ _1896_/Y (sky130_fd_sc_hd__inv_2)
     1    0.00                           _0091_ (net)
                  0.03    0.00    2.52 ^ _2244_/RESET_B (sky130_fd_sc_hd__dfrtp_1)
                                  2.52   data arrival time

                  0.15    0.00    0.00   clock clk (rise edge)
                          0.00    0.00   clock network delay (ideal)
                          0.25    0.25   clock uncertainty
                          0.00    0.25   clock reconvergence pessimism
                                  0.25 ^ _2244_/CLK (sky130_fd_sc_hd__dfrtp_1)
                          0.35    0.60   library removal time
                                  0.60   data required time
-----------------------------------------------------------------------------
                                  0.60   data required time
                                 -2.52   data arrival time
-----------------------------------------------------------------------------
                                  1.92   slack (MET)


Startpoint: heartbeat_fc (input port clocked by clk)
Endpoint: _2242_ (removal check against rising-edge clock clk)
Path Group: asynchronous
Path Type: min

Fanout     Cap    Slew   Delay    Time   Description
-----------------------------------------------------------------------------
                  0.15    0.00    0.00   clock clk (rise edge)
                          0.00    0.00   clock network delay (ideal)
                          1.60    1.60 v input external delay
                  0.01    0.00    1.60 v heartbeat_fc (in)
     1    0.00                           heartbeat_fc (net)
                  0.01    0.00    1.60 v input1/A (sky130_fd_sc_hd__buf_1)
                  0.08    0.11    1.72 v input1/X (sky130_fd_sc_hd__buf_1)
     2    0.01                           net1 (net)
                  0.08    0.00    1.72 v fanout14/A (sky130_fd_sc_hd__clkbuf_2)
                  0.08    0.16    1.88 v fanout14/X (sky130_fd_sc_hd__clkbuf_2)
     6    0.02                           net14 (net)
                  0.08    0.00    1.88 v fanout12/A (sky130_fd_sc_hd__clkbuf_4)
                  0.09    0.20    2.08 v fanout12/X (sky130_fd_sc_hd__clkbuf_4)
    10    0.04                           net12 (net)
                  0.09    0.00    2.08 v _1746_/A (sky130_fd_sc_hd__buf_4)
                  0.07    0.19    2.28 v _1746_/X (sky130_fd_sc_hd__buf_4)
    10    0.05                           _0558_ (net)
                  0.07    0.00    2.28 v _1891_/A (sky130_fd_sc_hd__buf_4)
                  0.08    0.19    2.47 v _1891_/X (sky130_fd_sc_hd__buf_4)
    10    0.05                           _0638_ (net)
                  0.08    0.00    2.47 v _1894_/A (sky130_fd_sc_hd__inv_2)
                  0.03    0.05    2.52 ^ _1894_/Y (sky130_fd_sc_hd__inv_2)
     1    0.00                           _0089_ (net)
                  0.03    0.00    2.52 ^ _2242_/RESET_B (sky130_fd_sc_hd__dfrtp_1)
                                  2.52   data arrival time

                  0.15    0.00    0.00   clock clk (rise edge)
                          0.00    0.00   clock network delay (ideal)
                          0.25    0.25   clock uncertainty
                          0.00    0.25   clock reconvergence pessimism
                                  0.25 ^ _2242_/CLK (sky130_fd_sc_hd__dfrtp_1)
                          0.35    0.60   library removal time
                                  0.60   data required time
-----------------------------------------------------------------------------
                                  0.60   data required time
                                 -2.52   data arrival time
-----------------------------------------------------------------------------
                                  1.92   slack (MET)


Startpoint: heartbeat_fc (input port clocked by clk)
Endpoint: _2152_ (removal check against rising-edge clock clk)
Path Group: asynchronous
Path Type: min

Fanout     Cap    Slew   Delay    Time   Description
-----------------------------------------------------------------------------
                  0.15    0.00    0.00   clock clk (rise edge)
                          0.00    0.00   clock network delay (ideal)
                          1.60    1.60 v input external delay
                  0.01    0.00    1.60 v heartbeat_fc (in)
     1    0.00                           heartbeat_fc (net)
                  0.01    0.00    1.60 v input1/A (sky130_fd_sc_hd__buf_1)
                  0.08    0.11    1.72 v input1/X (sky130_fd_sc_hd__buf_1)
     2    0.01                           net1 (net)
                  0.08    0.00    1.72 v fanout14/A (sky130_fd_sc_hd__clkbuf_2)
                  0.08    0.16    1.88 v fanout14/X (sky130_fd_sc_hd__clkbuf_2)
     6    0.02                           net14 (net)
                  0.08    0.00    1.88 v fanout12/A (sky130_fd_sc_hd__clkbuf_4)
                  0.09    0.20    2.08 v fanout12/X (sky130_fd_sc_hd__clkbuf_4)
    10    0.04                           net12 (net)
                  0.09    0.00    2.08 v _1746_/A (sky130_fd_sc_hd__buf_4)
                  0.07    0.19    2.28 v _1746_/X (sky130_fd_sc_hd__buf_4)
    10    0.05                           _0558_ (net)
                  0.07    0.00    2.28 v _1747_/A (sky130_fd_sc_hd__buf_4)
                  0.08    0.19    2.46 v _1747_/X (sky130_fd_sc_hd__buf_4)
    10    0.05                           _0559_ (net)
                  0.08    0.00    2.46 v _1753_/A (sky130_fd_sc_hd__inv_2)
                  0.03    0.05    2.52 ^ _1753_/Y (sky130_fd_sc_hd__inv_2)
     1    0.00                           _0062_ (net)
                  0.03    0.00    2.52 ^ _2152_/RESET_B (sky130_fd_sc_hd__dfrtp_1)
                                  2.52   data arrival time

                  0.15    0.00    0.00   clock clk (rise edge)
                          0.00    0.00   clock network delay (ideal)
                          0.25    0.25   clock uncertainty
                          0.00    0.25   clock reconvergence pessimism
                                  0.25 ^ _2152_/CLK (sky130_fd_sc_hd__dfrtp_1)
                          0.35    0.60   library removal time
                                  0.60   data required time
-----------------------------------------------------------------------------
                                  0.60   data required time
                                 -2.52   data arrival time
-----------------------------------------------------------------------------
                                  1.92   slack (MET)


Startpoint: heartbeat_fc (input port clocked by clk)
Endpoint: _2155_ (removal check against rising-edge clock clk)
Path Group: asynchronous
Path Type: min

Fanout     Cap    Slew   Delay    Time   Description
-----------------------------------------------------------------------------
                  0.15    0.00    0.00   clock clk (rise edge)
                          0.00    0.00   clock network delay (ideal)
                          1.60    1.60 v input external delay
                  0.01    0.00    1.60 v heartbeat_fc (in)
     1    0.00                           heartbeat_fc (net)
                  0.01    0.00    1.60 v input1/A (sky130_fd_sc_hd__buf_1)
                  0.08    0.11    1.72 v input1/X (sky130_fd_sc_hd__buf_1)
     2    0.01                           net1 (net)
                  0.08    0.00    1.72 v fanout14/A (sky130_fd_sc_hd__clkbuf_2)
                  0.08    0.16    1.88 v fanout14/X (sky130_fd_sc_hd__clkbuf_2)
     6    0.02                           net14 (net)
                  0.08    0.00    1.88 v fanout12/A (sky130_fd_sc_hd__clkbuf_4)
                  0.09    0.20    2.08 v fanout12/X (sky130_fd_sc_hd__clkbuf_4)
    10    0.04                           net12 (net)
                  0.09    0.00    2.08 v _1746_/A (sky130_fd_sc_hd__buf_4)
                  0.07    0.19    2.28 v _1746_/X (sky130_fd_sc_hd__buf_4)
    10    0.05                           _0558_ (net)
                  0.07    0.00    2.28 v _1747_/A (sky130_fd_sc_hd__buf_4)
                  0.08    0.19    2.46 v _1747_/X (sky130_fd_sc_hd__buf_4)
    10    0.05                           _0559_ (net)
                  0.08    0.00    2.46 v _1756_/A (sky130_fd_sc_hd__inv_2)
                  0.03    0.05    2.52 ^ _1756_/Y (sky130_fd_sc_hd__inv_2)
     1    0.00                           _0065_ (net)
                  0.03    0.00    2.52 ^ _2155_/RESET_B (sky130_fd_sc_hd__dfrtp_1)
                                  2.52   data arrival time

                  0.15    0.00    0.00   clock clk (rise edge)
                          0.00    0.00   clock network delay (ideal)
                          0.25    0.25   clock uncertainty
                          0.00    0.25   clock reconvergence pessimism
                                  0.25 ^ _2155_/CLK (sky130_fd_sc_hd__dfrtp_1)
                          0.35    0.60   library removal time
                                  0.60   data required time
-----------------------------------------------------------------------------
                                  0.60   data required time
                                 -2.52   data arrival time
-----------------------------------------------------------------------------
                                  1.92   slack (MET)


Startpoint: heartbeat_fc (input port clocked by clk)
Endpoint: _2156_ (removal check against rising-edge clock clk)
Path Group: asynchronous
Path Type: min

Fanout     Cap    Slew   Delay    Time   Description
-----------------------------------------------------------------------------
                  0.15    0.00    0.00   clock clk (rise edge)
                          0.00    0.00   clock network delay (ideal)
                          1.60    1.60 v input external delay
                  0.01    0.00    1.60 v heartbeat_fc (in)
     1    0.00                           heartbeat_fc (net)
                  0.01    0.00    1.60 v input1/A (sky130_fd_sc_hd__buf_1)
                  0.08    0.11    1.72 v input1/X (sky130_fd_sc_hd__buf_1)
     2    0.01                           net1 (net)
                  0.08    0.00    1.72 v fanout14/A (sky130_fd_sc_hd__clkbuf_2)
                  0.08    0.16    1.88 v fanout14/X (sky130_fd_sc_hd__clkbuf_2)
     6    0.02                           net14 (net)
                  0.08    0.00    1.88 v fanout12/A (sky130_fd_sc_hd__clkbuf_4)
                  0.09    0.20    2.08 v fanout12/X (sky130_fd_sc_hd__clkbuf_4)
    10    0.04                           net12 (net)
                  0.09    0.00    2.08 v _1746_/A (sky130_fd_sc_hd__buf_4)
                  0.07    0.19    2.28 v _1746_/X (sky130_fd_sc_hd__buf_4)
    10    0.05                           _0558_ (net)
                  0.07    0.00    2.28 v _1747_/A (sky130_fd_sc_hd__buf_4)
                  0.08    0.19    2.46 v _1747_/X (sky130_fd_sc_hd__buf_4)
    10    0.05                           _0559_ (net)
                  0.08    0.00    2.46 v _1757_/A (sky130_fd_sc_hd__inv_2)
                  0.03    0.05    2.52 ^ _1757_/Y (sky130_fd_sc_hd__inv_2)
     1    0.00                           _0066_ (net)
                  0.03    0.00    2.52 ^ _2156_/RESET_B (sky130_fd_sc_hd__dfrtp_1)
                                  2.52   data arrival time

                  0.15    0.00    0.00   clock clk (rise edge)
                          0.00    0.00   clock network delay (ideal)
                          0.25    0.25   clock uncertainty
                          0.00    0.25   clock reconvergence pessimism
                                  0.25 ^ _2156_/CLK (sky130_fd_sc_hd__dfrtp_1)
                          0.35    0.60   library removal time
                                  0.60   data required time
-----------------------------------------------------------------------------
                                  0.60   data required time
                                 -2.52   data arrival time
-----------------------------------------------------------------------------
                                  1.92   slack (MET)


Startpoint: heartbeat_fc (input port clocked by clk)
Endpoint: _2249_ (removal check against rising-edge clock clk)
Path Group: asynchronous
Path Type: min

Fanout     Cap    Slew   Delay    Time   Description
-----------------------------------------------------------------------------
                  0.15    0.00    0.00   clock clk (rise edge)
                          0.00    0.00   clock network delay (ideal)
                          1.60    1.60 v input external delay
                  0.01    0.00    1.60 v heartbeat_fc (in)
     1    0.00                           heartbeat_fc (net)
                  0.01    0.00    1.60 v input1/A (sky130_fd_sc_hd__buf_1)
                  0.08    0.11    1.72 v input1/X (sky130_fd_sc_hd__buf_1)
     2    0.01                           net1 (net)
                  0.08    0.00    1.72 v fanout14/A (sky130_fd_sc_hd__clkbuf_2)
                  0.08    0.16    1.88 v fanout14/X (sky130_fd_sc_hd__clkbuf_2)
     6    0.02                           net14 (net)
                  0.08    0.00    1.88 v fanout12/A (sky130_fd_sc_hd__clkbuf_4)
                  0.09    0.20    2.08 v fanout12/X (sky130_fd_sc_hd__clkbuf_4)
    10    0.04                           net12 (net)
                  0.09    0.00    2.08 v _1746_/A (sky130_fd_sc_hd__buf_4)
                  0.07    0.19    2.28 v _1746_/X (sky130_fd_sc_hd__buf_4)
    10    0.05                           _0558_ (net)
                  0.07    0.00    2.28 v _1891_/A (sky130_fd_sc_hd__buf_4)
                  0.08    0.19    2.47 v _1891_/X (sky130_fd_sc_hd__buf_4)
    10    0.05                           _0638_ (net)
                  0.08    0.00    2.47 v _1901_/A (sky130_fd_sc_hd__inv_2)
                  0.03    0.05    2.52 ^ _1901_/Y (sky130_fd_sc_hd__inv_2)
     1    0.00                           _0096_ (net)
                  0.03    0.00    2.52 ^ _2249_/RESET_B (sky130_fd_sc_hd__dfrtp_1)
                                  2.52   data arrival time

                  0.15    0.00    0.00   clock clk (rise edge)
                          0.00    0.00   clock network delay (ideal)
                          0.25    0.25   clock uncertainty
                          0.00    0.25   clock reconvergence pessimism
                                  0.25 ^ _2249_/CLK (sky130_fd_sc_hd__dfrtp_1)
                          0.35    0.60   library removal time
                                  0.60   data required time
-----------------------------------------------------------------------------
                                  0.60   data required time
                                 -2.52   data arrival time
-----------------------------------------------------------------------------
                                  1.92   slack (MET)


Startpoint: heartbeat_fc (input port clocked by clk)
Endpoint: _2240_ (removal check against rising-edge clock clk)
Path Group: asynchronous
Path Type: min

Fanout     Cap    Slew   Delay    Time   Description
-----------------------------------------------------------------------------
                  0.15    0.00    0.00   clock clk (rise edge)
                          0.00    0.00   clock network delay (ideal)
                          1.60    1.60 v input external delay
                  0.01    0.00    1.60 v heartbeat_fc (in)
     1    0.00                           heartbeat_fc (net)
                  0.01    0.00    1.60 v input1/A (sky130_fd_sc_hd__buf_1)
                  0.08    0.11    1.72 v input1/X (sky130_fd_sc_hd__buf_1)
     2    0.01                           net1 (net)
                  0.08    0.00    1.72 v fanout14/A (sky130_fd_sc_hd__clkbuf_2)
                  0.08    0.16    1.88 v fanout14/X (sky130_fd_sc_hd__clkbuf_2)
     6    0.02                           net14 (net)
                  0.08    0.00    1.88 v fanout12/A (sky130_fd_sc_hd__clkbuf_4)
                  0.09    0.20    2.08 v fanout12/X (sky130_fd_sc_hd__clkbuf_4)
    10    0.04                           net12 (net)
                  0.09    0.00    2.08 v _1746_/A (sky130_fd_sc_hd__buf_4)
                  0.07    0.19    2.28 v _1746_/X (sky130_fd_sc_hd__buf_4)
    10    0.05                           _0558_ (net)
                  0.07    0.00    2.28 v _1891_/A (sky130_fd_sc_hd__buf_4)
                  0.08    0.19    2.47 v _1891_/X (sky130_fd_sc_hd__buf_4)
    10    0.05                           _0638_ (net)
                  0.08    0.00    2.47 v _1892_/A (sky130_fd_sc_hd__inv_2)
                  0.03    0.05    2.52 ^ _1892_/Y (sky130_fd_sc_hd__inv_2)
     1    0.00                           _0087_ (net)
                  0.03    0.00    2.52 ^ _2240_/RESET_B (sky130_fd_sc_hd__dfrtp_1)
                                  2.52   data arrival time

                  0.15    0.00    0.00   clock clk (rise edge)
                          0.00    0.00   clock network delay (ideal)
                          0.25    0.25   clock uncertainty
                          0.00    0.25   clock reconvergence pessimism
                                  0.25 ^ _2240_/CLK (sky130_fd_sc_hd__dfrtp_1)
                          0.35    0.60   library removal time
                                  0.60   data required time
-----------------------------------------------------------------------------
                                  0.60   data required time
                                 -2.52   data arrival time
-----------------------------------------------------------------------------
                                  1.92   slack (MET)


Startpoint: heartbeat_fc (input port clocked by clk)
Endpoint: _2248_ (removal check against rising-edge clock clk)
Path Group: asynchronous
Path Type: min

Fanout     Cap    Slew   Delay    Time   Description
-----------------------------------------------------------------------------
                  0.15    0.00    0.00   clock clk (rise edge)
                          0.00    0.00   clock network delay (ideal)
                          1.60    1.60 v input external delay
                  0.01    0.00    1.60 v heartbeat_fc (in)
     1    0.00                           heartbeat_fc (net)
                  0.01    0.00    1.60 v input1/A (sky130_fd_sc_hd__buf_1)
                  0.08    0.11    1.72 v input1/X (sky130_fd_sc_hd__buf_1)
     2    0.01                           net1 (net)
                  0.08    0.00    1.72 v fanout14/A (sky130_fd_sc_hd__clkbuf_2)
                  0.08    0.16    1.88 v fanout14/X (sky130_fd_sc_hd__clkbuf_2)
     6    0.02                           net14 (net)
                  0.08    0.00    1.88 v fanout12/A (sky130_fd_sc_hd__clkbuf_4)
                  0.09    0.20    2.08 v fanout12/X (sky130_fd_sc_hd__clkbuf_4)
    10    0.04                           net12 (net)
                  0.09    0.00    2.08 v _1746_/A (sky130_fd_sc_hd__buf_4)
                  0.07    0.19    2.28 v _1746_/X (sky130_fd_sc_hd__buf_4)
    10    0.05                           _0558_ (net)
                  0.07    0.00    2.28 v _1891_/A (sky130_fd_sc_hd__buf_4)
                  0.08    0.19    2.47 v _1891_/X (sky130_fd_sc_hd__buf_4)
    10    0.05                           _0638_ (net)
                  0.08    0.00    2.47 v _1900_/A (sky130_fd_sc_hd__inv_2)
                  0.03    0.05    2.52 ^ _1900_/Y (sky130_fd_sc_hd__inv_2)
     1    0.00                           _0095_ (net)
                  0.03    0.00    2.52 ^ _2248_/RESET_B (sky130_fd_sc_hd__dfrtp_1)
                                  2.52   data arrival time

                  0.15    0.00    0.00   clock clk (rise edge)
                          0.00    0.00   clock network delay (ideal)
                          0.25    0.25   clock uncertainty
                          0.00    0.25   clock reconvergence pessimism
                                  0.25 ^ _2248_/CLK (sky130_fd_sc_hd__dfrtp_1)
                          0.35    0.60   library removal time
                                  0.60   data required time
-----------------------------------------------------------------------------
                                  0.60   data required time
                                 -2.52   data arrival time
-----------------------------------------------------------------------------
                                  1.92   slack (MET)


Startpoint: heartbeat_fc (input port clocked by clk)
Endpoint: _2237_ (removal check against rising-edge clock clk)
Path Group: asynchronous
Path Type: min

Fanout     Cap    Slew   Delay    Time   Description
-----------------------------------------------------------------------------
                  0.15    0.00    0.00   clock clk (rise edge)
                          0.00    0.00   clock network delay (ideal)
                          1.60    1.60 v input external delay
                  0.01    0.00    1.60 v heartbeat_fc (in)
     1    0.00                           heartbeat_fc (net)
                  0.01    0.00    1.60 v input1/A (sky130_fd_sc_hd__buf_1)
                  0.08    0.11    1.72 v input1/X (sky130_fd_sc_hd__buf_1)
     2    0.01                           net1 (net)
                  0.08    0.00    1.72 v fanout14/A (sky130_fd_sc_hd__clkbuf_2)
                  0.08    0.16    1.88 v fanout14/X (sky130_fd_sc_hd__clkbuf_2)
     6    0.02                           net14 (net)
                  0.08    0.00    1.88 v fanout12/A (sky130_fd_sc_hd__clkbuf_4)
                  0.09    0.20    2.08 v fanout12/X (sky130_fd_sc_hd__clkbuf_4)
    10    0.04                           net12 (net)
                  0.09    0.00    2.08 v _1746_/A (sky130_fd_sc_hd__buf_4)
                  0.07    0.19    2.28 v _1746_/X (sky130_fd_sc_hd__buf_4)
    10    0.05                           _0558_ (net)
                  0.07    0.00    2.28 v _1769_/A (sky130_fd_sc_hd__buf_4)
                  0.08    0.19    2.47 v _1769_/X (sky130_fd_sc_hd__buf_4)
    10    0.05                           _0561_ (net)
                  0.08    0.00    2.47 v _1888_/A (sky130_fd_sc_hd__inv_2)
                  0.03    0.05    2.52 ^ _1888_/Y (sky130_fd_sc_hd__inv_2)
     1    0.00                           _0084_ (net)
                  0.03    0.00    2.52 ^ _2237_/RESET_B (sky130_fd_sc_hd__dfrtp_2)
                                  2.52   data arrival time

                  0.15    0.00    0.00   clock clk (rise edge)
                          0.00    0.00   clock network delay (ideal)
                          0.25    0.25   clock uncertainty
                          0.00    0.25   clock reconvergence pessimism
                                  0.25 ^ _2237_/CLK (sky130_fd_sc_hd__dfrtp_2)
                          0.35    0.60   library removal time
                                  0.60   data required time
-----------------------------------------------------------------------------
                                  0.60   data required time
                                 -2.52   data arrival time
-----------------------------------------------------------------------------
                                  1.92   slack (MET)


Startpoint: heartbeat_fc (input port clocked by clk)
Endpoint: _2172_ (removal check against rising-edge clock clk)
Path Group: asynchronous
Path Type: min

Fanout     Cap    Slew   Delay    Time   Description
-----------------------------------------------------------------------------
                  0.15    0.00    0.00   clock clk (rise edge)
                          0.00    0.00   clock network delay (ideal)
                          1.60    1.60 v input external delay
                  0.01    0.00    1.60 v heartbeat_fc (in)
     1    0.00                           heartbeat_fc (net)
                  0.01    0.00    1.60 v input1/A (sky130_fd_sc_hd__buf_1)
                  0.08    0.11    1.72 v input1/X (sky130_fd_sc_hd__buf_1)
     2    0.01                           net1 (net)
                  0.08    0.00    1.72 v fanout14/A (sky130_fd_sc_hd__clkbuf_2)
                  0.08    0.16    1.88 v fanout14/X (sky130_fd_sc_hd__clkbuf_2)
     6    0.02                           net14 (net)
                  0.08    0.00    1.88 v fanout12/A (sky130_fd_sc_hd__clkbuf_4)
                  0.09    0.20    2.08 v fanout12/X (sky130_fd_sc_hd__clkbuf_4)
    10    0.04                           net12 (net)
                  0.09    0.00    2.08 v _1746_/A (sky130_fd_sc_hd__buf_4)
                  0.07    0.19    2.28 v _1746_/X (sky130_fd_sc_hd__buf_4)
    10    0.05                           _0558_ (net)
                  0.07    0.00    2.28 v _1769_/A (sky130_fd_sc_hd__buf_4)
                  0.08    0.19    2.47 v _1769_/X (sky130_fd_sc_hd__buf_4)
    10    0.05                           _0561_ (net)
                  0.08    0.00    2.47 v _1775_/A (sky130_fd_sc_hd__inv_2)
                  0.03    0.05    2.52 ^ _1775_/Y (sky130_fd_sc_hd__inv_2)
     1    0.00                           _0082_ (net)
                  0.03    0.00    2.52 ^ _2172_/RESET_B (sky130_fd_sc_hd__dfrtp_1)
                                  2.52   data arrival time

                  0.15    0.00    0.00   clock clk (rise edge)
                          0.00    0.00   clock network delay (ideal)
                          0.25    0.25   clock uncertainty
                          0.00    0.25   clock reconvergence pessimism
                                  0.25 ^ _2172_/CLK (sky130_fd_sc_hd__dfrtp_1)
                          0.35    0.60   library removal time
                                  0.60   data required time
-----------------------------------------------------------------------------
                                  0.60   data required time
                                 -2.52   data arrival time
-----------------------------------------------------------------------------
                                  1.92   slack (MET)


Startpoint: heartbeat_fc (input port clocked by clk)
Endpoint: _2173_ (removal check against rising-edge clock clk)
Path Group: asynchronous
Path Type: min

Fanout     Cap    Slew   Delay    Time   Description
-----------------------------------------------------------------------------
                  0.15    0.00    0.00   clock clk (rise edge)
                          0.00    0.00   clock network delay (ideal)
                          1.60    1.60 v input external delay
                  0.01    0.00    1.60 v heartbeat_fc (in)
     1    0.00                           heartbeat_fc (net)
                  0.01    0.00    1.60 v input1/A (sky130_fd_sc_hd__buf_1)
                  0.08    0.11    1.72 v input1/X (sky130_fd_sc_hd__buf_1)
     2    0.01                           net1 (net)
                  0.08    0.00    1.72 v fanout14/A (sky130_fd_sc_hd__clkbuf_2)
                  0.08    0.16    1.88 v fanout14/X (sky130_fd_sc_hd__clkbuf_2)
     6    0.02                           net14 (net)
                  0.08    0.00    1.88 v fanout12/A (sky130_fd_sc_hd__clkbuf_4)
                  0.09    0.20    2.08 v fanout12/X (sky130_fd_sc_hd__clkbuf_4)
    10    0.04                           net12 (net)
                  0.09    0.00    2.08 v _1746_/A (sky130_fd_sc_hd__buf_4)
                  0.07    0.19    2.28 v _1746_/X (sky130_fd_sc_hd__buf_4)
    10    0.05                           _0558_ (net)
                  0.07    0.00    2.28 v _1769_/A (sky130_fd_sc_hd__buf_4)
                  0.08    0.19    2.47 v _1769_/X (sky130_fd_sc_hd__buf_4)
    10    0.05                           _0561_ (net)
                  0.08    0.00    2.47 v _1776_/A (sky130_fd_sc_hd__inv_2)
                  0.03    0.05    2.52 ^ _1776_/Y (sky130_fd_sc_hd__inv_2)
     1    0.00                           _0083_ (net)
                  0.03    0.00    2.52 ^ _2173_/RESET_B (sky130_fd_sc_hd__dfrtp_1)
                                  2.52   data arrival time

                  0.15    0.00    0.00   clock clk (rise edge)
                          0.00    0.00   clock network delay (ideal)
                          0.25    0.25   clock uncertainty
                          0.00    0.25   clock reconvergence pessimism
                                  0.25 ^ _2173_/CLK (sky130_fd_sc_hd__dfrtp_1)
                          0.35    0.60   library removal time
                                  0.60   data required time
-----------------------------------------------------------------------------
                                  0.60   data required time
                                 -2.52   data arrival time
-----------------------------------------------------------------------------
                                  1.92   slack (MET)


Startpoint: heartbeat_fc (input port clocked by clk)
Endpoint: _2170_ (removal check against rising-edge clock clk)
Path Group: asynchronous
Path Type: min

Fanout     Cap    Slew   Delay    Time   Description
-----------------------------------------------------------------------------
                  0.15    0.00    0.00   clock clk (rise edge)
                          0.00    0.00   clock network delay (ideal)
                          1.60    1.60 v input external delay
                  0.01    0.00    1.60 v heartbeat_fc (in)
     1    0.00                           heartbeat_fc (net)
                  0.01    0.00    1.60 v input1/A (sky130_fd_sc_hd__buf_1)
                  0.08    0.11    1.72 v input1/X (sky130_fd_sc_hd__buf_1)
     2    0.01                           net1 (net)
                  0.08    0.00    1.72 v fanout14/A (sky130_fd_sc_hd__clkbuf_2)
                  0.08    0.16    1.88 v fanout14/X (sky130_fd_sc_hd__clkbuf_2)
     6    0.02                           net14 (net)
                  0.08    0.00    1.88 v fanout12/A (sky130_fd_sc_hd__clkbuf_4)
                  0.09    0.20    2.08 v fanout12/X (sky130_fd_sc_hd__clkbuf_4)
    10    0.04                           net12 (net)
                  0.09    0.00    2.08 v _1746_/A (sky130_fd_sc_hd__buf_4)
                  0.07    0.19    2.28 v _1746_/X (sky130_fd_sc_hd__buf_4)
    10    0.05                           _0558_ (net)
                  0.07    0.00    2.28 v _1769_/A (sky130_fd_sc_hd__buf_4)
                  0.08    0.19    2.47 v _1769_/X (sky130_fd_sc_hd__buf_4)
    10    0.05                           _0561_ (net)
                  0.08    0.00    2.47 v _1773_/A (sky130_fd_sc_hd__inv_2)
                  0.03    0.05    2.52 ^ _1773_/Y (sky130_fd_sc_hd__inv_2)
     1    0.00                           _0080_ (net)
                  0.03    0.00    2.52 ^ _2170_/RESET_B (sky130_fd_sc_hd__dfrtp_1)
                                  2.52   data arrival time

                  0.15    0.00    0.00   clock clk (rise edge)
                          0.00    0.00   clock network delay (ideal)
                          0.25    0.25   clock uncertainty
                          0.00    0.25   clock reconvergence pessimism
                                  0.25 ^ _2170_/CLK (sky130_fd_sc_hd__dfrtp_1)
                          0.35    0.60   library removal time
                                  0.60   data required time
-----------------------------------------------------------------------------
                                  0.60   data required time
                                 -2.52   data arrival time
-----------------------------------------------------------------------------
                                  1.92   slack (MET)


Startpoint: heartbeat_fc (input port clocked by clk)
Endpoint: _2169_ (removal check against rising-edge clock clk)
Path Group: asynchronous
Path Type: min

Fanout     Cap    Slew   Delay    Time   Description
-----------------------------------------------------------------------------
                  0.15    0.00    0.00   clock clk (rise edge)
                          0.00    0.00   clock network delay (ideal)
                          1.60    1.60 v input external delay
                  0.01    0.00    1.60 v heartbeat_fc (in)
     1    0.00                           heartbeat_fc (net)
                  0.01    0.00    1.60 v input1/A (sky130_fd_sc_hd__buf_1)
                  0.08    0.11    1.72 v input1/X (sky130_fd_sc_hd__buf_1)
     2    0.01                           net1 (net)
                  0.08    0.00    1.72 v fanout14/A (sky130_fd_sc_hd__clkbuf_2)
                  0.08    0.16    1.88 v fanout14/X (sky130_fd_sc_hd__clkbuf_2)
     6    0.02                           net14 (net)
                  0.08    0.00    1.88 v fanout12/A (sky130_fd_sc_hd__clkbuf_4)
                  0.09    0.20    2.08 v fanout12/X (sky130_fd_sc_hd__clkbuf_4)
    10    0.04                           net12 (net)
                  0.09    0.00    2.08 v _1746_/A (sky130_fd_sc_hd__buf_4)
                  0.07    0.19    2.28 v _1746_/X (sky130_fd_sc_hd__buf_4)
    10    0.05                           _0558_ (net)
                  0.07    0.00    2.28 v _1769_/A (sky130_fd_sc_hd__buf_4)
                  0.08    0.19    2.47 v _1769_/X (sky130_fd_sc_hd__buf_4)
    10    0.05                           _0561_ (net)
                  0.08    0.00    2.47 v _1772_/A (sky130_fd_sc_hd__inv_2)
                  0.03    0.05    2.52 ^ _1772_/Y (sky130_fd_sc_hd__inv_2)
     1    0.00                           _0079_ (net)
                  0.03    0.00    2.52 ^ _2169_/RESET_B (sky130_fd_sc_hd__dfrtp_1)
                                  2.52   data arrival time

                  0.15    0.00    0.00   clock clk (rise edge)
                          0.00    0.00   clock network delay (ideal)
                          0.25    0.25   clock uncertainty
                          0.00    0.25   clock reconvergence pessimism
                                  0.25 ^ _2169_/CLK (sky130_fd_sc_hd__dfrtp_1)
                          0.35    0.60   library removal time
                                  0.60   data required time
-----------------------------------------------------------------------------
                                  0.60   data required time
                                 -2.52   data arrival time
-----------------------------------------------------------------------------
                                  1.92   slack (MET)


Startpoint: heartbeat_fc (input port clocked by clk)
Endpoint: _2151_ (removal check against rising-edge clock clk)
Path Group: asynchronous
Path Type: min

Fanout     Cap    Slew   Delay    Time   Description
-----------------------------------------------------------------------------
                  0.15    0.00    0.00   clock clk (rise edge)
                          0.00    0.00   clock network delay (ideal)
                          1.60    1.60 v input external delay
                  0.01    0.00    1.60 v heartbeat_fc (in)
     1    0.00                           heartbeat_fc (net)
                  0.01    0.00    1.60 v input1/A (sky130_fd_sc_hd__buf_1)
                  0.08    0.11    1.72 v input1/X (sky130_fd_sc_hd__buf_1)
     2    0.01                           net1 (net)
                  0.08    0.00    1.72 v fanout14/A (sky130_fd_sc_hd__clkbuf_2)
                  0.08    0.16    1.88 v fanout14/X (sky130_fd_sc_hd__clkbuf_2)
     6    0.02                           net14 (net)
                  0.08    0.00    1.88 v fanout12/A (sky130_fd_sc_hd__clkbuf_4)
                  0.09    0.20    2.08 v fanout12/X (sky130_fd_sc_hd__clkbuf_4)
    10    0.04                           net12 (net)
                  0.09    0.00    2.08 v _1746_/A (sky130_fd_sc_hd__buf_4)
                  0.07    0.19    2.28 v _1746_/X (sky130_fd_sc_hd__buf_4)
    10    0.05                           _0558_ (net)
                  0.07    0.00    2.28 v _1747_/A (sky130_fd_sc_hd__buf_4)
                  0.08    0.19    2.46 v _1747_/X (sky130_fd_sc_hd__buf_4)
    10    0.05                           _0559_ (net)
                  0.08    0.00    2.47 v _1752_/A (sky130_fd_sc_hd__inv_2)
                  0.03    0.05    2.52 ^ _1752_/Y (sky130_fd_sc_hd__inv_2)
     1    0.00                           _0061_ (net)
                  0.03    0.00    2.52 ^ _2151_/RESET_B (sky130_fd_sc_hd__dfrtp_1)
                                  2.52   data arrival time

                  0.15    0.00    0.00   clock clk (rise edge)
                          0.00    0.00   clock network delay (ideal)
                          0.25    0.25   clock uncertainty
                          0.00    0.25   clock reconvergence pessimism
                                  0.25 ^ _2151_/CLK (sky130_fd_sc_hd__dfrtp_1)
                          0.35    0.60   library removal time
                                  0.60   data required time
-----------------------------------------------------------------------------
                                  0.60   data required time
                                 -2.52   data arrival time
-----------------------------------------------------------------------------
                                  1.92   slack (MET)


Startpoint: heartbeat_fc (input port clocked by clk)
Endpoint: _2171_ (removal check against rising-edge clock clk)
Path Group: asynchronous
Path Type: min

Fanout     Cap    Slew   Delay    Time   Description
-----------------------------------------------------------------------------
                  0.15    0.00    0.00   clock clk (rise edge)
                          0.00    0.00   clock network delay (ideal)
                          1.60    1.60 v input external delay
                  0.01    0.00    1.60 v heartbeat_fc (in)
     1    0.00                           heartbeat_fc (net)
                  0.01    0.00    1.60 v input1/A (sky130_fd_sc_hd__buf_1)
                  0.08    0.11    1.72 v input1/X (sky130_fd_sc_hd__buf_1)
     2    0.01                           net1 (net)
                  0.08    0.00    1.72 v fanout14/A (sky130_fd_sc_hd__clkbuf_2)
                  0.08    0.16    1.88 v fanout14/X (sky130_fd_sc_hd__clkbuf_2)
     6    0.02                           net14 (net)
                  0.08    0.00    1.88 v fanout12/A (sky130_fd_sc_hd__clkbuf_4)
                  0.09    0.20    2.08 v fanout12/X (sky130_fd_sc_hd__clkbuf_4)
    10    0.04                           net12 (net)
                  0.09    0.00    2.08 v _1746_/A (sky130_fd_sc_hd__buf_4)
                  0.07    0.19    2.28 v _1746_/X (sky130_fd_sc_hd__buf_4)
    10    0.05                           _0558_ (net)
                  0.07    0.00    2.28 v _1769_/A (sky130_fd_sc_hd__buf_4)
                  0.08    0.19    2.47 v _1769_/X (sky130_fd_sc_hd__buf_4)
    10    0.05                           _0561_ (net)
                  0.08    0.00    2.47 v _1774_/A (sky130_fd_sc_hd__inv_2)
                  0.03    0.05    2.52 ^ _1774_/Y (sky130_fd_sc_hd__inv_2)
     1    0.00                           _0081_ (net)
                  0.03    0.00    2.52 ^ _2171_/RESET_B (sky130_fd_sc_hd__dfrtp_1)
                                  2.52   data arrival time

                  0.15    0.00    0.00   clock clk (rise edge)
                          0.00    0.00   clock network delay (ideal)
                          0.25    0.25   clock uncertainty
                          0.00    0.25   clock reconvergence pessimism
                                  0.25 ^ _2171_/CLK (sky130_fd_sc_hd__dfrtp_1)
                          0.35    0.60   library removal time
                                  0.60   data required time
-----------------------------------------------------------------------------
                                  0.60   data required time
                                 -2.52   data arrival time
-----------------------------------------------------------------------------
                                  1.92   slack (MET)


Startpoint: heartbeat_fc (input port clocked by clk)
Endpoint: _2238_ (removal check against rising-edge clock clk)
Path Group: asynchronous
Path Type: min

Fanout     Cap    Slew   Delay    Time   Description
-----------------------------------------------------------------------------
                  0.15    0.00    0.00   clock clk (rise edge)
                          0.00    0.00   clock network delay (ideal)
                          1.60    1.60 v input external delay
                  0.01    0.00    1.60 v heartbeat_fc (in)
     1    0.00                           heartbeat_fc (net)
                  0.01    0.00    1.60 v input1/A (sky130_fd_sc_hd__buf_1)
                  0.08    0.11    1.72 v input1/X (sky130_fd_sc_hd__buf_1)
     2    0.01                           net1 (net)
                  0.08    0.00    1.72 v fanout14/A (sky130_fd_sc_hd__clkbuf_2)
                  0.08    0.16    1.88 v fanout14/X (sky130_fd_sc_hd__clkbuf_2)
     6    0.02                           net14 (net)
                  0.08    0.00    1.88 v fanout12/A (sky130_fd_sc_hd__clkbuf_4)
                  0.09    0.20    2.08 v fanout12/X (sky130_fd_sc_hd__clkbuf_4)
    10    0.04                           net12 (net)
                  0.09    0.00    2.08 v _1746_/A (sky130_fd_sc_hd__buf_4)
                  0.07    0.19    2.28 v _1746_/X (sky130_fd_sc_hd__buf_4)
    10    0.05                           _0558_ (net)
                  0.07    0.00    2.28 v _1769_/A (sky130_fd_sc_hd__buf_4)
                  0.08    0.19    2.47 v _1769_/X (sky130_fd_sc_hd__buf_4)
    10    0.05                           _0561_ (net)
                  0.08    0.00    2.47 v _1889_/A (sky130_fd_sc_hd__inv_2)
                  0.03    0.05    2.52 ^ _1889_/Y (sky130_fd_sc_hd__inv_2)
     1    0.00                           _0085_ (net)
                  0.03    0.00    2.52 ^ _2238_/RESET_B (sky130_fd_sc_hd__dfrtp_1)
                                  2.52   data arrival time

                  0.15    0.00    0.00   clock clk (rise edge)
                          0.00    0.00   clock network delay (ideal)
                          0.25    0.25   clock uncertainty
                          0.00    0.25   clock reconvergence pessimism
                                  0.25 ^ _2238_/CLK (sky130_fd_sc_hd__dfrtp_1)
                          0.35    0.60   library removal time
                                  0.60   data required time
-----------------------------------------------------------------------------
                                  0.60   data required time
                                 -2.52   data arrival time
-----------------------------------------------------------------------------
                                  1.92   slack (MET)


Startpoint: heartbeat_fc (input port clocked by clk)
Endpoint: _2253_ (removal check against rising-edge clock clk)
Path Group: asynchronous
Path Type: min

Fanout     Cap    Slew   Delay    Time   Description
-----------------------------------------------------------------------------
                  0.15    0.00    0.00   clock clk (rise edge)
                          0.00    0.00   clock network delay (ideal)
                          1.60    1.60 v input external delay
                  0.01    0.00    1.60 v heartbeat_fc (in)
     1    0.00                           heartbeat_fc (net)
                  0.01    0.00    1.60 v input1/A (sky130_fd_sc_hd__buf_1)
                  0.08    0.11    1.72 v input1/X (sky130_fd_sc_hd__buf_1)
     2    0.01                           net1 (net)
                  0.08    0.00    1.72 v fanout14/A (sky130_fd_sc_hd__clkbuf_2)
                  0.08    0.16    1.88 v fanout14/X (sky130_fd_sc_hd__clkbuf_2)
     6    0.02                           net14 (net)
                  0.08    0.00    1.88 v fanout12/A (sky130_fd_sc_hd__clkbuf_4)
                  0.09    0.20    2.08 v fanout12/X (sky130_fd_sc_hd__clkbuf_4)
    10    0.04                           net12 (net)
                  0.09    0.00    2.08 v _1746_/A (sky130_fd_sc_hd__buf_4)
                  0.07    0.19    2.28 v _1746_/X (sky130_fd_sc_hd__buf_4)
    10    0.05                           _0558_ (net)
                  0.07    0.00    2.28 v _1902_/A (sky130_fd_sc_hd__buf_4)
                  0.08    0.19    2.47 v _1902_/X (sky130_fd_sc_hd__buf_4)
    10    0.05                           _0639_ (net)
                  0.08    0.00    2.47 v _1906_/A (sky130_fd_sc_hd__inv_2)
                  0.03    0.05    2.52 ^ _1906_/Y (sky130_fd_sc_hd__inv_2)
     1    0.00                           _0100_ (net)
                  0.03    0.00    2.52 ^ _2253_/RESET_B (sky130_fd_sc_hd__dfrtp_1)
                                  2.52   data arrival time

                  0.15    0.00    0.00   clock clk (rise edge)
                          0.00    0.00   clock network delay (ideal)
                          0.25    0.25   clock uncertainty
                          0.00    0.25   clock reconvergence pessimism
                                  0.25 ^ _2253_/CLK (sky130_fd_sc_hd__dfrtp_1)
                          0.35    0.60   library removal time
                                  0.60   data required time
-----------------------------------------------------------------------------
                                  0.60   data required time
                                 -2.52   data arrival time
-----------------------------------------------------------------------------
                                  1.92   slack (MET)


Startpoint: heartbeat_fc (input port clocked by clk)
Endpoint: _2254_ (removal check against rising-edge clock clk)
Path Group: asynchronous
Path Type: min

Fanout     Cap    Slew   Delay    Time   Description
-----------------------------------------------------------------------------
                  0.15    0.00    0.00   clock clk (rise edge)
                          0.00    0.00   clock network delay (ideal)
                          1.60    1.60 v input external delay
                  0.01    0.00    1.60 v heartbeat_fc (in)
     1    0.00                           heartbeat_fc (net)
                  0.01    0.00    1.60 v input1/A (sky130_fd_sc_hd__buf_1)
                  0.08    0.11    1.72 v input1/X (sky130_fd_sc_hd__buf_1)
     2    0.01                           net1 (net)
                  0.08    0.00    1.72 v fanout14/A (sky130_fd_sc_hd__clkbuf_2)
                  0.08    0.16    1.88 v fanout14/X (sky130_fd_sc_hd__clkbuf_2)
     6    0.02                           net14 (net)
                  0.08    0.00    1.88 v fanout12/A (sky130_fd_sc_hd__clkbuf_4)
                  0.09    0.20    2.08 v fanout12/X (sky130_fd_sc_hd__clkbuf_4)
    10    0.04                           net12 (net)
                  0.09    0.00    2.08 v _1746_/A (sky130_fd_sc_hd__buf_4)
                  0.07    0.19    2.28 v _1746_/X (sky130_fd_sc_hd__buf_4)
    10    0.05                           _0558_ (net)
                  0.07    0.00    2.28 v _1902_/A (sky130_fd_sc_hd__buf_4)
                  0.08    0.19    2.47 v _1902_/X (sky130_fd_sc_hd__buf_4)
    10    0.05                           _0639_ (net)
                  0.08    0.00    2.47 v _1907_/A (sky130_fd_sc_hd__inv_2)
                  0.03    0.05    2.52 ^ _1907_/Y (sky130_fd_sc_hd__inv_2)
     1    0.00                           _0101_ (net)
                  0.03    0.00    2.52 ^ _2254_/RESET_B (sky130_fd_sc_hd__dfrtp_1)
                                  2.52   data arrival time

                  0.15    0.00    0.00   clock clk (rise edge)
                          0.00    0.00   clock network delay (ideal)
                          0.25    0.25   clock uncertainty
                          0.00    0.25   clock reconvergence pessimism
                                  0.25 ^ _2254_/CLK (sky130_fd_sc_hd__dfrtp_1)
                          0.35    0.60   library removal time
                                  0.60   data required time
-----------------------------------------------------------------------------
                                  0.60   data required time
                                 -2.52   data arrival time
-----------------------------------------------------------------------------
                                  1.93   slack (MET)


Startpoint: heartbeat_fc (input port clocked by clk)
Endpoint: _2168_ (removal check against rising-edge clock clk)
Path Group: asynchronous
Path Type: min

Fanout     Cap    Slew   Delay    Time   Description
-----------------------------------------------------------------------------
                  0.15    0.00    0.00   clock clk (rise edge)
                          0.00    0.00   clock network delay (ideal)
                          1.60    1.60 v input external delay
                  0.01    0.00    1.60 v heartbeat_fc (in)
     1    0.00                           heartbeat_fc (net)
                  0.01    0.00    1.60 v input1/A (sky130_fd_sc_hd__buf_1)
                  0.08    0.11    1.72 v input1/X (sky130_fd_sc_hd__buf_1)
     2    0.01                           net1 (net)
                  0.08    0.00    1.72 v fanout14/A (sky130_fd_sc_hd__clkbuf_2)
                  0.08    0.16    1.88 v fanout14/X (sky130_fd_sc_hd__clkbuf_2)
     6    0.02                           net14 (net)
                  0.08    0.00    1.88 v fanout12/A (sky130_fd_sc_hd__clkbuf_4)
                  0.09    0.20    2.08 v fanout12/X (sky130_fd_sc_hd__clkbuf_4)
    10    0.04                           net12 (net)
                  0.09    0.00    2.08 v _1746_/A (sky130_fd_sc_hd__buf_4)
                  0.07    0.19    2.28 v _1746_/X (sky130_fd_sc_hd__buf_4)
    10    0.05                           _0558_ (net)
                  0.07    0.00    2.28 v _1769_/A (sky130_fd_sc_hd__buf_4)
                  0.08    0.19    2.47 v _1769_/X (sky130_fd_sc_hd__buf_4)
    10    0.05                           _0561_ (net)
                  0.08    0.00    2.47 v _1771_/A (sky130_fd_sc_hd__inv_2)
                  0.03    0.05    2.52 ^ _1771_/Y (sky130_fd_sc_hd__inv_2)
     1    0.00                           _0078_ (net)
                  0.03    0.00    2.52 ^ _2168_/RESET_B (sky130_fd_sc_hd__dfrtp_1)
                                  2.52   data arrival time

                  0.15    0.00    0.00   clock clk (rise edge)
                          0.00    0.00   clock network delay (ideal)
                          0.25    0.25   clock uncertainty
                          0.00    0.25   clock reconvergence pessimism
                                  0.25 ^ _2168_/CLK (sky130_fd_sc_hd__dfrtp_1)
                          0.35    0.60   library removal time
                                  0.60   data required time
-----------------------------------------------------------------------------
                                  0.60   data required time
                                 -2.52   data arrival time
-----------------------------------------------------------------------------
                                  1.93   slack (MET)


Startpoint: heartbeat_fc (input port clocked by clk)
Endpoint: _2251_ (removal check against rising-edge clock clk)
Path Group: asynchronous
Path Type: min

Fanout     Cap    Slew   Delay    Time   Description
-----------------------------------------------------------------------------
                  0.15    0.00    0.00   clock clk (rise edge)
                          0.00    0.00   clock network delay (ideal)
                          1.60    1.60 v input external delay
                  0.01    0.00    1.60 v heartbeat_fc (in)
     1    0.00                           heartbeat_fc (net)
                  0.01    0.00    1.60 v input1/A (sky130_fd_sc_hd__buf_1)
                  0.08    0.11    1.72 v input1/X (sky130_fd_sc_hd__buf_1)
     2    0.01                           net1 (net)
                  0.08    0.00    1.72 v fanout14/A (sky130_fd_sc_hd__clkbuf_2)
                  0.08    0.16    1.88 v fanout14/X (sky130_fd_sc_hd__clkbuf_2)
     6    0.02                           net14 (net)
                  0.08    0.00    1.88 v fanout12/A (sky130_fd_sc_hd__clkbuf_4)
                  0.09    0.20    2.08 v fanout12/X (sky130_fd_sc_hd__clkbuf_4)
    10    0.04                           net12 (net)
                  0.09    0.00    2.08 v _1746_/A (sky130_fd_sc_hd__buf_4)
                  0.07    0.19    2.28 v _1746_/X (sky130_fd_sc_hd__buf_4)
    10    0.05                           _0558_ (net)
                  0.07    0.00    2.28 v _1902_/A (sky130_fd_sc_hd__buf_4)
                  0.08    0.19    2.47 v _1902_/X (sky130_fd_sc_hd__buf_4)
    10    0.05                           _0639_ (net)
                  0.08    0.00    2.47 v _1904_/A (sky130_fd_sc_hd__inv_2)
                  0.03    0.05    2.52 ^ _1904_/Y (sky130_fd_sc_hd__inv_2)
     1    0.00                           _0098_ (net)
                  0.03    0.00    2.52 ^ _2251_/RESET_B (sky130_fd_sc_hd__dfrtp_1)
                                  2.52   data arrival time

                  0.15    0.00    0.00   clock clk (rise edge)
                          0.00    0.00   clock network delay (ideal)
                          0.25    0.25   clock uncertainty
                          0.00    0.25   clock reconvergence pessimism
                                  0.25 ^ _2251_/CLK (sky130_fd_sc_hd__dfrtp_1)
                          0.35    0.60   library removal time
                                  0.60   data required time
-----------------------------------------------------------------------------
                                  0.60   data required time
                                 -2.52   data arrival time
-----------------------------------------------------------------------------
                                  1.93   slack (MET)


Startpoint: heartbeat_fc (input port clocked by clk)
Endpoint: _2252_ (removal check against rising-edge clock clk)
Path Group: asynchronous
Path Type: min

Fanout     Cap    Slew   Delay    Time   Description
-----------------------------------------------------------------------------
                  0.15    0.00    0.00   clock clk (rise edge)
                          0.00    0.00   clock network delay (ideal)
                          1.60    1.60 v input external delay
                  0.01    0.00    1.60 v heartbeat_fc (in)
     1    0.00                           heartbeat_fc (net)
                  0.01    0.00    1.60 v input1/A (sky130_fd_sc_hd__buf_1)
                  0.08    0.11    1.72 v input1/X (sky130_fd_sc_hd__buf_1)
     2    0.01                           net1 (net)
                  0.08    0.00    1.72 v fanout14/A (sky130_fd_sc_hd__clkbuf_2)
                  0.08    0.16    1.88 v fanout14/X (sky130_fd_sc_hd__clkbuf_2)
     6    0.02                           net14 (net)
                  0.08    0.00    1.88 v fanout12/A (sky130_fd_sc_hd__clkbuf_4)
                  0.09    0.20    2.08 v fanout12/X (sky130_fd_sc_hd__clkbuf_4)
    10    0.04                           net12 (net)
                  0.09    0.00    2.08 v _1746_/A (sky130_fd_sc_hd__buf_4)
                  0.07    0.19    2.28 v _1746_/X (sky130_fd_sc_hd__buf_4)
    10    0.05                           _0558_ (net)
                  0.07    0.00    2.28 v _1902_/A (sky130_fd_sc_hd__buf_4)
                  0.08    0.19    2.47 v _1902_/X (sky130_fd_sc_hd__buf_4)
    10    0.05                           _0639_ (net)
                  0.08    0.00    2.47 v _1905_/A (sky130_fd_sc_hd__inv_2)
                  0.03    0.05    2.52 ^ _1905_/Y (sky130_fd_sc_hd__inv_2)
     1    0.00                           _0099_ (net)
                  0.03    0.00    2.52 ^ _2252_/RESET_B (sky130_fd_sc_hd__dfrtp_1)
                                  2.52   data arrival time

                  0.15    0.00    0.00   clock clk (rise edge)
                          0.00    0.00   clock network delay (ideal)
                          0.25    0.25   clock uncertainty
                          0.00    0.25   clock reconvergence pessimism
                                  0.25 ^ _2252_/CLK (sky130_fd_sc_hd__dfrtp_1)
                          0.35    0.60   library removal time
                                  0.60   data required time
-----------------------------------------------------------------------------
                                  0.60   data required time
                                 -2.52   data arrival time
-----------------------------------------------------------------------------
                                  1.93   slack (MET)


Startpoint: heartbeat_fc (input port clocked by clk)
Endpoint: _2257_ (removal check against rising-edge clock clk)
Path Group: asynchronous
Path Type: min

Fanout     Cap    Slew   Delay    Time   Description
-----------------------------------------------------------------------------
                  0.15    0.00    0.00   clock clk (rise edge)
                          0.00    0.00   clock network delay (ideal)
                          1.60    1.60 v input external delay
                  0.01    0.00    1.60 v heartbeat_fc (in)
     1    0.00                           heartbeat_fc (net)
                  0.01    0.00    1.60 v input1/A (sky130_fd_sc_hd__buf_1)
                  0.08    0.11    1.72 v input1/X (sky130_fd_sc_hd__buf_1)
     2    0.01                           net1 (net)
                  0.08    0.00    1.72 v fanout14/A (sky130_fd_sc_hd__clkbuf_2)
                  0.08    0.16    1.88 v fanout14/X (sky130_fd_sc_hd__clkbuf_2)
     6    0.02                           net14 (net)
                  0.08    0.00    1.88 v fanout12/A (sky130_fd_sc_hd__clkbuf_4)
                  0.09    0.20    2.08 v fanout12/X (sky130_fd_sc_hd__clkbuf_4)
    10    0.04                           net12 (net)
                  0.09    0.00    2.08 v _1746_/A (sky130_fd_sc_hd__buf_4)
                  0.07    0.19    2.28 v _1746_/X (sky130_fd_sc_hd__buf_4)
    10    0.05                           _0558_ (net)
                  0.07    0.00    2.28 v _1902_/A (sky130_fd_sc_hd__buf_4)
                  0.08    0.19    2.47 v _1902_/X (sky130_fd_sc_hd__buf_4)
    10    0.05                           _0639_ (net)
                  0.08    0.00    2.47 v _1910_/A (sky130_fd_sc_hd__inv_2)
                  0.03    0.05    2.52 ^ _1910_/Y (sky130_fd_sc_hd__inv_2)
     1    0.00                           _0104_ (net)
                  0.03    0.00    2.52 ^ _2257_/RESET_B (sky130_fd_sc_hd__dfrtp_2)
                                  2.52   data arrival time

                  0.15    0.00    0.00   clock clk (rise edge)
                          0.00    0.00   clock network delay (ideal)
                          0.25    0.25   clock uncertainty
                          0.00    0.25   clock reconvergence pessimism
                                  0.25 ^ _2257_/CLK (sky130_fd_sc_hd__dfrtp_2)
                          0.35    0.60   library removal time
                                  0.60   data required time
-----------------------------------------------------------------------------
                                  0.60   data required time
                                 -2.52   data arrival time
-----------------------------------------------------------------------------
                                  1.93   slack (MET)


Startpoint: heartbeat_fc (input port clocked by clk)
Endpoint: _2259_ (removal check against rising-edge clock clk)
Path Group: asynchronous
Path Type: min

Fanout     Cap    Slew   Delay    Time   Description
-----------------------------------------------------------------------------
                  0.15    0.00    0.00   clock clk (rise edge)
                          0.00    0.00   clock network delay (ideal)
                          1.60    1.60 v input external delay
                  0.01    0.00    1.60 v heartbeat_fc (in)
     1    0.00                           heartbeat_fc (net)
                  0.01    0.00    1.60 v input1/A (sky130_fd_sc_hd__buf_1)
                  0.08    0.11    1.72 v input1/X (sky130_fd_sc_hd__buf_1)
     2    0.01                           net1 (net)
                  0.08    0.00    1.72 v fanout14/A (sky130_fd_sc_hd__clkbuf_2)
                  0.08    0.16    1.88 v fanout14/X (sky130_fd_sc_hd__clkbuf_2)
     6    0.02                           net14 (net)
                  0.08    0.00    1.88 v fanout12/A (sky130_fd_sc_hd__clkbuf_4)
                  0.09    0.20    2.08 v fanout12/X (sky130_fd_sc_hd__clkbuf_4)
    10    0.04                           net12 (net)
                  0.09    0.00    2.08 v _1746_/A (sky130_fd_sc_hd__buf_4)
                  0.07    0.19    2.28 v _1746_/X (sky130_fd_sc_hd__buf_4)
    10    0.05                           _0558_ (net)
                  0.07    0.00    2.28 v _1902_/A (sky130_fd_sc_hd__buf_4)
                  0.08    0.19    2.47 v _1902_/X (sky130_fd_sc_hd__buf_4)
    10    0.05                           _0639_ (net)
                  0.08    0.00    2.47 v _1912_/A (sky130_fd_sc_hd__inv_2)
                  0.03    0.05    2.52 ^ _1912_/Y (sky130_fd_sc_hd__inv_2)
     1    0.00                           _0106_ (net)
                  0.03    0.00    2.52 ^ _2259_/RESET_B (sky130_fd_sc_hd__dfrtp_1)
                                  2.52   data arrival time

                  0.15    0.00    0.00   clock clk (rise edge)
                          0.00    0.00   clock network delay (ideal)
                          0.25    0.25   clock uncertainty
                          0.00    0.25   clock reconvergence pessimism
                                  0.25 ^ _2259_/CLK (sky130_fd_sc_hd__dfrtp_1)
                          0.35    0.60   library removal time
                                  0.60   data required time
-----------------------------------------------------------------------------
                                  0.60   data required time
                                 -2.52   data arrival time
-----------------------------------------------------------------------------
                                  1.93   slack (MET)


Startpoint: heartbeat_fc (input port clocked by clk)
Endpoint: _2258_ (removal check against rising-edge clock clk)
Path Group: asynchronous
Path Type: min

Fanout     Cap    Slew   Delay    Time   Description
-----------------------------------------------------------------------------
                  0.15    0.00    0.00   clock clk (rise edge)
                          0.00    0.00   clock network delay (ideal)
                          1.60    1.60 v input external delay
                  0.01    0.00    1.60 v heartbeat_fc (in)
     1    0.00                           heartbeat_fc (net)
                  0.01    0.00    1.60 v input1/A (sky130_fd_sc_hd__buf_1)
                  0.08    0.11    1.72 v input1/X (sky130_fd_sc_hd__buf_1)
     2    0.01                           net1 (net)
                  0.08    0.00    1.72 v fanout14/A (sky130_fd_sc_hd__clkbuf_2)
                  0.08    0.16    1.88 v fanout14/X (sky130_fd_sc_hd__clkbuf_2)
     6    0.02                           net14 (net)
                  0.08    0.00    1.88 v fanout12/A (sky130_fd_sc_hd__clkbuf_4)
                  0.09    0.20    2.08 v fanout12/X (sky130_fd_sc_hd__clkbuf_4)
    10    0.04                           net12 (net)
                  0.09    0.00    2.08 v _1746_/A (sky130_fd_sc_hd__buf_4)
                  0.07    0.19    2.28 v _1746_/X (sky130_fd_sc_hd__buf_4)
    10    0.05                           _0558_ (net)
                  0.07    0.00    2.28 v _1902_/A (sky130_fd_sc_hd__buf_4)
                  0.08    0.19    2.47 v _1902_/X (sky130_fd_sc_hd__buf_4)
    10    0.05                           _0639_ (net)
                  0.08    0.00    2.47 v _1911_/A (sky130_fd_sc_hd__inv_2)
                  0.03    0.05    2.52 ^ _1911_/Y (sky130_fd_sc_hd__inv_2)
     1    0.00                           _0105_ (net)
                  0.03    0.00    2.52 ^ _2258_/RESET_B (sky130_fd_sc_hd__dfrtp_1)
                                  2.52   data arrival time

                  0.15    0.00    0.00   clock clk (rise edge)
                          0.00    0.00   clock network delay (ideal)
                          0.25    0.25   clock uncertainty
                          0.00    0.25   clock reconvergence pessimism
                                  0.25 ^ _2258_/CLK (sky130_fd_sc_hd__dfrtp_1)
                          0.35    0.60   library removal time
                                  0.60   data required time
-----------------------------------------------------------------------------
                                  0.60   data required time
                                 -2.52   data arrival time
-----------------------------------------------------------------------------
                                  1.93   slack (MET)


Startpoint: heartbeat_fc (input port clocked by clk)
Endpoint: _2250_ (removal check against rising-edge clock clk)
Path Group: asynchronous
Path Type: min

Fanout     Cap    Slew   Delay    Time   Description
-----------------------------------------------------------------------------
                  0.15    0.00    0.00   clock clk (rise edge)
                          0.00    0.00   clock network delay (ideal)
                          1.60    1.60 v input external delay
                  0.01    0.00    1.60 v heartbeat_fc (in)
     1    0.00                           heartbeat_fc (net)
                  0.01    0.00    1.60 v input1/A (sky130_fd_sc_hd__buf_1)
                  0.08    0.11    1.72 v input1/X (sky130_fd_sc_hd__buf_1)
     2    0.01                           net1 (net)
                  0.08    0.00    1.72 v fanout14/A (sky130_fd_sc_hd__clkbuf_2)
                  0.08    0.16    1.88 v fanout14/X (sky130_fd_sc_hd__clkbuf_2)
     6    0.02                           net14 (net)
                  0.08    0.00    1.88 v fanout12/A (sky130_fd_sc_hd__clkbuf_4)
                  0.09    0.20    2.08 v fanout12/X (sky130_fd_sc_hd__clkbuf_4)
    10    0.04                           net12 (net)
                  0.09    0.00    2.08 v _1746_/A (sky130_fd_sc_hd__buf_4)
                  0.07    0.19    2.28 v _1746_/X (sky130_fd_sc_hd__buf_4)
    10    0.05                           _0558_ (net)
                  0.07    0.00    2.28 v _1902_/A (sky130_fd_sc_hd__buf_4)
                  0.08    0.19    2.47 v _1902_/X (sky130_fd_sc_hd__buf_4)
    10    0.05                           _0639_ (net)
                  0.08    0.00    2.47 v _1903_/A (sky130_fd_sc_hd__inv_2)
                  0.03    0.05    2.52 ^ _1903_/Y (sky130_fd_sc_hd__inv_2)
     1    0.00                           _0097_ (net)
                  0.03    0.00    2.52 ^ _2250_/RESET_B (sky130_fd_sc_hd__dfrtp_1)
                                  2.52   data arrival time

                  0.15    0.00    0.00   clock clk (rise edge)
                          0.00    0.00   clock network delay (ideal)
                          0.25    0.25   clock uncertainty
                          0.00    0.25   clock reconvergence pessimism
                                  0.25 ^ _2250_/CLK (sky130_fd_sc_hd__dfrtp_1)
                          0.35    0.60   library removal time
                                  0.60   data required time
-----------------------------------------------------------------------------
                                  0.60   data required time
                                 -2.52   data arrival time
-----------------------------------------------------------------------------
                                  1.93   slack (MET)


Startpoint: heartbeat_fc (input port clocked by clk)
Endpoint: _2256_ (removal check against rising-edge clock clk)
Path Group: asynchronous
Path Type: min

Fanout     Cap    Slew   Delay    Time   Description
-----------------------------------------------------------------------------
                  0.15    0.00    0.00   clock clk (rise edge)
                          0.00    0.00   clock network delay (ideal)
                          1.60    1.60 v input external delay
                  0.01    0.00    1.60 v heartbeat_fc (in)
     1    0.00                           heartbeat_fc (net)
                  0.01    0.00    1.60 v input1/A (sky130_fd_sc_hd__buf_1)
                  0.08    0.11    1.72 v input1/X (sky130_fd_sc_hd__buf_1)
     2    0.01                           net1 (net)
                  0.08    0.00    1.72 v fanout14/A (sky130_fd_sc_hd__clkbuf_2)
                  0.08    0.16    1.88 v fanout14/X (sky130_fd_sc_hd__clkbuf_2)
     6    0.02                           net14 (net)
                  0.08    0.00    1.88 v fanout12/A (sky130_fd_sc_hd__clkbuf_4)
                  0.09    0.20    2.08 v fanout12/X (sky130_fd_sc_hd__clkbuf_4)
    10    0.04                           net12 (net)
                  0.09    0.00    2.08 v _1746_/A (sky130_fd_sc_hd__buf_4)
                  0.07    0.19    2.28 v _1746_/X (sky130_fd_sc_hd__buf_4)
    10    0.05                           _0558_ (net)
                  0.07    0.00    2.28 v _1902_/A (sky130_fd_sc_hd__buf_4)
                  0.08    0.19    2.47 v _1902_/X (sky130_fd_sc_hd__buf_4)
    10    0.05                           _0639_ (net)
                  0.08    0.00    2.47 v _1909_/A (sky130_fd_sc_hd__inv_2)
                  0.03    0.05    2.52 ^ _1909_/Y (sky130_fd_sc_hd__inv_2)
     1    0.00                           _0103_ (net)
                  0.03    0.00    2.52 ^ _2256_/RESET_B (sky130_fd_sc_hd__dfrtp_1)
                                  2.52   data arrival time

                  0.15    0.00    0.00   clock clk (rise edge)
                          0.00    0.00   clock network delay (ideal)
                          0.25    0.25   clock uncertainty
                          0.00    0.25   clock reconvergence pessimism
                                  0.25 ^ _2256_/CLK (sky130_fd_sc_hd__dfrtp_1)
                          0.35    0.60   library removal time
                                  0.60   data required time
-----------------------------------------------------------------------------
                                  0.60   data required time
                                 -2.52   data arrival time
-----------------------------------------------------------------------------
                                  1.93   slack (MET)


Startpoint: heartbeat_fc (input port clocked by clk)
Endpoint: _2255_ (removal check against rising-edge clock clk)
Path Group: asynchronous
Path Type: min

Fanout     Cap    Slew   Delay    Time   Description
-----------------------------------------------------------------------------
                  0.15    0.00    0.00   clock clk (rise edge)
                          0.00    0.00   clock network delay (ideal)
                          1.60    1.60 v input external delay
                  0.01    0.00    1.60 v heartbeat_fc (in)
     1    0.00                           heartbeat_fc (net)
                  0.01    0.00    1.60 v input1/A (sky130_fd_sc_hd__buf_1)
                  0.08    0.11    1.72 v input1/X (sky130_fd_sc_hd__buf_1)
     2    0.01                           net1 (net)
                  0.08    0.00    1.72 v fanout14/A (sky130_fd_sc_hd__clkbuf_2)
                  0.08    0.16    1.88 v fanout14/X (sky130_fd_sc_hd__clkbuf_2)
     6    0.02                           net14 (net)
                  0.08    0.00    1.88 v fanout12/A (sky130_fd_sc_hd__clkbuf_4)
                  0.09    0.20    2.08 v fanout12/X (sky130_fd_sc_hd__clkbuf_4)
    10    0.04                           net12 (net)
                  0.09    0.00    2.08 v _1746_/A (sky130_fd_sc_hd__buf_4)
                  0.07    0.19    2.28 v _1746_/X (sky130_fd_sc_hd__buf_4)
    10    0.05                           _0558_ (net)
                  0.07    0.00    2.28 v _1902_/A (sky130_fd_sc_hd__buf_4)
                  0.08    0.19    2.47 v _1902_/X (sky130_fd_sc_hd__buf_4)
    10    0.05                           _0639_ (net)
                  0.08    0.00    2.47 v _1908_/A (sky130_fd_sc_hd__inv_2)
                  0.03    0.06    2.52 ^ _1908_/Y (sky130_fd_sc_hd__inv_2)
     1    0.00                           _0102_ (net)
                  0.03    0.00    2.52 ^ _2255_/RESET_B (sky130_fd_sc_hd__dfrtp_1)
                                  2.52   data arrival time

                  0.15    0.00    0.00   clock clk (rise edge)
                          0.00    0.00   clock network delay (ideal)
                          0.25    0.25   clock uncertainty
                          0.00    0.25   clock reconvergence pessimism
                                  0.25 ^ _2255_/CLK (sky130_fd_sc_hd__dfrtp_1)
                          0.35    0.60   library removal time
                                  0.60   data required time
-----------------------------------------------------------------------------
                                  0.60   data required time
                                 -2.52   data arrival time
-----------------------------------------------------------------------------
                                  1.93   slack (MET)


Startpoint: heartbeat_fc (input port clocked by clk)
Endpoint: _2147_ (removal check against rising-edge clock clk)
Path Group: asynchronous
Path Type: min

Fanout     Cap    Slew   Delay    Time   Description
-----------------------------------------------------------------------------
                  0.15    0.00    0.00   clock clk (rise edge)
                          0.00    0.00   clock network delay (ideal)
                          1.60    1.60 v input external delay
                  0.01    0.00    1.60 v heartbeat_fc (in)
     1    0.00                           heartbeat_fc (net)
                  0.01    0.00    1.60 v input1/A (sky130_fd_sc_hd__buf_1)
                  0.08    0.11    1.72 v input1/X (sky130_fd_sc_hd__buf_1)
     2    0.01                           net1 (net)
                  0.08    0.00    1.72 v fanout14/A (sky130_fd_sc_hd__clkbuf_2)
                  0.08    0.16    1.88 v fanout14/X (sky130_fd_sc_hd__clkbuf_2)
     6    0.02                           net14 (net)
                  0.08    0.00    1.88 v fanout12/A (sky130_fd_sc_hd__clkbuf_4)
                  0.09    0.20    2.08 v fanout12/X (sky130_fd_sc_hd__clkbuf_4)
    10    0.04                           net12 (net)
                  0.09    0.00    2.08 v _1746_/A (sky130_fd_sc_hd__buf_4)
                  0.07    0.19    2.28 v _1746_/X (sky130_fd_sc_hd__buf_4)
    10    0.05                           _0558_ (net)
                  0.07    0.00    2.28 v _1747_/A (sky130_fd_sc_hd__buf_4)
                  0.08    0.19    2.46 v _1747_/X (sky130_fd_sc_hd__buf_4)
    10    0.05                           _0559_ (net)
                  0.08    0.00    2.47 v _1748_/A (sky130_fd_sc_hd__inv_2)
                  0.03    0.05    2.52 ^ _1748_/Y (sky130_fd_sc_hd__inv_2)
     1    0.00                           _0057_ (net)
                  0.03    0.00    2.52 ^ _2147_/SET_B (sky130_fd_sc_hd__dfstp_1)
                                  2.52   data arrival time

                  0.15    0.00    0.00   clock clk (rise edge)
                          0.00    0.00   clock network delay (ideal)
                          0.25    0.25   clock uncertainty
                          0.00    0.25   clock reconvergence pessimism
                                  0.25 ^ _2147_/CLK (sky130_fd_sc_hd__dfstp_1)
                          0.18    0.43   library removal time
                                  0.43   data required time
-----------------------------------------------------------------------------
                                  0.43   data required time
                                 -2.52   data arrival time
-----------------------------------------------------------------------------
                                  2.08   slack (MET)


Startpoint: heartbeat_fc (input port clocked by clk)
Endpoint: _2149_ (removal check against rising-edge clock clk)
Path Group: asynchronous
Path Type: min

Fanout     Cap    Slew   Delay    Time   Description
-----------------------------------------------------------------------------
                  0.15    0.00    0.00   clock clk (rise edge)
                          0.00    0.00   clock network delay (ideal)
                          1.60    1.60 v input external delay
                  0.01    0.00    1.60 v heartbeat_fc (in)
     1    0.00                           heartbeat_fc (net)
                  0.01    0.00    1.60 v input1/A (sky130_fd_sc_hd__buf_1)
                  0.08    0.11    1.72 v input1/X (sky130_fd_sc_hd__buf_1)
     2    0.01                           net1 (net)
                  0.08    0.00    1.72 v fanout14/A (sky130_fd_sc_hd__clkbuf_2)
                  0.08    0.16    1.88 v fanout14/X (sky130_fd_sc_hd__clkbuf_2)
     6    0.02                           net14 (net)
                  0.08    0.00    1.88 v fanout12/A (sky130_fd_sc_hd__clkbuf_4)
                  0.09    0.20    2.08 v fanout12/X (sky130_fd_sc_hd__clkbuf_4)
    10    0.04                           net12 (net)
                  0.09    0.00    2.08 v _1746_/A (sky130_fd_sc_hd__buf_4)
                  0.07    0.19    2.28 v _1746_/X (sky130_fd_sc_hd__buf_4)
    10    0.05                           _0558_ (net)
                  0.07    0.00    2.28 v _1747_/A (sky130_fd_sc_hd__buf_4)
                  0.08    0.19    2.46 v _1747_/X (sky130_fd_sc_hd__buf_4)
    10    0.05                           _0559_ (net)
                  0.08    0.00    2.47 v _1750_/A (sky130_fd_sc_hd__inv_2)
                  0.03    0.05    2.52 ^ _1750_/Y (sky130_fd_sc_hd__inv_2)
     1    0.00                           _0059_ (net)
                  0.03    0.00    2.52 ^ _2149_/SET_B (sky130_fd_sc_hd__dfstp_1)
                                  2.52   data arrival time

                  0.15    0.00    0.00   clock clk (rise edge)
                          0.00    0.00   clock network delay (ideal)
                          0.25    0.25   clock uncertainty
                          0.00    0.25   clock reconvergence pessimism
                                  0.25 ^ _2149_/CLK (sky130_fd_sc_hd__dfstp_1)
                          0.19    0.44   library removal time
                                  0.44   data required time
-----------------------------------------------------------------------------
                                  0.44   data required time
                                 -2.52   data arrival time
-----------------------------------------------------------------------------
                                  2.08   slack (MET)



